scenario,plant,lcoe_usd_per_mwh,willingness_usd_per_mwh,additional_support_usd_per_mwh,contracted_mwh,plant_contract_support_usd,cumulative_contract_support_usd
A,1,110.0,240,0,15768000.0,0.0,0.0
A,2,88.0,240,0,15768000.0,0.0,0.0
A,3,77.23140730564162,240,0,15768000.0,0.0,0.0
A,4,70.40000000000002,240,0,15768000.0,0.0,0.0
A,5,65.52010779740587,140,0,15768000.0,0.0,0.0
A,6,65,140,0,15768000.0,0.0,0.0
A,7,65,140,0,15768000.0,0.0,0.0
A,8,65,140,0,15768000.0,0.0,0.0
A,9,65,140,0,15768000.0,0.0,0.0
A,10,65,140,0,15768000.0,0.0,0.0
A,11,65,140,0,15768000.0,0.0,0.0
A,12,65,140,0,15768000.0,0.0,0.0
A,13,65,140,0,15768000.0,0.0,0.0
A,14,65,140,0,15768000.0,0.0,0.0
A,15,65,140,0,15768000.0,0.0,0.0
A,16,65,140,0,15768000.0,0.0,0.0
A,17,65,80,0,15768000.0,0.0,0.0
A,18,65,80,0,15768000.0,0.0,0.0
A,19,65,80,0,15768000.0,0.0,0.0
A,20,65,80,0,15768000.0,0.0,0.0
A,21,65,80,0,15768000.0,0.0,0.0
A,22,65,80,0,15768000.0,0.0,0.0
A,23,65,80,0,15768000.0,0.0,0.0
A,24,65,80,0,15768000.0,0.0,0.0
A,25,65,80,0,15768000.0,0.0,0.0
A,26,65,80,0,15768000.0,0.0,0.0
A,27,65,80,0,15768000.0,0.0,0.0
A,28,65,80,0,15768000.0,0.0,0.0
A,29,65,80,0,15768000.0,0.0,0.0
A,30,65,80,0,15768000.0,0.0,0.0
A,31,65,80,0,15768000.0,0.0,0.0
A,32,65,80,0,15768000.0,0.0,0.0
A,33,65,80,0,15768000.0,0.0,0.0
A,34,65,80,0,15768000.0,0.0,0.0
A,35,65,80,0,15768000.0,0.0,0.0
A,36,65,80,0,15768000.0,0.0,0.0
A,37,65,80,0,15768000.0,0.0,0.0
A,38,65,80,0,15768000.0,0.0,0.0
A,39,65,80,0,15768000.0,0.0,0.0
A,40,65,80,0,15768000.0,0.0,0.0
A,41,65,80,0,15768000.0,0.0,0.0
A,42,65,80,0,15768000.0,0.0,0.0
A,43,65,80,0,15768000.0,0.0,0.0
A,44,65,80,0,15768000.0,0.0,0.0
A,45,65,80,0,15768000.0,0.0,0.0
A,46,65,80,0,15768000.0,0.0,0.0
A,47,65,80,0,15768000.0,0.0,0.0
A,48,65,80,0,15768000.0,0.0,0.0
A,49,65,80,0,15768000.0,0.0,0.0
A,50,65,80,0,15768000.0,0.0,0.0
A,51,65,80,0,15768000.0,0.0,0.0
A,52,65,80,0,15768000.0,0.0,0.0
A,53,65,80,0,15768000.0,0.0,0.0
A,54,65,80,0,15768000.0,0.0,0.0
A,55,65,80,0,15768000.0,0.0,0.0
A,56,65,80,0,15768000.0,0.0,0.0
A,57,65,80,0,15768000.0,0.0,0.0
A,58,65,80,0,15768000.0,0.0,0.0
A,59,65,80,0,15768000.0,0.0,0.0
A,60,65,80,0,15768000.0,0.0,0.0
A,61,65,80,0,15768000.0,0.0,0.0
A,62,65,80,0,15768000.0,0.0,0.0
A,63,65,80,0,15768000.0,0.0,0.0
A,64,65,80,0,15768000.0,0.0,0.0
A,65,65,80,0,15768000.0,0.0,0.0
A,66,65,80,0,15768000.0,0.0,0.0
A,67,65,80,0,15768000.0,0.0,0.0
A,68,65,80,0,15768000.0,0.0,0.0
A,69,65,80,0,15768000.0,0.0,0.0
A,70,65,80,0,15768000.0,0.0,0.0
A,71,65,80,0,15768000.0,0.0,0.0
A,72,65,80,0,15768000.0,0.0,0.0
A,73,65,80,0,15768000.0,0.0,0.0
A,74,65,80,0,15768000.0,0.0,0.0
A,75,65,80,0,15768000.0,0.0,0.0
A,76,65,80,0,15768000.0,0.0,0.0
A,77,65,80,0,15768000.0,0.0,0.0
A,78,65,80,0,15768000.0,0.0,0.0
A,79,65,80,0,15768000.0,0.0,0.0
A,80,65,80,0,15768000.0,0.0,0.0
A,81,65,80,0,15768000.0,0.0,0.0
A,82,65,80,0,15768000.0,0.0,0.0
A,83,65,80,0,15768000.0,0.0,0.0
A,84,65,80,0,15768000.0,0.0,0.0
A,85,65,80,0,15768000.0,0.0,0.0
A,86,65,80,0,15768000.0,0.0,0.0
A,87,65,80,0,15768000.0,0.0,0.0
A,88,65,80,0,15768000.0,0.0,0.0
A,89,65,80,0,15768000.0,0.0,0.0
A,90,65,80,0,15768000.0,0.0,0.0
A,91,65,80,0,15768000.0,0.0,0.0
A,92,65,80,0,15768000.0,0.0,0.0
A,93,65,80,0,15768000.0,0.0,0.0
A,94,65,80,0,15768000.0,0.0,0.0
A,95,65,80,0,15768000.0,0.0,0.0
A,96,65,80,0,15768000.0,0.0,0.0
A,97,65,80,0,15768000.0,0.0,0.0
A,98,65,80,0,15768000.0,0.0,0.0
A,99,65,80,0,15768000.0,0.0,0.0
A,100,65,80,0,15768000.0,0.0,0.0
A,101,65,80,0,15768000.0,0.0,0.0
A,102,65,80,0,15768000.0,0.0,0.0
A,103,65,80,0,15768000.0,0.0,0.0
A,104,65,80,0,15768000.0,0.0,0.0
A,105,65,80,0,15768000.0,0.0,0.0
A,106,65,80,0,15768000.0,0.0,0.0
A,107,65,80,0,15768000.0,0.0,0.0
A,108,65,80,0,15768000.0,0.0,0.0
A,109,65,80,0,15768000.0,0.0,0.0
A,110,65,80,0,15768000.0,0.0,0.0
A,111,65,80,0,15768000.0,0.0,0.0
A,112,65,80,0,15768000.0,0.0,0.0
A,113,65,80,0,15768000.0,0.0,0.0
A,114,65,80,0,15768000.0,0.0,0.0
A,115,65,80,0,15768000.0,0.0,0.0
A,116,65,80,0,15768000.0,0.0,0.0
A,117,65,80,0,15768000.0,0.0,0.0
A,118,65,80,0,15768000.0,0.0,0.0
A,119,65,80,0,15768000.0,0.0,0.0
A,120,65,80,0,15768000.0,0.0,0.0
A,121,65,80,0,15768000.0,0.0,0.0
A,122,65,80,0,15768000.0,0.0,0.0
A,123,65,80,0,15768000.0,0.0,0.0
A,124,65,80,0,15768000.0,0.0,0.0
A,125,65,80,0,15768000.0,0.0,0.0
A,126,65,80,0,15768000.0,0.0,0.0
A,127,65,80,0,15768000.0,0.0,0.0
A,128,65,80,0,15768000.0,0.0,0.0
A,129,65,80,0,15768000.0,0.0,0.0
A,130,65,80,0,15768000.0,0.0,0.0
A,131,65,80,0,15768000.0,0.0,0.0
A,132,65,80,0,15768000.0,0.0,0.0
A,133,65,80,0,15768000.0,0.0,0.0
A,134,65,80,0,15768000.0,0.0,0.0
A,135,65,80,0,15768000.0,0.0,0.0
A,136,65,80,0,15768000.0,0.0,0.0
A,137,65,80,0,15768000.0,0.0,0.0
A,138,65,80,0,15768000.0,0.0,0.0
A,139,65,80,0,15768000.0,0.0,0.0
A,140,65,80,0,15768000.0,0.0,0.0
A,141,65,80,0,15768000.0,0.0,0.0
A,142,65,80,0,15768000.0,0.0,0.0
A,143,65,80,0,15768000.0,0.0,0.0
A,144,65,80,0,15768000.0,0.0,0.0
A,145,65,80,0,15768000.0,0.0,0.0
A,146,65,80,0,15768000.0,0.0,0.0
A,147,65,80,0,15768000.0,0.0,0.0
A,148,65,80,0,15768000.0,0.0,0.0
A,149,65,80,0,15768000.0,0.0,0.0
A,150,65,80,0,15768000.0,0.0,0.0
A,151,65,80,0,15768000.0,0.0,0.0
A,152,65,80,0,15768000.0,0.0,0.0
A,153,65,80,0,15768000.0,0.0,0.0
A,154,65,80,0,15768000.0,0.0,0.0
A,155,65,80,0,15768000.0,0.0,0.0
A,156,65,80,0,15768000.0,0.0,0.0
A,157,65,80,0,15768000.0,0.0,0.0
A,158,65,80,0,15768000.0,0.0,0.0
A,159,65,80,0,15768000.0,0.0,0.0
A,160,65,80,0,15768000.0,0.0,0.0
A,161,65,80,0,15768000.0,0.0,0.0
A,162,65,80,0,15768000.0,0.0,0.0
A,163,65,80,0,15768000.0,0.0,0.0
A,164,65,80,0,15768000.0,0.0,0.0
A,165,65,80,0,15768000.0,0.0,0.0
A,166,65,80,0,15768000.0,0.0,0.0
A,167,65,80,0,15768000.0,0.0,0.0
A,168,65,80,0,15768000.0,0.0,0.0
A,169,65,80,0,15768000.0,0.0,0.0
A,170,65,80,0,15768000.0,0.0,0.0
A,171,65,80,0,15768000.0,0.0,0.0
A,172,65,80,0,15768000.0,0.0,0.0
A,173,65,80,0,15768000.0,0.0,0.0
A,174,65,80,0,15768000.0,0.0,0.0
A,175,65,80,0,15768000.0,0.0,0.0
A,176,65,80,0,15768000.0,0.0,0.0
A,177,65,80,0,15768000.0,0.0,0.0
A,178,65,80,0,15768000.0,0.0,0.0
A,179,65,80,0,15768000.0,0.0,0.0
A,180,65,80,0,15768000.0,0.0,0.0
A,181,65,80,0,15768000.0,0.0,0.0
A,182,65,80,0,15768000.0,0.0,0.0
A,183,65,80,0,15768000.0,0.0,0.0
A,184,65,80,0,15768000.0,0.0,0.0
A,185,65,80,0,15768000.0,0.0,0.0
A,186,65,80,0,15768000.0,0.0,0.0
A,187,65,80,0,15768000.0,0.0,0.0
A,188,65,80,0,15768000.0,0.0,0.0
A,189,65,80,0,15768000.0,0.0,0.0
A,190,65,80,0,15768000.0,0.0,0.0
A,191,65,80,0,15768000.0,0.0,0.0
A,192,65,80,0,15768000.0,0.0,0.0
A,193,65,80,0,15768000.0,0.0,0.0
A,194,65,80,0,15768000.0,0.0,0.0
A,195,65,80,0,15768000.0,0.0,0.0
A,196,65,80,0,15768000.0,0.0,0.0
A,197,65,80,0,15768000.0,0.0,0.0
A,198,65,80,0,15768000.0,0.0,0.0
A,199,65,80,0,15768000.0,0.0,0.0
A,200,65,80,0,15768000.0,0.0,0.0
A,201,65,80,0,15768000.0,0.0,0.0
A,202,65,80,0,15768000.0,0.0,0.0
A,203,65,80,0,15768000.0,0.0,0.0
A,204,65,80,0,15768000.0,0.0,0.0
A,205,65,80,0,15768000.0,0.0,0.0
A,206,65,80,0,15768000.0,0.0,0.0
A,207,65,80,0,15768000.0,0.0,0.0
A,208,65,80,0,15768000.0,0.0,0.0
A,209,65,80,0,15768000.0,0.0,0.0
A,210,65,80,0,15768000.0,0.0,0.0
A,211,65,80,0,15768000.0,0.0,0.0
A,212,65,80,0,15768000.0,0.0,0.0
A,213,65,80,0,15768000.0,0.0,0.0
A,214,65,80,0,15768000.0,0.0,0.0
A,215,65,80,0,15768000.0,0.0,0.0
A,216,65,80,0,15768000.0,0.0,0.0
A,217,65,80,0,15768000.0,0.0,0.0
A,218,65,80,0,15768000.0,0.0,0.0
A,219,65,80,0,15768000.0,0.0,0.0
A,220,65,80,0,15768000.0,0.0,0.0
A,221,65,80,0,15768000.0,0.0,0.0
A,222,65,80,0,15768000.0,0.0,0.0
A,223,65,80,0,15768000.0,0.0,0.0
A,224,65,80,0,15768000.0,0.0,0.0
A,225,65,80,0,15768000.0,0.0,0.0
A,226,65,80,0,15768000.0,0.0,0.0
A,227,65,80,0,15768000.0,0.0,0.0
A,228,65,80,0,15768000.0,0.0,0.0
A,229,65,80,0,15768000.0,0.0,0.0
A,230,65,80,0,15768000.0,0.0,0.0
A,231,65,80,0,15768000.0,0.0,0.0
A,232,65,80,0,15768000.0,0.0,0.0
A,233,65,80,0,15768000.0,0.0,0.0
A,234,65,80,0,15768000.0,0.0,0.0
A,235,65,80,0,15768000.0,0.0,0.0
A,236,65,80,0,15768000.0,0.0,0.0
A,237,65,80,0,15768000.0,0.0,0.0
A,238,65,80,0,15768000.0,0.0,0.0
A,239,65,80,0,15768000.0,0.0,0.0
A,240,65,80,0,15768000.0,0.0,0.0
A,241,65,80,0,15768000.0,0.0,0.0
A,242,65,80,0,15768000.0,0.0,0.0
A,243,65,80,0,15768000.0,0.0,0.0
A,244,65,80,0,15768000.0,0.0,0.0
A,245,65,80,0,15768000.0,0.0,0.0
A,246,65,80,0,15768000.0,0.0,0.0
A,247,65,80,0,15768000.0,0.0,0.0
A,248,65,80,0,15768000.0,0.0,0.0
A,249,65,80,0,15768000.0,0.0,0.0
A,250,65,80,0,15768000.0,0.0,0.0
A,251,65,80,0,15768000.0,0.0,0.0
A,252,65,80,0,15768000.0,0.0,0.0
A,253,65,80,0,15768000.0,0.0,0.0
A,254,65,80,0,15768000.0,0.0,0.0
A,255,65,80,0,15768000.0,0.0,0.0
A,256,65,80,0,15768000.0,0.0,0.0
A,257,65,80,0,15768000.0,0.0,0.0
A,258,65,80,0,15768000.0,0.0,0.0
A,259,65,80,0,15768000.0,0.0,0.0
A,260,65,80,0,15768000.0,0.0,0.0
A,261,65,80,0,15768000.0,0.0,0.0
A,262,65,80,0,15768000.0,0.0,0.0
A,263,65,80,0,15768000.0,0.0,0.0
A,264,65,80,0,15768000.0,0.0,0.0
A,265,65,80,0,15768000.0,0.0,0.0
A,266,65,80,0,15768000.0,0.0,0.0
A,267,65,80,0,15768000.0,0.0,0.0
A,268,65,80,0,15768000.0,0.0,0.0
A,269,65,80,0,15768000.0,0.0,0.0
A,270,65,80,0,15768000.0,0.0,0.0
A,271,65,80,0,15768000.0,0.0,0.0
A,272,65,80,0,15768000.0,0.0,0.0
A,273,65,80,0,15768000.0,0.0,0.0
A,274,65,80,0,15768000.0,0.0,0.0
A,275,65,80,0,15768000.0,0.0,0.0
A,276,65,80,0,15768000.0,0.0,0.0
A,277,65,80,0,15768000.0,0.0,0.0
A,278,65,80,0,15768000.0,0.0,0.0
A,279,65,80,0,15768000.0,0.0,0.0
A,280,65,80,0,15768000.0,0.0,0.0
A,281,65,80,0,15768000.0,0.0,0.0
A,282,65,80,0,15768000.0,0.0,0.0
A,283,65,80,0,15768000.0,0.0,0.0
A,284,65,80,0,15768000.0,0.0,0.0
A,285,65,80,0,15768000.0,0.0,0.0
A,286,65,80,0,15768000.0,0.0,0.0
A,287,65,80,0,15768000.0,0.0,0.0
A,288,65,80,0,15768000.0,0.0,0.0
A,289,65,80,0,15768000.0,0.0,0.0
A,290,65,80,0,15768000.0,0.0,0.0
A,291,65,80,0,15768000.0,0.0,0.0
A,292,65,80,0,15768000.0,0.0,0.0
A,293,65,80,0,15768000.0,0.0,0.0
A,294,65,80,0,15768000.0,0.0,0.0
A,295,65,80,0,15768000.0,0.0,0.0
A,296,65,80,0,15768000.0,0.0,0.0
A,297,65,80,0,15768000.0,0.0,0.0
A,298,65,80,0,15768000.0,0.0,0.0
A,299,65,80,0,15768000.0,0.0,0.0
A,300,65,80,0,15768000.0,0.0,0.0
A,301,65,80,0,15768000.0,0.0,0.0
A,302,65,80,0,15768000.0,0.0,0.0
A,303,65,80,0,15768000.0,0.0,0.0
A,304,65,80,0,15768000.0,0.0,0.0
A,305,65,80,0,15768000.0,0.0,0.0
A,306,65,80,0,15768000.0,0.0,0.0
A,307,65,80,0,15768000.0,0.0,0.0
A,308,65,80,0,15768000.0,0.0,0.0
A,309,65,80,0,15768000.0,0.0,0.0
A,310,65,80,0,15768000.0,0.0,0.0
A,311,65,80,0,15768000.0,0.0,0.0
A,312,65,80,0,15768000.0,0.0,0.0
A,313,65,80,0,15768000.0,0.0,0.0
A,314,65,80,0,15768000.0,0.0,0.0
A,315,65,80,0,15768000.0,0.0,0.0
A,316,65,80,0,15768000.0,0.0,0.0
A,317,65,80,0,15768000.0,0.0,0.0
A,318,65,80,0,15768000.0,0.0,0.0
A,319,65,80,0,15768000.0,0.0,0.0
A,320,65,80,0,15768000.0,0.0,0.0
A,321,65,80,0,15768000.0,0.0,0.0
A,322,65,80,0,15768000.0,0.0,0.0
A,323,65,80,0,15768000.0,0.0,0.0
A,324,65,80,0,15768000.0,0.0,0.0
A,325,65,80,0,15768000.0,0.0,0.0
A,326,65,80,0,15768000.0,0.0,0.0
A,327,65,80,0,15768000.0,0.0,0.0
A,328,65,80,0,15768000.0,0.0,0.0
A,329,65,80,0,15768000.0,0.0,0.0
A,330,65,80,0,15768000.0,0.0,0.0
A,331,65,80,0,15768000.0,0.0,0.0
A,332,65,80,0,15768000.0,0.0,0.0
A,333,65,80,0,15768000.0,0.0,0.0
A,334,65,80,0,15768000.0,0.0,0.0
A,335,65,80,0,15768000.0,0.0,0.0
A,336,65,80,0,15768000.0,0.0,0.0
A,337,65,80,0,15768000.0,0.0,0.0
A,338,65,80,0,15768000.0,0.0,0.0
A,339,65,80,0,15768000.0,0.0,0.0
A,340,65,80,0,15768000.0,0.0,0.0
A,341,65,80,0,15768000.0,0.0,0.0
A,342,65,80,0,15768000.0,0.0,0.0
A,343,65,80,0,15768000.0,0.0,0.0
A,344,65,80,0,15768000.0,0.0,0.0
A,345,65,80,0,15768000.0,0.0,0.0
A,346,65,80,0,15768000.0,0.0,0.0
A,347,65,80,0,15768000.0,0.0,0.0
A,348,65,80,0,15768000.0,0.0,0.0
A,349,65,80,0,15768000.0,0.0,0.0
A,350,65,80,0,15768000.0,0.0,0.0
A,351,65,80,0,15768000.0,0.0,0.0
A,352,65,80,0,15768000.0,0.0,0.0
A,353,65,80,0,15768000.0,0.0,0.0
A,354,65,80,0,15768000.0,0.0,0.0
A,355,65,80,0,15768000.0,0.0,0.0
A,356,65,80,0,15768000.0,0.0,0.0
A,357,65,80,0,15768000.0,0.0,0.0
A,358,65,80,0,15768000.0,0.0,0.0
A,359,65,80,0,15768000.0,0.0,0.0
A,360,65,80,0,15768000.0,0.0,0.0
A,361,65,80,0,15768000.0,0.0,0.0
A,362,65,80,0,15768000.0,0.0,0.0
A,363,65,80,0,15768000.0,0.0,0.0
A,364,65,80,0,15768000.0,0.0,0.0
A,365,65,80,0,15768000.0,0.0,0.0
A,366,65,80,0,15768000.0,0.0,0.0
A,367,65,80,0,15768000.0,0.0,0.0
A,368,65,80,0,15768000.0,0.0,0.0
A,369,65,80,0,15768000.0,0.0,0.0
A,370,65,80,0,15768000.0,0.0,0.0
A,371,65,80,0,15768000.0,0.0,0.0
A,372,65,80,0,15768000.0,0.0,0.0
A,373,65,80,0,15768000.0,0.0,0.0
A,374,65,80,0,15768000.0,0.0,0.0
A,375,65,80,0,15768000.0,0.0,0.0
A,376,65,80,0,15768000.0,0.0,0.0
A,377,65,80,0,15768000.0,0.0,0.0
A,378,65,80,0,15768000.0,0.0,0.0
A,379,65,80,0,15768000.0,0.0,0.0
A,380,65,80,0,15768000.0,0.0,0.0
A,381,65,80,0,15768000.0,0.0,0.0
A,382,65,80,0,15768000.0,0.0,0.0
A,383,65,80,0,15768000.0,0.0,0.0
A,384,65,80,0,15768000.0,0.0,0.0
A,385,65,80,0,15768000.0,0.0,0.0
A,386,65,80,0,15768000.0,0.0,0.0
A,387,65,80,0,15768000.0,0.0,0.0
A,388,65,80,0,15768000.0,0.0,0.0
A,389,65,80,0,15768000.0,0.0,0.0
A,390,65,80,0,15768000.0,0.0,0.0
A,391,65,80,0,15768000.0,0.0,0.0
A,392,65,80,0,15768000.0,0.0,0.0
A,393,65,80,0,15768000.0,0.0,0.0
A,394,65,80,0,15768000.0,0.0,0.0
A,395,65,80,0,15768000.0,0.0,0.0
A,396,65,80,0,15768000.0,0.0,0.0
A,397,65,80,0,15768000.0,0.0,0.0
A,398,65,80,0,15768000.0,0.0,0.0
A,399,65,80,0,15768000.0,0.0,0.0
A,400,65,80,0,15768000.0,0.0,0.0
A,401,65,80,0,15768000.0,0.0,0.0
A,402,65,80,0,15768000.0,0.0,0.0
A,403,65,80,0,15768000.0,0.0,0.0
A,404,65,80,0,15768000.0,0.0,0.0
A,405,65,80,0,15768000.0,0.0,0.0
A,406,65,80,0,15768000.0,0.0,0.0
A,407,65,80,0,15768000.0,0.0,0.0
A,408,65,80,0,15768000.0,0.0,0.0
A,409,65,80,0,15768000.0,0.0,0.0
A,410,65,80,0,15768000.0,0.0,0.0
A,411,65,80,0,15768000.0,0.0,0.0
A,412,65,80,0,15768000.0,0.0,0.0
A,413,65,80,0,15768000.0,0.0,0.0
A,414,65,80,0,15768000.0,0.0,0.0
A,415,65,80,0,15768000.0,0.0,0.0
A,416,65,80,0,15768000.0,0.0,0.0
A,417,65,80,0,15768000.0,0.0,0.0
A,418,65,80,0,15768000.0,0.0,0.0
A,419,65,80,0,15768000.0,0.0,0.0
A,420,65,80,0,15768000.0,0.0,0.0
A,421,65,80,0,15768000.0,0.0,0.0
A,422,65,80,0,15768000.0,0.0,0.0
A,423,65,80,0,15768000.0,0.0,0.0
A,424,65,80,0,15768000.0,0.0,0.0
A,425,65,80,0,15768000.0,0.0,0.0
A,426,65,80,0,15768000.0,0.0,0.0
A,427,65,80,0,15768000.0,0.0,0.0
A,428,65,80,0,15768000.0,0.0,0.0
A,429,65,80,0,15768000.0,0.0,0.0
A,430,65,80,0,15768000.0,0.0,0.0
A,431,65,80,0,15768000.0,0.0,0.0
A,432,65,80,0,15768000.0,0.0,0.0
A,433,65,80,0,15768000.0,0.0,0.0
A,434,65,80,0,15768000.0,0.0,0.0
A,435,65,80,0,15768000.0,0.0,0.0
A,436,65,80,0,15768000.0,0.0,0.0
A,437,65,80,0,15768000.0,0.0,0.0
A,438,65,80,0,15768000.0,0.0,0.0
A,439,65,80,0,15768000.0,0.0,0.0
A,440,65,80,0,15768000.0,0.0,0.0
A,441,65,80,0,15768000.0,0.0,0.0
A,442,65,80,0,15768000.0,0.0,0.0
A,443,65,80,0,15768000.0,0.0,0.0
A,444,65,80,0,15768000.0,0.0,0.0
A,445,65,80,0,15768000.0,0.0,0.0
A,446,65,80,0,15768000.0,0.0,0.0
A,447,65,80,0,15768000.0,0.0,0.0
A,448,65,80,0,15768000.0,0.0,0.0
A,449,65,80,0,15768000.0,0.0,0.0
A,450,65,80,0,15768000.0,0.0,0.0
A,451,65,80,0,15768000.0,0.0,0.0
A,452,65,80,0,15768000.0,0.0,0.0
A,453,65,80,0,15768000.0,0.0,0.0
A,454,65,80,0,15768000.0,0.0,0.0
A,455,65,80,0,15768000.0,0.0,0.0
A,456,65,80,0,15768000.0,0.0,0.0
A,457,65,80,0,15768000.0,0.0,0.0
A,458,65,80,0,15768000.0,0.0,0.0
A,459,65,80,0,15768000.0,0.0,0.0
A,460,65,80,0,15768000.0,0.0,0.0
A,461,65,80,0,15768000.0,0.0,0.0
A,462,65,80,0,15768000.0,0.0,0.0
A,463,65,80,0,15768000.0,0.0,0.0
A,464,65,80,0,15768000.0,0.0,0.0
A,465,65,80,0,15768000.0,0.0,0.0
A,466,65,80,0,15768000.0,0.0,0.0
A,467,65,80,0,15768000.0,0.0,0.0
A,468,65,80,0,15768000.0,0.0,0.0
A,469,65,80,0,15768000.0,0.0,0.0
A,470,65,80,0,15768000.0,0.0,0.0
A,471,65,80,0,15768000.0,0.0,0.0
A,472,65,80,0,15768000.0,0.0,0.0
A,473,65,80,0,15768000.0,0.0,0.0
A,474,65,80,0,15768000.0,0.0,0.0
A,475,65,80,0,15768000.0,0.0,0.0
A,476,65,80,0,15768000.0,0.0,0.0
A,477,65,80,0,15768000.0,0.0,0.0
A,478,65,80,0,15768000.0,0.0,0.0
A,479,65,80,0,15768000.0,0.0,0.0
A,480,65,80,0,15768000.0,0.0,0.0
A,481,65,80,0,15768000.0,0.0,0.0
A,482,65,80,0,15768000.0,0.0,0.0
A,483,65,80,0,15768000.0,0.0,0.0
A,484,65,80,0,15768000.0,0.0,0.0
A,485,65,80,0,15768000.0,0.0,0.0
A,486,65,80,0,15768000.0,0.0,0.0
A,487,65,80,0,15768000.0,0.0,0.0
A,488,65,80,0,15768000.0,0.0,0.0
A,489,65,80,0,15768000.0,0.0,0.0
A,490,65,80,0,15768000.0,0.0,0.0
A,491,65,80,0,15768000.0,0.0,0.0
A,492,65,80,0,15768000.0,0.0,0.0
A,493,65,80,0,15768000.0,0.0,0.0
A,494,65,80,0,15768000.0,0.0,0.0
A,495,65,80,0,15768000.0,0.0,0.0
A,496,65,80,0,15768000.0,0.0,0.0
A,497,65,80,0,15768000.0,0.0,0.0
A,498,65,80,0,15768000.0,0.0,0.0
A,499,65,80,0,15768000.0,0.0,0.0
A,500,65,80,0,15768000.0,0.0,0.0
A,501,65,80,0,15768000.0,0.0,0.0
A,502,65,80,0,15768000.0,0.0,0.0
A,503,65,80,0,15768000.0,0.0,0.0
A,504,65,80,0,15768000.0,0.0,0.0
A,505,65,80,0,15768000.0,0.0,0.0
A,506,65,80,0,15768000.0,0.0,0.0
A,507,65,80,0,15768000.0,0.0,0.0
A,508,65,80,0,15768000.0,0.0,0.0
A,509,65,80,0,15768000.0,0.0,0.0
A,510,65,80,0,15768000.0,0.0,0.0
A,511,65,80,0,15768000.0,0.0,0.0
A,512,65,80,0,15768000.0,0.0,0.0
A,513,65,80,0,15768000.0,0.0,0.0
A,514,65,80,0,15768000.0,0.0,0.0
A,515,65,80,0,15768000.0,0.0,0.0
A,516,65,80,0,15768000.0,0.0,0.0
A,517,65,80,0,15768000.0,0.0,0.0
A,518,65,80,0,15768000.0,0.0,0.0
A,519,65,80,0,15768000.0,0.0,0.0
A,520,65,80,0,15768000.0,0.0,0.0
A,521,65,80,0,15768000.0,0.0,0.0
A,522,65,80,0,15768000.0,0.0,0.0
A,523,65,80,0,15768000.0,0.0,0.0
A,524,65,80,0,15768000.0,0.0,0.0
A,525,65,80,0,15768000.0,0.0,0.0
A,526,65,80,0,15768000.0,0.0,0.0
A,527,65,80,0,15768000.0,0.0,0.0
A,528,65,80,0,15768000.0,0.0,0.0
A,529,65,80,0,15768000.0,0.0,0.0
A,530,65,80,0,15768000.0,0.0,0.0
A,531,65,80,0,15768000.0,0.0,0.0
A,532,65,80,0,15768000.0,0.0,0.0
A,533,65,80,0,15768000.0,0.0,0.0
A,534,65,80,0,15768000.0,0.0,0.0
A,535,65,80,0,15768000.0,0.0,0.0
A,536,65,80,0,15768000.0,0.0,0.0
A,537,65,80,0,15768000.0,0.0,0.0
A,538,65,80,0,15768000.0,0.0,0.0
A,539,65,80,0,15768000.0,0.0,0.0
A,540,65,80,0,15768000.0,0.0,0.0
A,541,65,80,0,15768000.0,0.0,0.0
A,542,65,80,0,15768000.0,0.0,0.0
A,543,65,80,0,15768000.0,0.0,0.0
A,544,65,80,0,15768000.0,0.0,0.0
A,545,65,80,0,15768000.0,0.0,0.0
A,546,65,80,0,15768000.0,0.0,0.0
A,547,65,80,0,15768000.0,0.0,0.0
A,548,65,80,0,15768000.0,0.0,0.0
A,549,65,80,0,15768000.0,0.0,0.0
A,550,65,80,0,15768000.0,0.0,0.0
A,551,65,80,0,15768000.0,0.0,0.0
A,552,65,80,0,15768000.0,0.0,0.0
A,553,65,80,0,15768000.0,0.0,0.0
A,554,65,80,0,15768000.0,0.0,0.0
A,555,65,80,0,15768000.0,0.0,0.0
A,556,65,80,0,15768000.0,0.0,0.0
A,557,65,80,0,15768000.0,0.0,0.0
A,558,65,80,0,15768000.0,0.0,0.0
A,559,65,80,0,15768000.0,0.0,0.0
A,560,65,80,0,15768000.0,0.0,0.0
A,561,65,80,0,15768000.0,0.0,0.0
A,562,65,80,0,15768000.0,0.0,0.0
A,563,65,80,0,15768000.0,0.0,0.0
A,564,65,80,0,15768000.0,0.0,0.0
A,565,65,80,0,15768000.0,0.0,0.0
A,566,65,80,0,15768000.0,0.0,0.0
A,567,65,80,0,15768000.0,0.0,0.0
A,568,65,80,0,15768000.0,0.0,0.0
A,569,65,80,0,15768000.0,0.0,0.0
A,570,65,80,0,15768000.0,0.0,0.0
A,571,65,80,0,15768000.0,0.0,0.0
A,572,65,80,0,15768000.0,0.0,0.0
A,573,65,80,0,15768000.0,0.0,0.0
A,574,65,80,0,15768000.0,0.0,0.0
A,575,65,80,0,15768000.0,0.0,0.0
A,576,65,80,0,15768000.0,0.0,0.0
A,577,65,80,0,15768000.0,0.0,0.0
A,578,65,80,0,15768000.0,0.0,0.0
A,579,65,80,0,15768000.0,0.0,0.0
A,580,65,80,0,15768000.0,0.0,0.0
A,581,65,80,0,15768000.0,0.0,0.0
A,582,65,80,0,15768000.0,0.0,0.0
A,583,65,80,0,15768000.0,0.0,0.0
A,584,65,80,0,15768000.0,0.0,0.0
A,585,65,80,0,15768000.0,0.0,0.0
A,586,65,80,0,15768000.0,0.0,0.0
A,587,65,80,0,15768000.0,0.0,0.0
A,588,65,80,0,15768000.0,0.0,0.0
A,589,65,80,0,15768000.0,0.0,0.0
A,590,65,80,0,15768000.0,0.0,0.0
A,591,65,80,0,15768000.0,0.0,0.0
A,592,65,80,0,15768000.0,0.0,0.0
A,593,65,80,0,15768000.0,0.0,0.0
A,594,65,80,0,15768000.0,0.0,0.0
A,595,65,80,0,15768000.0,0.0,0.0
A,596,65,80,0,15768000.0,0.0,0.0
A,597,65,80,0,15768000.0,0.0,0.0
A,598,65,80,0,15768000.0,0.0,0.0
A,599,65,80,0,15768000.0,0.0,0.0
A,600,65,80,0,15768000.0,0.0,0.0
A,601,65,80,0,15768000.0,0.0,0.0
A,602,65,80,0,15768000.0,0.0,0.0
A,603,65,80,0,15768000.0,0.0,0.0
A,604,65,80,0,15768000.0,0.0,0.0
A,605,65,80,0,15768000.0,0.0,0.0
A,606,65,80,0,15768000.0,0.0,0.0
A,607,65,80,0,15768000.0,0.0,0.0
A,608,65,80,0,15768000.0,0.0,0.0
A,609,65,80,0,15768000.0,0.0,0.0
A,610,65,80,0,15768000.0,0.0,0.0
A,611,65,80,0,15768000.0,0.0,0.0
A,612,65,80,0,15768000.0,0.0,0.0
A,613,65,80,0,15768000.0,0.0,0.0
A,614,65,80,0,15768000.0,0.0,0.0
A,615,65,80,0,15768000.0,0.0,0.0
A,616,65,80,0,15768000.0,0.0,0.0
A,617,65,80,0,15768000.0,0.0,0.0
A,618,65,80,0,15768000.0,0.0,0.0
A,619,65,80,0,15768000.0,0.0,0.0
A,620,65,80,0,15768000.0,0.0,0.0
A,621,65,80,0,15768000.0,0.0,0.0
A,622,65,80,0,15768000.0,0.0,0.0
A,623,65,80,0,15768000.0,0.0,0.0
A,624,65,80,0,15768000.0,0.0,0.0
A,625,65,80,0,15768000.0,0.0,0.0
A,626,65,80,0,15768000.0,0.0,0.0
A,627,65,80,0,15768000.0,0.0,0.0
A,628,65,80,0,15768000.0,0.0,0.0
A,629,65,80,0,15768000.0,0.0,0.0
A,630,65,80,0,15768000.0,0.0,0.0
A,631,65,80,0,15768000.0,0.0,0.0
A,632,65,80,0,15768000.0,0.0,0.0
A,633,65,80,0,15768000.0,0.0,0.0
A,634,65,80,0,15768000.0,0.0,0.0
A,635,65,80,0,15768000.0,0.0,0.0
A,636,65,80,0,15768000.0,0.0,0.0
A,637,65,80,0,15768000.0,0.0,0.0
A,638,65,80,0,15768000.0,0.0,0.0
A,639,65,80,0,15768000.0,0.0,0.0
A,640,65,80,0,15768000.0,0.0,0.0
A,641,65,80,0,15768000.0,0.0,0.0
A,642,65,80,0,15768000.0,0.0,0.0
A,643,65,80,0,15768000.0,0.0,0.0
A,644,65,80,0,15768000.0,0.0,0.0
A,645,65,80,0,15768000.0,0.0,0.0
A,646,65,80,0,15768000.0,0.0,0.0
A,647,65,80,0,15768000.0,0.0,0.0
A,648,65,80,0,15768000.0,0.0,0.0
A,649,65,80,0,15768000.0,0.0,0.0
A,650,65,80,0,15768000.0,0.0,0.0
A,651,65,80,0,15768000.0,0.0,0.0
A,652,65,80,0,15768000.0,0.0,0.0
A,653,65,80,0,15768000.0,0.0,0.0
A,654,65,80,0,15768000.0,0.0,0.0
A,655,65,80,0,15768000.0,0.0,0.0
A,656,65,80,0,15768000.0,0.0,0.0
A,657,65,80,0,15768000.0,0.0,0.0
A,658,65,80,0,15768000.0,0.0,0.0
A,659,65,80,0,15768000.0,0.0,0.0
A,660,65,80,0,15768000.0,0.0,0.0
A,661,65,80,0,15768000.0,0.0,0.0
A,662,65,80,0,15768000.0,0.0,0.0
A,663,65,80,0,15768000.0,0.0,0.0
A,664,65,80,0,15768000.0,0.0,0.0
A,665,65,80,0,15768000.0,0.0,0.0
A,666,65,80,0,15768000.0,0.0,0.0
A,667,65,80,0,15768000.0,0.0,0.0
A,668,65,80,0,15768000.0,0.0,0.0
A,669,65,80,0,15768000.0,0.0,0.0
A,670,65,80,0,15768000.0,0.0,0.0
A,671,65,80,0,15768000.0,0.0,0.0
A,672,65,80,0,15768000.0,0.0,0.0
A,673,65,80,0,15768000.0,0.0,0.0
A,674,65,80,0,15768000.0,0.0,0.0
A,675,65,80,0,15768000.0,0.0,0.0
A,676,65,80,0,15768000.0,0.0,0.0
A,677,65,80,0,15768000.0,0.0,0.0
A,678,65,80,0,15768000.0,0.0,0.0
A,679,65,80,0,15768000.0,0.0,0.0
A,680,65,80,0,15768000.0,0.0,0.0
A,681,65,80,0,15768000.0,0.0,0.0
A,682,65,80,0,15768000.0,0.0,0.0
A,683,65,80,0,15768000.0,0.0,0.0
A,684,65,80,0,15768000.0,0.0,0.0
A,685,65,80,0,15768000.0,0.0,0.0
A,686,65,80,0,15768000.0,0.0,0.0
A,687,65,80,0,15768000.0,0.0,0.0
A,688,65,80,0,15768000.0,0.0,0.0
A,689,65,80,0,15768000.0,0.0,0.0
A,690,65,80,0,15768000.0,0.0,0.0
A,691,65,80,0,15768000.0,0.0,0.0
A,692,65,80,0,15768000.0,0.0,0.0
A,693,65,80,0,15768000.0,0.0,0.0
A,694,65,80,0,15768000.0,0.0,0.0
A,695,65,80,0,15768000.0,0.0,0.0
A,696,65,80,0,15768000.0,0.0,0.0
A,697,65,80,0,15768000.0,0.0,0.0
A,698,65,80,0,15768000.0,0.0,0.0
A,699,65,80,0,15768000.0,0.0,0.0
A,700,65,80,0,15768000.0,0.0,0.0
A,701,65,80,0,15768000.0,0.0,0.0
A,702,65,80,0,15768000.0,0.0,0.0
A,703,65,80,0,15768000.0,0.0,0.0
A,704,65,80,0,15768000.0,0.0,0.0
A,705,65,80,0,15768000.0,0.0,0.0
A,706,65,80,0,15768000.0,0.0,0.0
A,707,65,80,0,15768000.0,0.0,0.0
A,708,65,80,0,15768000.0,0.0,0.0
A,709,65,80,0,15768000.0,0.0,0.0
A,710,65,80,0,15768000.0,0.0,0.0
A,711,65,80,0,15768000.0,0.0,0.0
A,712,65,80,0,15768000.0,0.0,0.0
A,713,65,80,0,15768000.0,0.0,0.0
A,714,65,80,0,15768000.0,0.0,0.0
A,715,65,80,0,15768000.0,0.0,0.0
A,716,65,80,0,15768000.0,0.0,0.0
A,717,65,80,0,15768000.0,0.0,0.0
A,718,65,80,0,15768000.0,0.0,0.0
A,719,65,80,0,15768000.0,0.0,0.0
A,720,65,80,0,15768000.0,0.0,0.0
A,721,65,80,0,15768000.0,0.0,0.0
A,722,65,80,0,15768000.0,0.0,0.0
A,723,65,80,0,15768000.0,0.0,0.0
A,724,65,80,0,15768000.0,0.0,0.0
A,725,65,80,0,15768000.0,0.0,0.0
A,726,65,80,0,15768000.0,0.0,0.0
A,727,65,80,0,15768000.0,0.0,0.0
A,728,65,80,0,15768000.0,0.0,0.0
A,729,65,80,0,15768000.0,0.0,0.0
A,730,65,80,0,15768000.0,0.0,0.0
A,731,65,80,0,15768000.0,0.0,0.0
A,732,65,80,0,15768000.0,0.0,0.0
A,733,65,80,0,15768000.0,0.0,0.0
A,734,65,80,0,15768000.0,0.0,0.0
A,735,65,80,0,15768000.0,0.0,0.0
A,736,65,80,0,15768000.0,0.0,0.0
A,737,65,80,0,15768000.0,0.0,0.0
A,738,65,80,0,15768000.0,0.0,0.0
A,739,65,80,0,15768000.0,0.0,0.0
A,740,65,80,0,15768000.0,0.0,0.0
A,741,65,80,0,15768000.0,0.0,0.0
A,742,65,80,0,15768000.0,0.0,0.0
A,743,65,80,0,15768000.0,0.0,0.0
A,744,65,80,0,15768000.0,0.0,0.0
A,745,65,80,0,15768000.0,0.0,0.0
A,746,65,80,0,15768000.0,0.0,0.0
A,747,65,80,0,15768000.0,0.0,0.0
A,748,65,80,0,15768000.0,0.0,0.0
A,749,65,80,0,15768000.0,0.0,0.0
A,750,65,80,0,15768000.0,0.0,0.0
A,751,65,80,0,15768000.0,0.0,0.0
A,752,65,80,0,15768000.0,0.0,0.0
A,753,65,80,0,15768000.0,0.0,0.0
A,754,65,80,0,15768000.0,0.0,0.0
A,755,65,80,0,15768000.0,0.0,0.0
A,756,65,80,0,15768000.0,0.0,0.0
A,757,65,80,0,15768000.0,0.0,0.0
A,758,65,80,0,15768000.0,0.0,0.0
A,759,65,80,0,15768000.0,0.0,0.0
A,760,65,80,0,15768000.0,0.0,0.0
A,761,65,80,0,15768000.0,0.0,0.0
A,762,65,80,0,15768000.0,0.0,0.0
A,763,65,80,0,15768000.0,0.0,0.0
A,764,65,80,0,15768000.0,0.0,0.0
A,765,65,80,0,15768000.0,0.0,0.0
A,766,65,80,0,15768000.0,0.0,0.0
A,767,65,80,0,15768000.0,0.0,0.0
A,768,65,80,0,15768000.0,0.0,0.0
A,769,65,80,0,15768000.0,0.0,0.0
A,770,65,80,0,15768000.0,0.0,0.0
A,771,65,80,0,15768000.0,0.0,0.0
A,772,65,80,0,15768000.0,0.0,0.0
A,773,65,80,0,15768000.0,0.0,0.0
A,774,65,80,0,15768000.0,0.0,0.0
A,775,65,80,0,15768000.0,0.0,0.0
A,776,65,80,0,15768000.0,0.0,0.0
A,777,65,80,0,15768000.0,0.0,0.0
A,778,65,80,0,15768000.0,0.0,0.0
A,779,65,80,0,15768000.0,0.0,0.0
A,780,65,80,0,15768000.0,0.0,0.0
A,781,65,80,0,15768000.0,0.0,0.0
A,782,65,80,0,15768000.0,0.0,0.0
A,783,65,80,0,15768000.0,0.0,0.0
A,784,65,80,0,15768000.0,0.0,0.0
A,785,65,80,0,15768000.0,0.0,0.0
A,786,65,80,0,15768000.0,0.0,0.0
A,787,65,80,0,15768000.0,0.0,0.0
A,788,65,80,0,15768000.0,0.0,0.0
A,789,65,80,0,15768000.0,0.0,0.0
A,790,65,80,0,15768000.0,0.0,0.0
A,791,65,80,0,15768000.0,0.0,0.0
A,792,65,80,0,15768000.0,0.0,0.0
A,793,65,80,0,15768000.0,0.0,0.0
A,794,65,80,0,15768000.0,0.0,0.0
A,795,65,80,0,15768000.0,0.0,0.0
A,796,65,80,0,15768000.0,0.0,0.0
A,797,65,80,0,15768000.0,0.0,0.0
A,798,65,80,0,15768000.0,0.0,0.0
A,799,65,80,0,15768000.0,0.0,0.0
A,800,65,80,0,15768000.0,0.0,0.0
A,801,65,80,0,15768000.0,0.0,0.0
A,802,65,80,0,15768000.0,0.0,0.0
A,803,65,80,0,15768000.0,0.0,0.0
A,804,65,80,0,15768000.0,0.0,0.0
A,805,65,80,0,15768000.0,0.0,0.0
A,806,65,80,0,15768000.0,0.0,0.0
A,807,65,80,0,15768000.0,0.0,0.0
A,808,65,80,0,15768000.0,0.0,0.0
A,809,65,80,0,15768000.0,0.0,0.0
A,810,65,80,0,15768000.0,0.0,0.0
A,811,65,80,0,15768000.0,0.0,0.0
A,812,65,80,0,15768000.0,0.0,0.0
A,813,65,80,0,15768000.0,0.0,0.0
A,814,65,80,0,15768000.0,0.0,0.0
A,815,65,80,0,15768000.0,0.0,0.0
A,816,65,80,0,15768000.0,0.0,0.0
A,817,65,80,0,15768000.0,0.0,0.0
A,818,65,80,0,15768000.0,0.0,0.0
A,819,65,80,0,15768000.0,0.0,0.0
A,820,65,80,0,15768000.0,0.0,0.0
A,821,65,80,0,15768000.0,0.0,0.0
A,822,65,80,0,15768000.0,0.0,0.0
A,823,65,80,0,15768000.0,0.0,0.0
A,824,65,80,0,15768000.0,0.0,0.0
A,825,65,80,0,15768000.0,0.0,0.0
A,826,65,80,0,15768000.0,0.0,0.0
A,827,65,80,0,15768000.0,0.0,0.0
A,828,65,80,0,15768000.0,0.0,0.0
A,829,65,80,0,15768000.0,0.0,0.0
A,830,65,80,0,15768000.0,0.0,0.0
A,831,65,80,0,15768000.0,0.0,0.0
A,832,65,80,0,15768000.0,0.0,0.0
A,833,65,80,0,15768000.0,0.0,0.0
A,834,65,80,0,15768000.0,0.0,0.0
A,835,65,80,0,15768000.0,0.0,0.0
A,836,65,80,0,15768000.0,0.0,0.0
A,837,65,80,0,15768000.0,0.0,0.0
A,838,65,80,0,15768000.0,0.0,0.0
A,839,65,80,0,15768000.0,0.0,0.0
A,840,65,80,0,15768000.0,0.0,0.0
A,841,65,80,0,15768000.0,0.0,0.0
A,842,65,80,0,15768000.0,0.0,0.0
A,843,65,80,0,15768000.0,0.0,0.0
A,844,65,80,0,15768000.0,0.0,0.0
A,845,65,80,0,15768000.0,0.0,0.0
A,846,65,80,0,15768000.0,0.0,0.0
A,847,65,80,0,15768000.0,0.0,0.0
A,848,65,80,0,15768000.0,0.0,0.0
A,849,65,80,0,15768000.0,0.0,0.0
A,850,65,80,0,15768000.0,0.0,0.0
A,851,65,80,0,15768000.0,0.0,0.0
A,852,65,80,0,15768000.0,0.0,0.0
A,853,65,80,0,15768000.0,0.0,0.0
A,854,65,80,0,15768000.0,0.0,0.0
A,855,65,80,0,15768000.0,0.0,0.0
A,856,65,80,0,15768000.0,0.0,0.0
A,857,65,80,0,15768000.0,0.0,0.0
A,858,65,80,0,15768000.0,0.0,0.0
A,859,65,80,0,15768000.0,0.0,0.0
A,860,65,80,0,15768000.0,0.0,0.0
A,861,65,80,0,15768000.0,0.0,0.0
A,862,65,80,0,15768000.0,0.0,0.0
A,863,65,80,0,15768000.0,0.0,0.0
A,864,65,80,0,15768000.0,0.0,0.0
A,865,65,80,0,15768000.0,0.0,0.0
A,866,65,80,0,15768000.0,0.0,0.0
A,867,65,80,0,15768000.0,0.0,0.0
A,868,65,80,0,15768000.0,0.0,0.0
A,869,65,80,0,15768000.0,0.0,0.0
A,870,65,80,0,15768000.0,0.0,0.0
A,871,65,80,0,15768000.0,0.0,0.0
A,872,65,80,0,15768000.0,0.0,0.0
A,873,65,80,0,15768000.0,0.0,0.0
A,874,65,80,0,15768000.0,0.0,0.0
A,875,65,80,0,15768000.0,0.0,0.0
A,876,65,80,0,15768000.0,0.0,0.0
A,877,65,80,0,15768000.0,0.0,0.0
A,878,65,80,0,15768000.0,0.0,0.0
A,879,65,80,0,15768000.0,0.0,0.0
A,880,65,80,0,15768000.0,0.0,0.0
A,881,65,80,0,15768000.0,0.0,0.0
A,882,65,80,0,15768000.0,0.0,0.0
A,883,65,80,0,15768000.0,0.0,0.0
A,884,65,80,0,15768000.0,0.0,0.0
A,885,65,80,0,15768000.0,0.0,0.0
A,886,65,80,0,15768000.0,0.0,0.0
A,887,65,80,0,15768000.0,0.0,0.0
A,888,65,80,0,15768000.0,0.0,0.0
A,889,65,80,0,15768000.0,0.0,0.0
A,890,65,80,0,15768000.0,0.0,0.0
A,891,65,80,0,15768000.0,0.0,0.0
A,892,65,80,0,15768000.0,0.0,0.0
A,893,65,80,0,15768000.0,0.0,0.0
A,894,65,80,0,15768000.0,0.0,0.0
A,895,65,80,0,15768000.0,0.0,0.0
A,896,65,80,0,15768000.0,0.0,0.0
A,897,65,80,0,15768000.0,0.0,0.0
A,898,65,80,0,15768000.0,0.0,0.0
A,899,65,80,0,15768000.0,0.0,0.0
A,900,65,80,0,15768000.0,0.0,0.0
A,901,65,80,0,15768000.0,0.0,0.0
A,902,65,80,0,15768000.0,0.0,0.0
A,903,65,80,0,15768000.0,0.0,0.0
A,904,65,80,0,15768000.0,0.0,0.0
A,905,65,80,0,15768000.0,0.0,0.0
A,906,65,80,0,15768000.0,0.0,0.0
A,907,65,80,0,15768000.0,0.0,0.0
A,908,65,80,0,15768000.0,0.0,0.0
A,909,65,80,0,15768000.0,0.0,0.0
A,910,65,80,0,15768000.0,0.0,0.0
A,911,65,80,0,15768000.0,0.0,0.0
A,912,65,80,0,15768000.0,0.0,0.0
A,913,65,80,0,15768000.0,0.0,0.0
A,914,65,80,0,15768000.0,0.0,0.0
A,915,65,80,0,15768000.0,0.0,0.0
A,916,65,80,0,15768000.0,0.0,0.0
A,917,65,80,0,15768000.0,0.0,0.0
A,918,65,80,0,15768000.0,0.0,0.0
A,919,65,80,0,15768000.0,0.0,0.0
A,920,65,80,0,15768000.0,0.0,0.0
A,921,65,80,0,15768000.0,0.0,0.0
A,922,65,80,0,15768000.0,0.0,0.0
A,923,65,80,0,15768000.0,0.0,0.0
A,924,65,80,0,15768000.0,0.0,0.0
A,925,65,80,0,15768000.0,0.0,0.0
A,926,65,80,0,15768000.0,0.0,0.0
A,927,65,80,0,15768000.0,0.0,0.0
A,928,65,80,0,15768000.0,0.0,0.0
A,929,65,80,0,15768000.0,0.0,0.0
A,930,65,80,0,15768000.0,0.0,0.0
A,931,65,80,0,15768000.0,0.0,0.0
A,932,65,80,0,15768000.0,0.0,0.0
A,933,65,80,0,15768000.0,0.0,0.0
A,934,65,80,0,15768000.0,0.0,0.0
A,935,65,80,0,15768000.0,0.0,0.0
A,936,65,80,0,15768000.0,0.0,0.0
A,937,65,80,0,15768000.0,0.0,0.0
A,938,65,80,0,15768000.0,0.0,0.0
A,939,65,80,0,15768000.0,0.0,0.0
A,940,65,80,0,15768000.0,0.0,0.0
A,941,65,80,0,15768000.0,0.0,0.0
A,942,65,80,0,15768000.0,0.0,0.0
A,943,65,80,0,15768000.0,0.0,0.0
A,944,65,80,0,15768000.0,0.0,0.0
A,945,65,80,0,15768000.0,0.0,0.0
A,946,65,80,0,15768000.0,0.0,0.0
A,947,65,80,0,15768000.0,0.0,0.0
A,948,65,80,0,15768000.0,0.0,0.0
A,949,65,80,0,15768000.0,0.0,0.0
A,950,65,80,0,15768000.0,0.0,0.0
A,951,65,80,0,15768000.0,0.0,0.0
A,952,65,80,0,15768000.0,0.0,0.0
A,953,65,80,0,15768000.0,0.0,0.0
A,954,65,80,0,15768000.0,0.0,0.0
A,955,65,80,0,15768000.0,0.0,0.0
A,956,65,80,0,15768000.0,0.0,0.0
A,957,65,80,0,15768000.0,0.0,0.0
A,958,65,80,0,15768000.0,0.0,0.0
A,959,65,80,0,15768000.0,0.0,0.0
A,960,65,80,0,15768000.0,0.0,0.0
A,961,65,80,0,15768000.0,0.0,0.0
A,962,65,80,0,15768000.0,0.0,0.0
A,963,65,80,0,15768000.0,0.0,0.0
A,964,65,80,0,15768000.0,0.0,0.0
A,965,65,80,0,15768000.0,0.0,0.0
A,966,65,80,0,15768000.0,0.0,0.0
A,967,65,80,0,15768000.0,0.0,0.0
A,968,65,80,0,15768000.0,0.0,0.0
A,969,65,80,0,15768000.0,0.0,0.0
A,970,65,80,0,15768000.0,0.0,0.0
A,971,65,80,0,15768000.0,0.0,0.0
A,972,65,80,0,15768000.0,0.0,0.0
A,973,65,80,0,15768000.0,0.0,0.0
A,974,65,80,0,15768000.0,0.0,0.0
A,975,65,80,0,15768000.0,0.0,0.0
A,976,65,80,0,15768000.0,0.0,0.0
A,977,65,80,0,15768000.0,0.0,0.0
A,978,65,80,0,15768000.0,0.0,0.0
A,979,65,80,0,15768000.0,0.0,0.0
A,980,65,80,0,15768000.0,0.0,0.0
A,981,65,80,0,15768000.0,0.0,0.0
A,982,65,80,0,15768000.0,0.0,0.0
A,983,65,80,0,15768000.0,0.0,0.0
A,984,65,80,0,15768000.0,0.0,0.0
A,985,65,80,0,15768000.0,0.0,0.0
A,986,65,80,0,15768000.0,0.0,0.0
A,987,65,80,0,15768000.0,0.0,0.0
A,988,65,80,0,15768000.0,0.0,0.0
A,989,65,80,0,15768000.0,0.0,0.0
A,990,65,80,0,15768000.0,0.0,0.0
A,991,65,80,0,15768000.0,0.0,0.0
A,992,65,80,0,15768000.0,0.0,0.0
A,993,65,80,0,15768000.0,0.0,0.0
A,994,65,80,0,15768000.0,0.0,0.0
A,995,65,80,0,15768000.0,0.0,0.0
A,996,65,80,0,15768000.0,0.0,0.0
A,997,65,80,0,15768000.0,0.0,0.0
A,998,65,80,0,15768000.0,0.0,0.0
A,999,65,80,0,15768000.0,0.0,0.0
A,1000,65,80,0,15768000.0,0.0,0.0
A,1001,65,80,0,15768000.0,0.0,0.0
A,1002,65,80,0,15768000.0,0.0,0.0
A,1003,65,80,0,15768000.0,0.0,0.0
A,1004,65,80,0,15768000.0,0.0,0.0
A,1005,65,80,0,15768000.0,0.0,0.0
A,1006,65,80,0,15768000.0,0.0,0.0
A,1007,65,80,0,15768000.0,0.0,0.0
A,1008,65,80,0,15768000.0,0.0,0.0
A,1009,65,80,0,15768000.0,0.0,0.0
A,1010,65,80,0,15768000.0,0.0,0.0
A,1011,65,80,0,15768000.0,0.0,0.0
A,1012,65,80,0,15768000.0,0.0,0.0
A,1013,65,80,0,15768000.0,0.0,0.0
A,1014,65,80,0,15768000.0,0.0,0.0
A,1015,65,80,0,15768000.0,0.0,0.0
A,1016,65,80,0,15768000.0,0.0,0.0
A,1017,65,80,0,15768000.0,0.0,0.0
A,1018,65,80,0,15768000.0,0.0,0.0
A,1019,65,80,0,15768000.0,0.0,0.0
A,1020,65,80,0,15768000.0,0.0,0.0
A,1021,65,80,0,15768000.0,0.0,0.0
A,1022,65,80,0,15768000.0,0.0,0.0
A,1023,65,80,0,15768000.0,0.0,0.0
A,1024,65,80,0,15768000.0,0.0,0.0
A,1025,65,80,0,15768000.0,0.0,0.0
A,1026,65,80,0,15768000.0,0.0,0.0
A,1027,65,80,0,15768000.0,0.0,0.0
A,1028,65,80,0,15768000.0,0.0,0.0
A,1029,65,80,0,15768000.0,0.0,0.0
A,1030,65,80,0,15768000.0,0.0,0.0
A,1031,65,80,0,15768000.0,0.0,0.0
A,1032,65,80,0,15768000.0,0.0,0.0
A,1033,65,80,0,15768000.0,0.0,0.0
A,1034,65,80,0,15768000.0,0.0,0.0
A,1035,65,80,0,15768000.0,0.0,0.0
A,1036,65,80,0,15768000.0,0.0,0.0
A,1037,65,80,0,15768000.0,0.0,0.0
A,1038,65,80,0,15768000.0,0.0,0.0
A,1039,65,80,0,15768000.0,0.0,0.0
A,1040,65,80,0,15768000.0,0.0,0.0
A,1041,65,80,0,15768000.0,0.0,0.0
A,1042,65,80,0,15768000.0,0.0,0.0
A,1043,65,80,0,15768000.0,0.0,0.0
A,1044,65,80,0,15768000.0,0.0,0.0
A,1045,65,80,0,15768000.0,0.0,0.0
A,1046,65,80,0,15768000.0,0.0,0.0
A,1047,65,80,0,15768000.0,0.0,0.0
A,1048,65,80,0,15768000.0,0.0,0.0
A,1049,65,80,0,15768000.0,0.0,0.0
A,1050,65,80,0,15768000.0,0.0,0.0
A,1051,65,80,0,15768000.0,0.0,0.0
A,1052,65,80,0,15768000.0,0.0,0.0
A,1053,65,80,0,15768000.0,0.0,0.0
A,1054,65,80,0,15768000.0,0.0,0.0
A,1055,65,80,0,15768000.0,0.0,0.0
A,1056,65,80,0,15768000.0,0.0,0.0
A,1057,65,80,0,15768000.0,0.0,0.0
A,1058,65,80,0,15768000.0,0.0,0.0
A,1059,65,80,0,15768000.0,0.0,0.0
A,1060,65,80,0,15768000.0,0.0,0.0
A,1061,65,80,0,15768000.0,0.0,0.0
A,1062,65,80,0,15768000.0,0.0,0.0
A,1063,65,80,0,15768000.0,0.0,0.0
A,1064,65,80,0,15768000.0,0.0,0.0
A,1065,65,80,0,15768000.0,0.0,0.0
A,1066,65,80,0,15768000.0,0.0,0.0
A,1067,65,80,0,15768000.0,0.0,0.0
A,1068,65,80,0,15768000.0,0.0,0.0
A,1069,65,80,0,15768000.0,0.0,0.0
A,1070,65,80,0,15768000.0,0.0,0.0
A,1071,65,80,0,15768000.0,0.0,0.0
A,1072,65,80,0,15768000.0,0.0,0.0
A,1073,65,80,0,15768000.0,0.0,0.0
A,1074,65,80,0,15768000.0,0.0,0.0
A,1075,65,80,0,15768000.0,0.0,0.0
A,1076,65,80,0,15768000.0,0.0,0.0
A,1077,65,80,0,15768000.0,0.0,0.0
A,1078,65,80,0,15768000.0,0.0,0.0
A,1079,65,80,0,15768000.0,0.0,0.0
A,1080,65,80,0,15768000.0,0.0,0.0
A,1081,65,80,0,15768000.0,0.0,0.0
A,1082,65,80,0,15768000.0,0.0,0.0
A,1083,65,80,0,15768000.0,0.0,0.0
A,1084,65,80,0,15768000.0,0.0,0.0
A,1085,65,80,0,15768000.0,0.0,0.0
A,1086,65,80,0,15768000.0,0.0,0.0
A,1087,65,80,0,15768000.0,0.0,0.0
A,1088,65,80,0,15768000.0,0.0,0.0
A,1089,65,80,0,15768000.0,0.0,0.0
A,1090,65,80,0,15768000.0,0.0,0.0
A,1091,65,80,0,15768000.0,0.0,0.0
A,1092,65,80,0,15768000.0,0.0,0.0
A,1093,65,80,0,15768000.0,0.0,0.0
A,1094,65,80,0,15768000.0,0.0,0.0
A,1095,65,80,0,15768000.0,0.0,0.0
A,1096,65,80,0,15768000.0,0.0,0.0
A,1097,65,80,0,15768000.0,0.0,0.0
A,1098,65,80,0,15768000.0,0.0,0.0
A,1099,65,80,0,15768000.0,0.0,0.0
A,1100,65,80,0,15768000.0,0.0,0.0
A,1101,65,80,0,15768000.0,0.0,0.0
A,1102,65,80,0,15768000.0,0.0,0.0
A,1103,65,80,0,15768000.0,0.0,0.0
A,1104,65,80,0,15768000.0,0.0,0.0
A,1105,65,80,0,15768000.0,0.0,0.0
A,1106,65,80,0,15768000.0,0.0,0.0
A,1107,65,80,0,15768000.0,0.0,0.0
A,1108,65,80,0,15768000.0,0.0,0.0
A,1109,65,80,0,15768000.0,0.0,0.0
A,1110,65,80,0,15768000.0,0.0,0.0
A,1111,65,80,0,15768000.0,0.0,0.0
A,1112,65,80,0,15768000.0,0.0,0.0
A,1113,65,80,0,15768000.0,0.0,0.0
A,1114,65,80,0,15768000.0,0.0,0.0
A,1115,65,80,0,15768000.0,0.0,0.0
A,1116,65,80,0,15768000.0,0.0,0.0
A,1117,65,80,0,15768000.0,0.0,0.0
A,1118,65,80,0,15768000.0,0.0,0.0
A,1119,65,80,0,15768000.0,0.0,0.0
A,1120,65,80,0,15768000.0,0.0,0.0
A,1121,65,80,0,15768000.0,0.0,0.0
A,1122,65,80,0,15768000.0,0.0,0.0
A,1123,65,80,0,15768000.0,0.0,0.0
A,1124,65,80,0,15768000.0,0.0,0.0
A,1125,65,80,0,15768000.0,0.0,0.0
A,1126,65,80,0,15768000.0,0.0,0.0
A,1127,65,80,0,15768000.0,0.0,0.0
A,1128,65,80,0,15768000.0,0.0,0.0
A,1129,65,80,0,15768000.0,0.0,0.0
A,1130,65,80,0,15768000.0,0.0,0.0
A,1131,65,80,0,15768000.0,0.0,0.0
A,1132,65,80,0,15768000.0,0.0,0.0
A,1133,65,80,0,15768000.0,0.0,0.0
A,1134,65,80,0,15768000.0,0.0,0.0
A,1135,65,80,0,15768000.0,0.0,0.0
A,1136,65,80,0,15768000.0,0.0,0.0
A,1137,65,80,0,15768000.0,0.0,0.0
A,1138,65,80,0,15768000.0,0.0,0.0
A,1139,65,80,0,15768000.0,0.0,0.0
A,1140,65,80,0,15768000.0,0.0,0.0
A,1141,65,80,0,15768000.0,0.0,0.0
A,1142,65,80,0,15768000.0,0.0,0.0
A,1143,65,80,0,15768000.0,0.0,0.0
A,1144,65,80,0,15768000.0,0.0,0.0
A,1145,65,80,0,15768000.0,0.0,0.0
A,1146,65,80,0,15768000.0,0.0,0.0
A,1147,65,80,0,15768000.0,0.0,0.0
A,1148,65,80,0,15768000.0,0.0,0.0
A,1149,65,80,0,15768000.0,0.0,0.0
A,1150,65,80,0,15768000.0,0.0,0.0
A,1151,65,80,0,15768000.0,0.0,0.0
A,1152,65,80,0,15768000.0,0.0,0.0
A,1153,65,80,0,15768000.0,0.0,0.0
A,1154,65,80,0,15768000.0,0.0,0.0
A,1155,65,80,0,15768000.0,0.0,0.0
A,1156,65,80,0,15768000.0,0.0,0.0
A,1157,65,80,0,15768000.0,0.0,0.0
A,1158,65,80,0,15768000.0,0.0,0.0
A,1159,65,80,0,15768000.0,0.0,0.0
A,1160,65,80,0,15768000.0,0.0,0.0
A,1161,65,80,0,15768000.0,0.0,0.0
A,1162,65,80,0,15768000.0,0.0,0.0
A,1163,65,80,0,15768000.0,0.0,0.0
A,1164,65,80,0,15768000.0,0.0,0.0
A,1165,65,80,0,15768000.0,0.0,0.0
A,1166,65,80,0,15768000.0,0.0,0.0
A,1167,65,80,0,15768000.0,0.0,0.0
A,1168,65,80,0,15768000.0,0.0,0.0
A,1169,65,80,0,15768000.0,0.0,0.0
A,1170,65,80,0,15768000.0,0.0,0.0
A,1171,65,80,0,15768000.0,0.0,0.0
A,1172,65,80,0,15768000.0,0.0,0.0
A,1173,65,80,0,15768000.0,0.0,0.0
A,1174,65,80,0,15768000.0,0.0,0.0
A,1175,65,80,0,15768000.0,0.0,0.0
A,1176,65,80,0,15768000.0,0.0,0.0
A,1177,65,80,0,15768000.0,0.0,0.0
A,1178,65,80,0,15768000.0,0.0,0.0
A,1179,65,80,0,15768000.0,0.0,0.0
A,1180,65,80,0,15768000.0,0.0,0.0
A,1181,65,80,0,15768000.0,0.0,0.0
A,1182,65,80,0,15768000.0,0.0,0.0
A,1183,65,80,0,15768000.0,0.0,0.0
A,1184,65,80,0,15768000.0,0.0,0.0
A,1185,65,80,0,15768000.0,0.0,0.0
A,1186,65,80,0,15768000.0,0.0,0.0
A,1187,65,80,0,15768000.0,0.0,0.0
A,1188,65,80,0,15768000.0,0.0,0.0
A,1189,65,80,0,15768000.0,0.0,0.0
A,1190,65,80,0,15768000.0,0.0,0.0
A,1191,65,80,0,15768000.0,0.0,0.0
A,1192,65,80,0,15768000.0,0.0,0.0
A,1193,65,80,0,15768000.0,0.0,0.0
A,1194,65,80,0,15768000.0,0.0,0.0
A,1195,65,80,0,15768000.0,0.0,0.0
A,1196,65,80,0,15768000.0,0.0,0.0
A,1197,65,80,0,15768000.0,0.0,0.0
A,1198,65,80,0,15768000.0,0.0,0.0
A,1199,65,80,0,15768000.0,0.0,0.0
A,1200,65,80,0,15768000.0,0.0,0.0
A,1201,65,80,0,15768000.0,0.0,0.0
A,1202,65,80,0,15768000.0,0.0,0.0
A,1203,65,80,0,15768000.0,0.0,0.0
A,1204,65,80,0,15768000.0,0.0,0.0
A,1205,65,80,0,15768000.0,0.0,0.0
A,1206,65,80,0,15768000.0,0.0,0.0
A,1207,65,80,0,15768000.0,0.0,0.0
A,1208,65,80,0,15768000.0,0.0,0.0
A,1209,65,80,0,15768000.0,0.0,0.0
A,1210,65,80,0,15768000.0,0.0,0.0
A,1211,65,80,0,15768000.0,0.0,0.0
A,1212,65,80,0,15768000.0,0.0,0.0
A,1213,65,80,0,15768000.0,0.0,0.0
A,1214,65,80,0,15768000.0,0.0,0.0
A,1215,65,80,0,15768000.0,0.0,0.0
A,1216,65,80,0,15768000.0,0.0,0.0
A,1217,65,80,0,15768000.0,0.0,0.0
A,1218,65,80,0,15768000.0,0.0,0.0
A,1219,65,80,0,15768000.0,0.0,0.0
A,1220,65,80,0,15768000.0,0.0,0.0
A,1221,65,80,0,15768000.0,0.0,0.0
A,1222,65,80,0,15768000.0,0.0,0.0
A,1223,65,80,0,15768000.0,0.0,0.0
A,1224,65,80,0,15768000.0,0.0,0.0
A,1225,65,80,0,15768000.0,0.0,0.0
A,1226,65,80,0,15768000.0,0.0,0.0
A,1227,65,80,0,15768000.0,0.0,0.0
A,1228,65,80,0,15768000.0,0.0,0.0
A,1229,65,80,0,15768000.0,0.0,0.0
A,1230,65,80,0,15768000.0,0.0,0.0
A,1231,65,80,0,15768000.0,0.0,0.0
A,1232,65,80,0,15768000.0,0.0,0.0
A,1233,65,80,0,15768000.0,0.0,0.0
A,1234,65,80,0,15768000.0,0.0,0.0
A,1235,65,80,0,15768000.0,0.0,0.0
A,1236,65,80,0,15768000.0,0.0,0.0
A,1237,65,80,0,15768000.0,0.0,0.0
A,1238,65,80,0,15768000.0,0.0,0.0
A,1239,65,80,0,15768000.0,0.0,0.0
A,1240,65,80,0,15768000.0,0.0,0.0
A,1241,65,80,0,15768000.0,0.0,0.0
A,1242,65,80,0,15768000.0,0.0,0.0
A,1243,65,80,0,15768000.0,0.0,0.0
A,1244,65,80,0,15768000.0,0.0,0.0
A,1245,65,80,0,15768000.0,0.0,0.0
A,1246,65,80,0,15768000.0,0.0,0.0
A,1247,65,80,0,15768000.0,0.0,0.0
A,1248,65,80,0,15768000.0,0.0,0.0
A,1249,65,80,0,15768000.0,0.0,0.0
A,1250,65,80,0,15768000.0,0.0,0.0
A,1251,65,80,0,15768000.0,0.0,0.0
A,1252,65,80,0,15768000.0,0.0,0.0
A,1253,65,80,0,15768000.0,0.0,0.0
A,1254,65,80,0,15768000.0,0.0,0.0
A,1255,65,80,0,15768000.0,0.0,0.0
A,1256,65,80,0,15768000.0,0.0,0.0
A,1257,65,80,0,15768000.0,0.0,0.0
A,1258,65,80,0,15768000.0,0.0,0.0
A,1259,65,80,0,15768000.0,0.0,0.0
A,1260,65,80,0,15768000.0,0.0,0.0
A,1261,65,80,0,15768000.0,0.0,0.0
A,1262,65,80,0,15768000.0,0.0,0.0
A,1263,65,80,0,15768000.0,0.0,0.0
A,1264,65,80,0,15768000.0,0.0,0.0
A,1265,65,80,0,15768000.0,0.0,0.0
A,1266,65,80,0,15768000.0,0.0,0.0
A,1267,65,80,0,15768000.0,0.0,0.0
A,1268,65,80,0,15768000.0,0.0,0.0
A,1269,65,80,0,15768000.0,0.0,0.0
A,1270,65,80,0,15768000.0,0.0,0.0
A,1271,65,80,0,15768000.0,0.0,0.0
A,1272,65,80,0,15768000.0,0.0,0.0
A,1273,65,80,0,15768000.0,0.0,0.0
A,1274,65,80,0,15768000.0,0.0,0.0
A,1275,65,80,0,15768000.0,0.0,0.0
A,1276,65,80,0,15768000.0,0.0,0.0
A,1277,65,80,0,15768000.0,0.0,0.0
A,1278,65,80,0,15768000.0,0.0,0.0
A,1279,65,80,0,15768000.0,0.0,0.0
A,1280,65,80,0,15768000.0,0.0,0.0
A,1281,65,80,0,15768000.0,0.0,0.0
A,1282,65,80,0,15768000.0,0.0,0.0
A,1283,65,80,0,15768000.0,0.0,0.0
A,1284,65,80,0,15768000.0,0.0,0.0
A,1285,65,80,0,15768000.0,0.0,0.0
A,1286,65,80,0,15768000.0,0.0,0.0
A,1287,65,80,0,15768000.0,0.0,0.0
A,1288,65,80,0,15768000.0,0.0,0.0
A,1289,65,80,0,15768000.0,0.0,0.0
A,1290,65,80,0,15768000.0,0.0,0.0
A,1291,65,80,0,15768000.0,0.0,0.0
A,1292,65,80,0,15768000.0,0.0,0.0
A,1293,65,80,0,15768000.0,0.0,0.0
A,1294,65,80,0,15768000.0,0.0,0.0
A,1295,65,80,0,15768000.0,0.0,0.0
A,1296,65,80,0,15768000.0,0.0,0.0
A,1297,65,80,0,15768000.0,0.0,0.0
A,1298,65,80,0,15768000.0,0.0,0.0
A,1299,65,80,0,15768000.0,0.0,0.0
A,1300,65,80,0,15768000.0,0.0,0.0
A,1301,65,80,0,15768000.0,0.0,0.0
A,1302,65,80,0,15768000.0,0.0,0.0
A,1303,65,80,0,15768000.0,0.0,0.0
A,1304,65,80,0,15768000.0,0.0,0.0
A,1305,65,80,0,15768000.0,0.0,0.0
A,1306,65,80,0,15768000.0,0.0,0.0
A,1307,65,80,0,15768000.0,0.0,0.0
A,1308,65,80,0,15768000.0,0.0,0.0
A,1309,65,80,0,15768000.0,0.0,0.0
A,1310,65,80,0,15768000.0,0.0,0.0
A,1311,65,80,0,15768000.0,0.0,0.0
A,1312,65,80,0,15768000.0,0.0,0.0
A,1313,65,80,0,15768000.0,0.0,0.0
A,1314,65,80,0,15768000.0,0.0,0.0
A,1315,65,80,0,15768000.0,0.0,0.0
A,1316,65,80,0,15768000.0,0.0,0.0
A,1317,65,80,0,15768000.0,0.0,0.0
A,1318,65,80,0,15768000.0,0.0,0.0
A,1319,65,80,0,15768000.0,0.0,0.0
A,1320,65,80,0,15768000.0,0.0,0.0
A,1321,65,80,0,15768000.0,0.0,0.0
A,1322,65,80,0,15768000.0,0.0,0.0
A,1323,65,80,0,15768000.0,0.0,0.0
A,1324,65,80,0,15768000.0,0.0,0.0
A,1325,65,80,0,15768000.0,0.0,0.0
A,1326,65,80,0,15768000.0,0.0,0.0
A,1327,65,80,0,15768000.0,0.0,0.0
A,1328,65,80,0,15768000.0,0.0,0.0
A,1329,65,80,0,15768000.0,0.0,0.0
A,1330,65,80,0,15768000.0,0.0,0.0
A,1331,65,80,0,15768000.0,0.0,0.0
A,1332,65,80,0,15768000.0,0.0,0.0
A,1333,65,80,0,15768000.0,0.0,0.0
A,1334,65,80,0,15768000.0,0.0,0.0
A,1335,65,80,0,15768000.0,0.0,0.0
A,1336,65,80,0,15768000.0,0.0,0.0
A,1337,65,80,0,15768000.0,0.0,0.0
A,1338,65,80,0,15768000.0,0.0,0.0
A,1339,65,80,0,15768000.0,0.0,0.0
A,1340,65,80,0,15768000.0,0.0,0.0
A,1341,65,80,0,15768000.0,0.0,0.0
A,1342,65,80,0,15768000.0,0.0,0.0
A,1343,65,80,0,15768000.0,0.0,0.0
A,1344,65,80,0,15768000.0,0.0,0.0
A,1345,65,80,0,15768000.0,0.0,0.0
A,1346,65,80,0,15768000.0,0.0,0.0
A,1347,65,80,0,15768000.0,0.0,0.0
A,1348,65,80,0,15768000.0,0.0,0.0
A,1349,65,80,0,15768000.0,0.0,0.0
A,1350,65,80,0,15768000.0,0.0,0.0
A,1351,65,80,0,15768000.0,0.0,0.0
A,1352,65,80,0,15768000.0,0.0,0.0
A,1353,65,80,0,15768000.0,0.0,0.0
A,1354,65,80,0,15768000.0,0.0,0.0
A,1355,65,80,0,15768000.0,0.0,0.0
A,1356,65,80,0,15768000.0,0.0,0.0
A,1357,65,80,0,15768000.0,0.0,0.0
A,1358,65,80,0,15768000.0,0.0,0.0
A,1359,65,80,0,15768000.0,0.0,0.0
A,1360,65,80,0,15768000.0,0.0,0.0
A,1361,65,80,0,15768000.0,0.0,0.0
A,1362,65,80,0,15768000.0,0.0,0.0
A,1363,65,80,0,15768000.0,0.0,0.0
A,1364,65,80,0,15768000.0,0.0,0.0
A,1365,65,80,0,15768000.0,0.0,0.0
A,1366,65,80,0,15768000.0,0.0,0.0
A,1367,65,80,0,15768000.0,0.0,0.0
A,1368,65,80,0,15768000.0,0.0,0.0
A,1369,65,80,0,15768000.0,0.0,0.0
A,1370,65,80,0,15768000.0,0.0,0.0
A,1371,65,80,0,15768000.0,0.0,0.0
A,1372,65,80,0,15768000.0,0.0,0.0
A,1373,65,80,0,15768000.0,0.0,0.0
A,1374,65,80,0,15768000.0,0.0,0.0
A,1375,65,80,0,15768000.0,0.0,0.0
A,1376,65,80,0,15768000.0,0.0,0.0
A,1377,65,80,0,15768000.0,0.0,0.0
A,1378,65,80,0,15768000.0,0.0,0.0
A,1379,65,80,0,15768000.0,0.0,0.0
A,1380,65,80,0,15768000.0,0.0,0.0
A,1381,65,80,0,15768000.0,0.0,0.0
A,1382,65,80,0,15768000.0,0.0,0.0
A,1383,65,80,0,15768000.0,0.0,0.0
A,1384,65,80,0,15768000.0,0.0,0.0
A,1385,65,80,0,15768000.0,0.0,0.0
A,1386,65,80,0,15768000.0,0.0,0.0
A,1387,65,80,0,15768000.0,0.0,0.0
A,1388,65,80,0,15768000.0,0.0,0.0
A,1389,65,80,0,15768000.0,0.0,0.0
A,1390,65,80,0,15768000.0,0.0,0.0
A,1391,65,80,0,15768000.0,0.0,0.0
A,1392,65,80,0,15768000.0,0.0,0.0
A,1393,65,80,0,15768000.0,0.0,0.0
A,1394,65,80,0,15768000.0,0.0,0.0
A,1395,65,80,0,15768000.0,0.0,0.0
A,1396,65,80,0,15768000.0,0.0,0.0
A,1397,65,80,0,15768000.0,0.0,0.0
A,1398,65,80,0,15768000.0,0.0,0.0
A,1399,65,80,0,15768000.0,0.0,0.0
A,1400,65,80,0,15768000.0,0.0,0.0
A,1401,65,80,0,15768000.0,0.0,0.0
A,1402,65,80,0,15768000.0,0.0,0.0
A,1403,65,80,0,15768000.0,0.0,0.0
A,1404,65,80,0,15768000.0,0.0,0.0
A,1405,65,80,0,15768000.0,0.0,0.0
A,1406,65,80,0,15768000.0,0.0,0.0
A,1407,65,80,0,15768000.0,0.0,0.0
A,1408,65,80,0,15768000.0,0.0,0.0
A,1409,65,80,0,15768000.0,0.0,0.0
A,1410,65,80,0,15768000.0,0.0,0.0
A,1411,65,80,0,15768000.0,0.0,0.0
A,1412,65,80,0,15768000.0,0.0,0.0
A,1413,65,80,0,15768000.0,0.0,0.0
A,1414,65,80,0,15768000.0,0.0,0.0
A,1415,65,80,0,15768000.0,0.0,0.0
A,1416,65,80,0,15768000.0,0.0,0.0
A,1417,65,80,0,15768000.0,0.0,0.0
A,1418,65,80,0,15768000.0,0.0,0.0
A,1419,65,80,0,15768000.0,0.0,0.0
A,1420,65,80,0,15768000.0,0.0,0.0
A,1421,65,80,0,15768000.0,0.0,0.0
A,1422,65,80,0,15768000.0,0.0,0.0
A,1423,65,80,0,15768000.0,0.0,0.0
A,1424,65,80,0,15768000.0,0.0,0.0
A,1425,65,80,0,15768000.0,0.0,0.0
A,1426,65,80,0,15768000.0,0.0,0.0
A,1427,65,80,0,15768000.0,0.0,0.0
A,1428,65,80,0,15768000.0,0.0,0.0
A,1429,65,80,0,15768000.0,0.0,0.0
A,1430,65,80,0,15768000.0,0.0,0.0
A,1431,65,80,0,15768000.0,0.0,0.0
A,1432,65,80,0,15768000.0,0.0,0.0
A,1433,65,80,0,15768000.0,0.0,0.0
A,1434,65,80,0,15768000.0,0.0,0.0
A,1435,65,80,0,15768000.0,0.0,0.0
A,1436,65,80,0,15768000.0,0.0,0.0
A,1437,65,80,0,15768000.0,0.0,0.0
A,1438,65,80,0,15768000.0,0.0,0.0
A,1439,65,80,0,15768000.0,0.0,0.0
A,1440,65,80,0,15768000.0,0.0,0.0
A,1441,65,80,0,15768000.0,0.0,0.0
A,1442,65,80,0,15768000.0,0.0,0.0
A,1443,65,80,0,15768000.0,0.0,0.0
A,1444,65,80,0,15768000.0,0.0,0.0
A,1445,65,80,0,15768000.0,0.0,0.0
A,1446,65,80,0,15768000.0,0.0,0.0
A,1447,65,80,0,15768000.0,0.0,0.0
A,1448,65,80,0,15768000.0,0.0,0.0
A,1449,65,80,0,15768000.0,0.0,0.0
A,1450,65,80,0,15768000.0,0.0,0.0
A,1451,65,80,0,15768000.0,0.0,0.0
A,1452,65,80,0,15768000.0,0.0,0.0
A,1453,65,80,0,15768000.0,0.0,0.0
A,1454,65,80,0,15768000.0,0.0,0.0
A,1455,65,80,0,15768000.0,0.0,0.0
A,1456,65,80,0,15768000.0,0.0,0.0
A,1457,65,80,0,15768000.0,0.0,0.0
A,1458,65,80,0,15768000.0,0.0,0.0
A,1459,65,80,0,15768000.0,0.0,0.0
A,1460,65,80,0,15768000.0,0.0,0.0
A,1461,65,80,0,15768000.0,0.0,0.0
A,1462,65,80,0,15768000.0,0.0,0.0
A,1463,65,80,0,15768000.0,0.0,0.0
A,1464,65,80,0,15768000.0,0.0,0.0
A,1465,65,80,0,15768000.0,0.0,0.0
A,1466,65,80,0,15768000.0,0.0,0.0
A,1467,65,80,0,15768000.0,0.0,0.0
A,1468,65,80,0,15768000.0,0.0,0.0
A,1469,65,80,0,15768000.0,0.0,0.0
A,1470,65,80,0,15768000.0,0.0,0.0
A,1471,65,80,0,15768000.0,0.0,0.0
A,1472,65,80,0,15768000.0,0.0,0.0
A,1473,65,80,0,15768000.0,0.0,0.0
A,1474,65,80,0,15768000.0,0.0,0.0
A,1475,65,80,0,15768000.0,0.0,0.0
A,1476,65,80,0,15768000.0,0.0,0.0
A,1477,65,80,0,15768000.0,0.0,0.0
A,1478,65,80,0,15768000.0,0.0,0.0
A,1479,65,80,0,15768000.0,0.0,0.0
A,1480,65,80,0,15768000.0,0.0,0.0
A,1481,65,80,0,15768000.0,0.0,0.0
A,1482,65,80,0,15768000.0,0.0,0.0
A,1483,65,80,0,15768000.0,0.0,0.0
A,1484,65,80,0,15768000.0,0.0,0.0
A,1485,65,80,0,15768000.0,0.0,0.0
A,1486,65,80,0,15768000.0,0.0,0.0
A,1487,65,80,0,15768000.0,0.0,0.0
A,1488,65,80,0,15768000.0,0.0,0.0
A,1489,65,80,0,15768000.0,0.0,0.0
A,1490,65,80,0,15768000.0,0.0,0.0
A,1491,65,80,0,15768000.0,0.0,0.0
A,1492,65,80,0,15768000.0,0.0,0.0
A,1493,65,80,0,15768000.0,0.0,0.0
A,1494,65,80,0,15768000.0,0.0,0.0
A,1495,65,80,0,15768000.0,0.0,0.0
A,1496,65,80,0,15768000.0,0.0,0.0
A,1497,65,80,0,15768000.0,0.0,0.0
A,1498,65,80,0,15768000.0,0.0,0.0
A,1499,65,80,0,15768000.0,0.0,0.0
A,1500,65,80,0,15768000.0,0.0,0.0
A,1501,65,80,0,15768000.0,0.0,0.0
A,1502,65,80,0,15768000.0,0.0,0.0
A,1503,65,80,0,15768000.0,0.0,0.0
A,1504,65,80,0,15768000.0,0.0,0.0
A,1505,65,80,0,15768000.0,0.0,0.0
A,1506,65,80,0,15768000.0,0.0,0.0
A,1507,65,80,0,15768000.0,0.0,0.0
A,1508,65,80,0,15768000.0,0.0,0.0
A,1509,65,80,0,15768000.0,0.0,0.0
A,1510,65,80,0,15768000.0,0.0,0.0
A,1511,65,80,0,15768000.0,0.0,0.0
A,1512,65,80,0,15768000.0,0.0,0.0
A,1513,65,80,0,15768000.0,0.0,0.0
A,1514,65,80,0,15768000.0,0.0,0.0
A,1515,65,80,0,15768000.0,0.0,0.0
A,1516,65,80,0,15768000.0,0.0,0.0
A,1517,65,80,0,15768000.0,0.0,0.0
A,1518,65,80,0,15768000.0,0.0,0.0
A,1519,65,80,0,15768000.0,0.0,0.0
A,1520,65,80,0,15768000.0,0.0,0.0
A,1521,65,80,0,15768000.0,0.0,0.0
A,1522,65,80,0,15768000.0,0.0,0.0
A,1523,65,80,0,15768000.0,0.0,0.0
A,1524,65,80,0,15768000.0,0.0,0.0
A,1525,65,80,0,15768000.0,0.0,0.0
A,1526,65,80,0,15768000.0,0.0,0.0
A,1527,65,80,0,15768000.0,0.0,0.0
A,1528,65,80,0,15768000.0,0.0,0.0
A,1529,65,80,0,15768000.0,0.0,0.0
A,1530,65,80,0,15768000.0,0.0,0.0
A,1531,65,80,0,15768000.0,0.0,0.0
A,1532,65,80,0,15768000.0,0.0,0.0
A,1533,65,80,0,15768000.0,0.0,0.0
A,1534,65,80,0,15768000.0,0.0,0.0
A,1535,65,80,0,15768000.0,0.0,0.0
A,1536,65,80,0,15768000.0,0.0,0.0
A,1537,65,80,0,15768000.0,0.0,0.0
A,1538,65,80,0,15768000.0,0.0,0.0
A,1539,65,80,0,15768000.0,0.0,0.0
A,1540,65,80,0,15768000.0,0.0,0.0
A,1541,65,80,0,15768000.0,0.0,0.0
A,1542,65,80,0,15768000.0,0.0,0.0
A,1543,65,80,0,15768000.0,0.0,0.0
A,1544,65,80,0,15768000.0,0.0,0.0
A,1545,65,80,0,15768000.0,0.0,0.0
A,1546,65,80,0,15768000.0,0.0,0.0
A,1547,65,80,0,15768000.0,0.0,0.0
A,1548,65,80,0,15768000.0,0.0,0.0
A,1549,65,80,0,15768000.0,0.0,0.0
A,1550,65,80,0,15768000.0,0.0,0.0
A,1551,65,80,0,15768000.0,0.0,0.0
A,1552,65,80,0,15768000.0,0.0,0.0
A,1553,65,80,0,15768000.0,0.0,0.0
A,1554,65,80,0,15768000.0,0.0,0.0
A,1555,65,80,0,15768000.0,0.0,0.0
A,1556,65,80,0,15768000.0,0.0,0.0
A,1557,65,80,0,15768000.0,0.0,0.0
A,1558,65,80,0,15768000.0,0.0,0.0
A,1559,65,80,0,15768000.0,0.0,0.0
A,1560,65,80,0,15768000.0,0.0,0.0
A,1561,65,80,0,15768000.0,0.0,0.0
A,1562,65,80,0,15768000.0,0.0,0.0
A,1563,65,80,0,15768000.0,0.0,0.0
A,1564,65,80,0,15768000.0,0.0,0.0
A,1565,65,80,0,15768000.0,0.0,0.0
A,1566,65,80,0,15768000.0,0.0,0.0
A,1567,65,80,0,15768000.0,0.0,0.0
A,1568,65,80,0,15768000.0,0.0,0.0
A,1569,65,80,0,15768000.0,0.0,0.0
A,1570,65,80,0,15768000.0,0.0,0.0
A,1571,65,80,0,15768000.0,0.0,0.0
A,1572,65,80,0,15768000.0,0.0,0.0
A,1573,65,80,0,15768000.0,0.0,0.0
A,1574,65,80,0,15768000.0,0.0,0.0
A,1575,65,80,0,15768000.0,0.0,0.0
A,1576,65,80,0,15768000.0,0.0,0.0
A,1577,65,80,0,15768000.0,0.0,0.0
A,1578,65,80,0,15768000.0,0.0,0.0
A,1579,65,80,0,15768000.0,0.0,0.0
A,1580,65,80,0,15768000.0,0.0,0.0
A,1581,65,80,0,15768000.0,0.0,0.0
A,1582,65,80,0,15768000.0,0.0,0.0
A,1583,65,80,0,15768000.0,0.0,0.0
A,1584,65,80,0,15768000.0,0.0,0.0
A,1585,65,80,0,15768000.0,0.0,0.0
A,1586,65,80,0,15768000.0,0.0,0.0
A,1587,65,80,0,15768000.0,0.0,0.0
A,1588,65,80,0,15768000.0,0.0,0.0
A,1589,65,80,0,15768000.0,0.0,0.0
A,1590,65,80,0,15768000.0,0.0,0.0
A,1591,65,80,0,15768000.0,0.0,0.0
A,1592,65,80,0,15768000.0,0.0,0.0
A,1593,65,80,0,15768000.0,0.0,0.0
A,1594,65,80,0,15768000.0,0.0,0.0
A,1595,65,80,0,15768000.0,0.0,0.0
A,1596,65,80,0,15768000.0,0.0,0.0
A,1597,65,80,0,15768000.0,0.0,0.0
A,1598,65,80,0,15768000.0,0.0,0.0
A,1599,65,80,0,15768000.0,0.0,0.0
A,1600,65,80,0,15768000.0,0.0,0.0
A,1601,65,80,0,15768000.0,0.0,0.0
A,1602,65,80,0,15768000.0,0.0,0.0
A,1603,65,80,0,15768000.0,0.0,0.0
A,1604,65,80,0,15768000.0,0.0,0.0
A,1605,65,80,0,15768000.0,0.0,0.0
A,1606,65,80,0,15768000.0,0.0,0.0
A,1607,65,80,0,15768000.0,0.0,0.0
A,1608,65,80,0,15768000.0,0.0,0.0
A,1609,65,80,0,15768000.0,0.0,0.0
A,1610,65,80,0,15768000.0,0.0,0.0
A,1611,65,80,0,15768000.0,0.0,0.0
A,1612,65,80,0,15768000.0,0.0,0.0
A,1613,65,80,0,15768000.0,0.0,0.0
A,1614,65,80,0,15768000.0,0.0,0.0
A,1615,65,80,0,15768000.0,0.0,0.0
A,1616,65,80,0,15768000.0,0.0,0.0
A,1617,65,80,0,15768000.0,0.0,0.0
A,1618,65,80,0,15768000.0,0.0,0.0
A,1619,65,80,0,15768000.0,0.0,0.0
A,1620,65,80,0,15768000.0,0.0,0.0
A,1621,65,80,0,15768000.0,0.0,0.0
A,1622,65,80,0,15768000.0,0.0,0.0
A,1623,65,80,0,15768000.0,0.0,0.0
A,1624,65,80,0,15768000.0,0.0,0.0
A,1625,65,80,0,15768000.0,0.0,0.0
A,1626,65,80,0,15768000.0,0.0,0.0
A,1627,65,80,0,15768000.0,0.0,0.0
A,1628,65,80,0,15768000.0,0.0,0.0
A,1629,65,80,0,15768000.0,0.0,0.0
A,1630,65,80,0,15768000.0,0.0,0.0
A,1631,65,80,0,15768000.0,0.0,0.0
A,1632,65,80,0,15768000.0,0.0,0.0
A,1633,65,80,0,15768000.0,0.0,0.0
A,1634,65,80,0,15768000.0,0.0,0.0
A,1635,65,80,0,15768000.0,0.0,0.0
A,1636,65,80,0,15768000.0,0.0,0.0
A,1637,65,80,0,15768000.0,0.0,0.0
A,1638,65,80,0,15768000.0,0.0,0.0
A,1639,65,80,0,15768000.0,0.0,0.0
A,1640,65,80,0,15768000.0,0.0,0.0
A,1641,65,80,0,15768000.0,0.0,0.0
A,1642,65,80,0,15768000.0,0.0,0.0
A,1643,65,80,0,15768000.0,0.0,0.0
A,1644,65,80,0,15768000.0,0.0,0.0
A,1645,65,80,0,15768000.0,0.0,0.0
A,1646,65,80,0,15768000.0,0.0,0.0
A,1647,65,80,0,15768000.0,0.0,0.0
A,1648,65,80,0,15768000.0,0.0,0.0
A,1649,65,80,0,15768000.0,0.0,0.0
A,1650,65,80,0,15768000.0,0.0,0.0
A,1651,65,80,0,15768000.0,0.0,0.0
A,1652,65,80,0,15768000.0,0.0,0.0
A,1653,65,80,0,15768000.0,0.0,0.0
A,1654,65,80,0,15768000.0,0.0,0.0
A,1655,65,80,0,15768000.0,0.0,0.0
A,1656,65,80,0,15768000.0,0.0,0.0
A,1657,65,80,0,15768000.0,0.0,0.0
A,1658,65,80,0,15768000.0,0.0,0.0
A,1659,65,80,0,15768000.0,0.0,0.0
A,1660,65,80,0,15768000.0,0.0,0.0
A,1661,65,80,0,15768000.0,0.0,0.0
A,1662,65,80,0,15768000.0,0.0,0.0
A,1663,65,80,0,15768000.0,0.0,0.0
A,1664,65,80,0,15768000.0,0.0,0.0
A,1665,65,80,0,15768000.0,0.0,0.0
A,1666,65,80,0,15768000.0,0.0,0.0
A,1667,65,80,0,15768000.0,0.0,0.0
A,1668,65,80,0,15768000.0,0.0,0.0
A,1669,65,80,0,15768000.0,0.0,0.0
A,1670,65,80,0,15768000.0,0.0,0.0
A,1671,65,80,0,15768000.0,0.0,0.0
A,1672,65,80,0,15768000.0,0.0,0.0
A,1673,65,80,0,15768000.0,0.0,0.0
A,1674,65,80,0,15768000.0,0.0,0.0
A,1675,65,80,0,15768000.0,0.0,0.0
A,1676,65,80,0,15768000.0,0.0,0.0
A,1677,65,80,0,15768000.0,0.0,0.0
A,1678,65,80,0,15768000.0,0.0,0.0
A,1679,65,80,0,15768000.0,0.0,0.0
A,1680,65,80,0,15768000.0,0.0,0.0
A,1681,65,80,0,15768000.0,0.0,0.0
A,1682,65,80,0,15768000.0,0.0,0.0
A,1683,65,80,0,15768000.0,0.0,0.0
A,1684,65,80,0,15768000.0,0.0,0.0
A,1685,65,80,0,15768000.0,0.0,0.0
A,1686,65,80,0,15768000.0,0.0,0.0
A,1687,65,80,0,15768000.0,0.0,0.0
A,1688,65,80,0,15768000.0,0.0,0.0
A,1689,65,80,0,15768000.0,0.0,0.0
A,1690,65,80,0,15768000.0,0.0,0.0
A,1691,65,80,0,15768000.0,0.0,0.0
A,1692,65,80,0,15768000.0,0.0,0.0
A,1693,65,80,0,15768000.0,0.0,0.0
A,1694,65,80,0,15768000.0,0.0,0.0
A,1695,65,80,0,15768000.0,0.0,0.0
A,1696,65,80,0,15768000.0,0.0,0.0
A,1697,65,80,0,15768000.0,0.0,0.0
A,1698,65,80,0,15768000.0,0.0,0.0
A,1699,65,80,0,15768000.0,0.0,0.0
A,1700,65,80,0,15768000.0,0.0,0.0
A,1701,65,80,0,15768000.0,0.0,0.0
A,1702,65,80,0,15768000.0,0.0,0.0
A,1703,65,80,0,15768000.0,0.0,0.0
A,1704,65,80,0,15768000.0,0.0,0.0
A,1705,65,80,0,15768000.0,0.0,0.0
A,1706,65,80,0,15768000.0,0.0,0.0
A,1707,65,80,0,15768000.0,0.0,0.0
A,1708,65,80,0,15768000.0,0.0,0.0
A,1709,65,80,0,15768000.0,0.0,0.0
A,1710,65,80,0,15768000.0,0.0,0.0
A,1711,65,80,0,15768000.0,0.0,0.0
A,1712,65,80,0,15768000.0,0.0,0.0
A,1713,65,80,0,15768000.0,0.0,0.0
A,1714,65,80,0,15768000.0,0.0,0.0
A,1715,65,80,0,15768000.0,0.0,0.0
A,1716,65,80,0,15768000.0,0.0,0.0
A,1717,65,80,0,15768000.0,0.0,0.0
A,1718,65,80,0,15768000.0,0.0,0.0
A,1719,65,80,0,15768000.0,0.0,0.0
A,1720,65,80,0,15768000.0,0.0,0.0
A,1721,65,80,0,15768000.0,0.0,0.0
A,1722,65,80,0,15768000.0,0.0,0.0
A,1723,65,80,0,15768000.0,0.0,0.0
A,1724,65,80,0,15768000.0,0.0,0.0
A,1725,65,80,0,15768000.0,0.0,0.0
A,1726,65,80,0,15768000.0,0.0,0.0
A,1727,65,80,0,15768000.0,0.0,0.0
A,1728,65,80,0,15768000.0,0.0,0.0
A,1729,65,80,0,15768000.0,0.0,0.0
A,1730,65,80,0,15768000.0,0.0,0.0
A,1731,65,80,0,15768000.0,0.0,0.0
A,1732,65,80,0,15768000.0,0.0,0.0
A,1733,65,80,0,15768000.0,0.0,0.0
A,1734,65,80,0,15768000.0,0.0,0.0
A,1735,65,80,0,15768000.0,0.0,0.0
A,1736,65,80,0,15768000.0,0.0,0.0
A,1737,65,80,0,15768000.0,0.0,0.0
A,1738,65,80,0,15768000.0,0.0,0.0
A,1739,65,80,0,15768000.0,0.0,0.0
A,1740,65,80,0,15768000.0,0.0,0.0
A,1741,65,80,0,15768000.0,0.0,0.0
A,1742,65,80,0,15768000.0,0.0,0.0
A,1743,65,80,0,15768000.0,0.0,0.0
A,1744,65,80,0,15768000.0,0.0,0.0
A,1745,65,80,0,15768000.0,0.0,0.0
A,1746,65,80,0,15768000.0,0.0,0.0
A,1747,65,80,0,15768000.0,0.0,0.0
A,1748,65,80,0,15768000.0,0.0,0.0
A,1749,65,80,0,15768000.0,0.0,0.0
A,1750,65,80,0,15768000.0,0.0,0.0
A,1751,65,80,0,15768000.0,0.0,0.0
A,1752,65,80,0,15768000.0,0.0,0.0
A,1753,65,80,0,15768000.0,0.0,0.0
A,1754,65,80,0,15768000.0,0.0,0.0
A,1755,65,80,0,15768000.0,0.0,0.0
A,1756,65,80,0,15768000.0,0.0,0.0
A,1757,65,80,0,15768000.0,0.0,0.0
A,1758,65,80,0,15768000.0,0.0,0.0
A,1759,65,80,0,15768000.0,0.0,0.0
A,1760,65,80,0,15768000.0,0.0,0.0
A,1761,65,80,0,15768000.0,0.0,0.0
A,1762,65,80,0,15768000.0,0.0,0.0
A,1763,65,80,0,15768000.0,0.0,0.0
A,1764,65,80,0,15768000.0,0.0,0.0
A,1765,65,80,0,15768000.0,0.0,0.0
A,1766,65,80,0,15768000.0,0.0,0.0
A,1767,65,80,0,15768000.0,0.0,0.0
A,1768,65,80,0,15768000.0,0.0,0.0
A,1769,65,80,0,15768000.0,0.0,0.0
A,1770,65,80,0,15768000.0,0.0,0.0
A,1771,65,80,0,15768000.0,0.0,0.0
A,1772,65,80,0,15768000.0,0.0,0.0
A,1773,65,80,0,15768000.0,0.0,0.0
A,1774,65,80,0,15768000.0,0.0,0.0
A,1775,65,80,0,15768000.0,0.0,0.0
A,1776,65,80,0,15768000.0,0.0,0.0
A,1777,65,80,0,15768000.0,0.0,0.0
A,1778,65,80,0,15768000.0,0.0,0.0
A,1779,65,80,0,15768000.0,0.0,0.0
A,1780,65,80,0,15768000.0,0.0,0.0
A,1781,65,80,0,15768000.0,0.0,0.0
A,1782,65,80,0,15768000.0,0.0,0.0
A,1783,65,80,0,15768000.0,0.0,0.0
A,1784,65,80,0,15768000.0,0.0,0.0
A,1785,65,80,0,15768000.0,0.0,0.0
A,1786,65,80,0,15768000.0,0.0,0.0
A,1787,65,80,0,15768000.0,0.0,0.0
A,1788,65,80,0,15768000.0,0.0,0.0
A,1789,65,80,0,15768000.0,0.0,0.0
A,1790,65,80,0,15768000.0,0.0,0.0
A,1791,65,80,0,15768000.0,0.0,0.0
A,1792,65,80,0,15768000.0,0.0,0.0
A,1793,65,80,0,15768000.0,0.0,0.0
A,1794,65,80,0,15768000.0,0.0,0.0
A,1795,65,80,0,15768000.0,0.0,0.0
A,1796,65,80,0,15768000.0,0.0,0.0
A,1797,65,80,0,15768000.0,0.0,0.0
A,1798,65,80,0,15768000.0,0.0,0.0
A,1799,65,80,0,15768000.0,0.0,0.0
A,1800,65,80,0,15768000.0,0.0,0.0
A,1801,65,80,0,15768000.0,0.0,0.0
A,1802,65,80,0,15768000.0,0.0,0.0
A,1803,65,80,0,15768000.0,0.0,0.0
A,1804,65,80,0,15768000.0,0.0,0.0
A,1805,65,80,0,15768000.0,0.0,0.0
A,1806,65,80,0,15768000.0,0.0,0.0
A,1807,65,80,0,15768000.0,0.0,0.0
A,1808,65,80,0,15768000.0,0.0,0.0
A,1809,65,80,0,15768000.0,0.0,0.0
A,1810,65,80,0,15768000.0,0.0,0.0
A,1811,65,80,0,15768000.0,0.0,0.0
A,1812,65,80,0,15768000.0,0.0,0.0
A,1813,65,80,0,15768000.0,0.0,0.0
A,1814,65,80,0,15768000.0,0.0,0.0
A,1815,65,80,0,15768000.0,0.0,0.0
A,1816,65,80,0,15768000.0,0.0,0.0
A,1817,65,80,0,15768000.0,0.0,0.0
A,1818,65,80,0,15768000.0,0.0,0.0
A,1819,65,80,0,15768000.0,0.0,0.0
A,1820,65,80,0,15768000.0,0.0,0.0
A,1821,65,80,0,15768000.0,0.0,0.0
A,1822,65,80,0,15768000.0,0.0,0.0
A,1823,65,80,0,15768000.0,0.0,0.0
A,1824,65,80,0,15768000.0,0.0,0.0
A,1825,65,80,0,15768000.0,0.0,0.0
A,1826,65,80,0,15768000.0,0.0,0.0
A,1827,65,80,0,15768000.0,0.0,0.0
A,1828,65,80,0,15768000.0,0.0,0.0
A,1829,65,80,0,15768000.0,0.0,0.0
A,1830,65,80,0,15768000.0,0.0,0.0
A,1831,65,80,0,15768000.0,0.0,0.0
A,1832,65,80,0,15768000.0,0.0,0.0
A,1833,65,80,0,15768000.0,0.0,0.0
A,1834,65,80,0,15768000.0,0.0,0.0
A,1835,65,80,0,15768000.0,0.0,0.0
A,1836,65,80,0,15768000.0,0.0,0.0
A,1837,65,80,0,15768000.0,0.0,0.0
A,1838,65,80,0,15768000.0,0.0,0.0
A,1839,65,80,0,15768000.0,0.0,0.0
A,1840,65,80,0,15768000.0,0.0,0.0
A,1841,65,80,0,15768000.0,0.0,0.0
A,1842,65,80,0,15768000.0,0.0,0.0
A,1843,65,80,0,15768000.0,0.0,0.0
A,1844,65,80,0,15768000.0,0.0,0.0
A,1845,65,80,0,15768000.0,0.0,0.0
A,1846,65,80,0,15768000.0,0.0,0.0
A,1847,65,80,0,15768000.0,0.0,0.0
A,1848,65,80,0,15768000.0,0.0,0.0
A,1849,65,80,0,15768000.0,0.0,0.0
A,1850,65,80,0,15768000.0,0.0,0.0
A,1851,65,80,0,15768000.0,0.0,0.0
A,1852,65,80,0,15768000.0,0.0,0.0
A,1853,65,80,0,15768000.0,0.0,0.0
A,1854,65,80,0,15768000.0,0.0,0.0
A,1855,65,80,0,15768000.0,0.0,0.0
A,1856,65,80,0,15768000.0,0.0,0.0
A,1857,65,80,0,15768000.0,0.0,0.0
A,1858,65,80,0,15768000.0,0.0,0.0
A,1859,65,80,0,15768000.0,0.0,0.0
A,1860,65,80,0,15768000.0,0.0,0.0
A,1861,65,80,0,15768000.0,0.0,0.0
A,1862,65,80,0,15768000.0,0.0,0.0
A,1863,65,80,0,15768000.0,0.0,0.0
A,1864,65,80,0,15768000.0,0.0,0.0
A,1865,65,80,0,15768000.0,0.0,0.0
A,1866,65,80,0,15768000.0,0.0,0.0
A,1867,65,80,0,15768000.0,0.0,0.0
A,1868,65,80,0,15768000.0,0.0,0.0
A,1869,65,80,0,15768000.0,0.0,0.0
A,1870,65,80,0,15768000.0,0.0,0.0
A,1871,65,80,0,15768000.0,0.0,0.0
A,1872,65,80,0,15768000.0,0.0,0.0
A,1873,65,80,0,15768000.0,0.0,0.0
A,1874,65,80,0,15768000.0,0.0,0.0
A,1875,65,80,0,15768000.0,0.0,0.0
A,1876,65,80,0,15768000.0,0.0,0.0
A,1877,65,80,0,15768000.0,0.0,0.0
A,1878,65,80,0,15768000.0,0.0,0.0
A,1879,65,80,0,15768000.0,0.0,0.0
A,1880,65,80,0,15768000.0,0.0,0.0
A,1881,65,80,0,15768000.0,0.0,0.0
A,1882,65,80,0,15768000.0,0.0,0.0
A,1883,65,80,0,15768000.0,0.0,0.0
A,1884,65,80,0,15768000.0,0.0,0.0
A,1885,65,80,0,15768000.0,0.0,0.0
A,1886,65,80,0,15768000.0,0.0,0.0
A,1887,65,80,0,15768000.0,0.0,0.0
A,1888,65,80,0,15768000.0,0.0,0.0
A,1889,65,80,0,15768000.0,0.0,0.0
A,1890,65,80,0,15768000.0,0.0,0.0
A,1891,65,80,0,15768000.0,0.0,0.0
A,1892,65,80,0,15768000.0,0.0,0.0
A,1893,65,80,0,15768000.0,0.0,0.0
A,1894,65,80,0,15768000.0,0.0,0.0
A,1895,65,80,0,15768000.0,0.0,0.0
A,1896,65,80,0,15768000.0,0.0,0.0
A,1897,65,80,0,15768000.0,0.0,0.0
A,1898,65,80,0,15768000.0,0.0,0.0
A,1899,65,80,0,15768000.0,0.0,0.0
A,1900,65,80,0,15768000.0,0.0,0.0
A,1901,65,80,0,15768000.0,0.0,0.0
A,1902,65,80,0,15768000.0,0.0,0.0
A,1903,65,80,0,15768000.0,0.0,0.0
A,1904,65,80,0,15768000.0,0.0,0.0
A,1905,65,80,0,15768000.0,0.0,0.0
A,1906,65,80,0,15768000.0,0.0,0.0
A,1907,65,80,0,15768000.0,0.0,0.0
A,1908,65,80,0,15768000.0,0.0,0.0
A,1909,65,80,0,15768000.0,0.0,0.0
A,1910,65,80,0,15768000.0,0.0,0.0
A,1911,65,80,0,15768000.0,0.0,0.0
A,1912,65,80,0,15768000.0,0.0,0.0
A,1913,65,80,0,15768000.0,0.0,0.0
A,1914,65,80,0,15768000.0,0.0,0.0
A,1915,65,80,0,15768000.0,0.0,0.0
A,1916,65,80,0,15768000.0,0.0,0.0
A,1917,65,80,0,15768000.0,0.0,0.0
A,1918,65,80,0,15768000.0,0.0,0.0
A,1919,65,80,0,15768000.0,0.0,0.0
A,1920,65,80,0,15768000.0,0.0,0.0
A,1921,65,80,0,15768000.0,0.0,0.0
A,1922,65,80,0,15768000.0,0.0,0.0
A,1923,65,80,0,15768000.0,0.0,0.0
A,1924,65,80,0,15768000.0,0.0,0.0
A,1925,65,80,0,15768000.0,0.0,0.0
A,1926,65,80,0,15768000.0,0.0,0.0
A,1927,65,80,0,15768000.0,0.0,0.0
A,1928,65,80,0,15768000.0,0.0,0.0
A,1929,65,80,0,15768000.0,0.0,0.0
A,1930,65,80,0,15768000.0,0.0,0.0
A,1931,65,80,0,15768000.0,0.0,0.0
A,1932,65,80,0,15768000.0,0.0,0.0
A,1933,65,80,0,15768000.0,0.0,0.0
A,1934,65,80,0,15768000.0,0.0,0.0
A,1935,65,80,0,15768000.0,0.0,0.0
A,1936,65,80,0,15768000.0,0.0,0.0
A,1937,65,80,0,15768000.0,0.0,0.0
A,1938,65,80,0,15768000.0,0.0,0.0
A,1939,65,80,0,15768000.0,0.0,0.0
A,1940,65,80,0,15768000.0,0.0,0.0
A,1941,65,80,0,15768000.0,0.0,0.0
A,1942,65,80,0,15768000.0,0.0,0.0
A,1943,65,80,0,15768000.0,0.0,0.0
A,1944,65,80,0,15768000.0,0.0,0.0
A,1945,65,80,0,15768000.0,0.0,0.0
A,1946,65,80,0,15768000.0,0.0,0.0
A,1947,65,80,0,15768000.0,0.0,0.0
A,1948,65,80,0,15768000.0,0.0,0.0
A,1949,65,80,0,15768000.0,0.0,0.0
A,1950,65,80,0,15768000.0,0.0,0.0
A,1951,65,80,0,15768000.0,0.0,0.0
A,1952,65,80,0,15768000.0,0.0,0.0
A,1953,65,80,0,15768000.0,0.0,0.0
A,1954,65,80,0,15768000.0,0.0,0.0
A,1955,65,80,0,15768000.0,0.0,0.0
A,1956,65,80,0,15768000.0,0.0,0.0
A,1957,65,80,0,15768000.0,0.0,0.0
A,1958,65,80,0,15768000.0,0.0,0.0
A,1959,65,80,0,15768000.0,0.0,0.0
A,1960,65,80,0,15768000.0,0.0,0.0
A,1961,65,80,0,15768000.0,0.0,0.0
A,1962,65,80,0,15768000.0,0.0,0.0
A,1963,65,80,0,15768000.0,0.0,0.0
A,1964,65,80,0,15768000.0,0.0,0.0
A,1965,65,80,0,15768000.0,0.0,0.0
A,1966,65,80,0,15768000.0,0.0,0.0
A,1967,65,80,0,15768000.0,0.0,0.0
A,1968,65,80,0,15768000.0,0.0,0.0
A,1969,65,80,0,15768000.0,0.0,0.0
A,1970,65,80,0,15768000.0,0.0,0.0
A,1971,65,80,0,15768000.0,0.0,0.0
A,1972,65,80,0,15768000.0,0.0,0.0
A,1973,65,80,0,15768000.0,0.0,0.0
A,1974,65,80,0,15768000.0,0.0,0.0
A,1975,65,80,0,15768000.0,0.0,0.0
A,1976,65,80,0,15768000.0,0.0,0.0
A,1977,65,80,0,15768000.0,0.0,0.0
A,1978,65,80,0,15768000.0,0.0,0.0
A,1979,65,80,0,15768000.0,0.0,0.0
A,1980,65,80,0,15768000.0,0.0,0.0
A,1981,65,80,0,15768000.0,0.0,0.0
A,1982,65,80,0,15768000.0,0.0,0.0
A,1983,65,80,0,15768000.0,0.0,0.0
A,1984,65,80,0,15768000.0,0.0,0.0
A,1985,65,80,0,15768000.0,0.0,0.0
A,1986,65,80,0,15768000.0,0.0,0.0
A,1987,65,80,0,15768000.0,0.0,0.0
A,1988,65,80,0,15768000.0,0.0,0.0
A,1989,65,80,0,15768000.0,0.0,0.0
A,1990,65,80,0,15768000.0,0.0,0.0
A,1991,65,80,0,15768000.0,0.0,0.0
A,1992,65,80,0,15768000.0,0.0,0.0
A,1993,65,80,0,15768000.0,0.0,0.0
A,1994,65,80,0,15768000.0,0.0,0.0
A,1995,65,80,0,15768000.0,0.0,0.0
A,1996,65,80,0,15768000.0,0.0,0.0
A,1997,65,80,0,15768000.0,0.0,0.0
A,1998,65,80,0,15768000.0,0.0,0.0
A,1999,65,80,0,15768000.0,0.0,0.0
A,2000,65,80,0,15768000.0,0.0,0.0
A,2001,65,80,0,15768000.0,0.0,0.0
A,2002,65,80,0,15768000.0,0.0,0.0
A,2003,65,80,0,15768000.0,0.0,0.0
A,2004,65,80,0,15768000.0,0.0,0.0
A,2005,65,80,0,15768000.0,0.0,0.0
A,2006,65,80,0,15768000.0,0.0,0.0
A,2007,65,80,0,15768000.0,0.0,0.0
A,2008,65,80,0,15768000.0,0.0,0.0
A,2009,65,80,0,15768000.0,0.0,0.0
A,2010,65,80,0,15768000.0,0.0,0.0
A,2011,65,80,0,15768000.0,0.0,0.0
A,2012,65,80,0,15768000.0,0.0,0.0
A,2013,65,80,0,15768000.0,0.0,0.0
A,2014,65,80,0,15768000.0,0.0,0.0
A,2015,65,80,0,15768000.0,0.0,0.0
A,2016,65,80,0,15768000.0,0.0,0.0
A,2017,65,80,0,15768000.0,0.0,0.0
A,2018,65,80,0,15768000.0,0.0,0.0
A,2019,65,80,0,15768000.0,0.0,0.0
A,2020,65,80,0,15768000.0,0.0,0.0
A,2021,65,80,0,15768000.0,0.0,0.0
A,2022,65,80,0,15768000.0,0.0,0.0
A,2023,65,80,0,15768000.0,0.0,0.0
A,2024,65,80,0,15768000.0,0.0,0.0
A,2025,65,80,0,15768000.0,0.0,0.0
A,2026,65,80,0,15768000.0,0.0,0.0
A,2027,65,80,0,15768000.0,0.0,0.0
A,2028,65,80,0,15768000.0,0.0,0.0
A,2029,65,80,0,15768000.0,0.0,0.0
A,2030,65,80,0,15768000.0,0.0,0.0
A,2031,65,80,0,15768000.0,0.0,0.0
A,2032,65,80,0,15768000.0,0.0,0.0
A,2033,65,80,0,15768000.0,0.0,0.0
A,2034,65,80,0,15768000.0,0.0,0.0
A,2035,65,80,0,15768000.0,0.0,0.0
A,2036,65,80,0,15768000.0,0.0,0.0
A,2037,65,80,0,15768000.0,0.0,0.0
A,2038,65,80,0,15768000.0,0.0,0.0
A,2039,65,80,0,15768000.0,0.0,0.0
A,2040,65,80,0,15768000.0,0.0,0.0
A,2041,65,80,0,15768000.0,0.0,0.0
A,2042,65,80,0,15768000.0,0.0,0.0
A,2043,65,80,0,15768000.0,0.0,0.0
A,2044,65,80,0,15768000.0,0.0,0.0
A,2045,65,80,0,15768000.0,0.0,0.0
A,2046,65,80,0,15768000.0,0.0,0.0
A,2047,65,80,0,15768000.0,0.0,0.0
A,2048,65,80,0,15768000.0,0.0,0.0
A,2049,65,80,0,15768000.0,0.0,0.0
A,2050,65,80,0,15768000.0,0.0,0.0
A,2051,65,80,0,15768000.0,0.0,0.0
A,2052,65,80,0,15768000.0,0.0,0.0
A,2053,65,80,0,15768000.0,0.0,0.0
A,2054,65,80,0,15768000.0,0.0,0.0
A,2055,65,80,0,15768000.0,0.0,0.0
A,2056,65,80,0,15768000.0,0.0,0.0
A,2057,65,80,0,15768000.0,0.0,0.0
A,2058,65,80,0,15768000.0,0.0,0.0
A,2059,65,80,0,15768000.0,0.0,0.0
A,2060,65,80,0,15768000.0,0.0,0.0
A,2061,65,80,0,15768000.0,0.0,0.0
A,2062,65,80,0,15768000.0,0.0,0.0
A,2063,65,80,0,15768000.0,0.0,0.0
A,2064,65,80,0,15768000.0,0.0,0.0
A,2065,65,80,0,15768000.0,0.0,0.0
A,2066,65,80,0,15768000.0,0.0,0.0
A,2067,65,80,0,15768000.0,0.0,0.0
A,2068,65,80,0,15768000.0,0.0,0.0
A,2069,65,80,0,15768000.0,0.0,0.0
A,2070,65,80,0,15768000.0,0.0,0.0
A,2071,65,80,0,15768000.0,0.0,0.0
A,2072,65,80,0,15768000.0,0.0,0.0
A,2073,65,80,0,15768000.0,0.0,0.0
A,2074,65,80,0,15768000.0,0.0,0.0
A,2075,65,80,0,15768000.0,0.0,0.0
A,2076,65,80,0,15768000.0,0.0,0.0
A,2077,65,80,0,15768000.0,0.0,0.0
A,2078,65,80,0,15768000.0,0.0,0.0
A,2079,65,80,0,15768000.0,0.0,0.0
A,2080,65,80,0,15768000.0,0.0,0.0
A,2081,65,80,0,15768000.0,0.0,0.0
A,2082,65,80,0,15768000.0,0.0,0.0
A,2083,65,80,0,15768000.0,0.0,0.0
A,2084,65,80,0,15768000.0,0.0,0.0
A,2085,65,80,0,15768000.0,0.0,0.0
A,2086,65,80,0,15768000.0,0.0,0.0
A,2087,65,80,0,15768000.0,0.0,0.0
A,2088,65,80,0,15768000.0,0.0,0.0
A,2089,65,80,0,15768000.0,0.0,0.0
A,2090,65,80,0,15768000.0,0.0,0.0
A,2091,65,80,0,15768000.0,0.0,0.0
A,2092,65,80,0,15768000.0,0.0,0.0
A,2093,65,80,0,15768000.0,0.0,0.0
A,2094,65,80,0,15768000.0,0.0,0.0
A,2095,65,80,0,15768000.0,0.0,0.0
A,2096,65,80,0,15768000.0,0.0,0.0
A,2097,65,80,0,15768000.0,0.0,0.0
A,2098,65,80,0,15768000.0,0.0,0.0
A,2099,65,80,0,15768000.0,0.0,0.0
A,2100,65,80,0,15768000.0,0.0,0.0
A,2101,65,80,0,15768000.0,0.0,0.0
A,2102,65,80,0,15768000.0,0.0,0.0
A,2103,65,80,0,15768000.0,0.0,0.0
A,2104,65,80,0,15768000.0,0.0,0.0
A,2105,65,80,0,15768000.0,0.0,0.0
A,2106,65,80,0,15768000.0,0.0,0.0
A,2107,65,80,0,15768000.0,0.0,0.0
A,2108,65,80,0,15768000.0,0.0,0.0
A,2109,65,80,0,15768000.0,0.0,0.0
A,2110,65,80,0,15768000.0,0.0,0.0
A,2111,65,80,0,15768000.0,0.0,0.0
A,2112,65,80,0,15768000.0,0.0,0.0
A,2113,65,80,0,15768000.0,0.0,0.0
A,2114,65,80,0,15768000.0,0.0,0.0
A,2115,65,80,0,15768000.0,0.0,0.0
A,2116,65,80,0,15768000.0,0.0,0.0
A,2117,65,80,0,15768000.0,0.0,0.0
A,2118,65,80,0,15768000.0,0.0,0.0
A,2119,65,80,0,15768000.0,0.0,0.0
A,2120,65,80,0,15768000.0,0.0,0.0
A,2121,65,80,0,15768000.0,0.0,0.0
A,2122,65,80,0,15768000.0,0.0,0.0
A,2123,65,80,0,15768000.0,0.0,0.0
A,2124,65,80,0,15768000.0,0.0,0.0
A,2125,65,80,0,15768000.0,0.0,0.0
A,2126,65,80,0,15768000.0,0.0,0.0
A,2127,65,80,0,15768000.0,0.0,0.0
A,2128,65,80,0,15768000.0,0.0,0.0
A,2129,65,80,0,15768000.0,0.0,0.0
A,2130,65,80,0,15768000.0,0.0,0.0
A,2131,65,80,0,15768000.0,0.0,0.0
A,2132,65,80,0,15768000.0,0.0,0.0
A,2133,65,80,0,15768000.0,0.0,0.0
A,2134,65,80,0,15768000.0,0.0,0.0
A,2135,65,80,0,15768000.0,0.0,0.0
A,2136,65,80,0,15768000.0,0.0,0.0
A,2137,65,80,0,15768000.0,0.0,0.0
A,2138,65,80,0,15768000.0,0.0,0.0
A,2139,65,80,0,15768000.0,0.0,0.0
A,2140,65,80,0,15768000.0,0.0,0.0
A,2141,65,80,0,15768000.0,0.0,0.0
A,2142,65,80,0,15768000.0,0.0,0.0
A,2143,65,80,0,15768000.0,0.0,0.0
A,2144,65,80,0,15768000.0,0.0,0.0
A,2145,65,80,0,15768000.0,0.0,0.0
A,2146,65,80,0,15768000.0,0.0,0.0
A,2147,65,80,0,15768000.0,0.0,0.0
A,2148,65,80,0,15768000.0,0.0,0.0
A,2149,65,80,0,15768000.0,0.0,0.0
A,2150,65,80,0,15768000.0,0.0,0.0
A,2151,65,80,0,15768000.0,0.0,0.0
A,2152,65,80,0,15768000.0,0.0,0.0
A,2153,65,80,0,15768000.0,0.0,0.0
A,2154,65,80,0,15768000.0,0.0,0.0
A,2155,65,80,0,15768000.0,0.0,0.0
A,2156,65,80,0,15768000.0,0.0,0.0
A,2157,65,80,0,15768000.0,0.0,0.0
A,2158,65,80,0,15768000.0,0.0,0.0
A,2159,65,80,0,15768000.0,0.0,0.0
A,2160,65,80,0,15768000.0,0.0,0.0
A,2161,65,80,0,15768000.0,0.0,0.0
A,2162,65,80,0,15768000.0,0.0,0.0
A,2163,65,80,0,15768000.0,0.0,0.0
A,2164,65,80,0,15768000.0,0.0,0.0
A,2165,65,80,0,15768000.0,0.0,0.0
A,2166,65,80,0,15768000.0,0.0,0.0
A,2167,65,80,0,15768000.0,0.0,0.0
A,2168,65,80,0,15768000.0,0.0,0.0
A,2169,65,80,0,15768000.0,0.0,0.0
A,2170,65,80,0,15768000.0,0.0,0.0
A,2171,65,80,0,15768000.0,0.0,0.0
A,2172,65,80,0,15768000.0,0.0,0.0
A,2173,65,80,0,15768000.0,0.0,0.0
A,2174,65,80,0,15768000.0,0.0,0.0
A,2175,65,80,0,15768000.0,0.0,0.0
A,2176,65,80,0,15768000.0,0.0,0.0
A,2177,65,80,0,15768000.0,0.0,0.0
A,2178,65,80,0,15768000.0,0.0,0.0
A,2179,65,80,0,15768000.0,0.0,0.0
A,2180,65,80,0,15768000.0,0.0,0.0
A,2181,65,80,0,15768000.0,0.0,0.0
A,2182,65,80,0,15768000.0,0.0,0.0
A,2183,65,80,0,15768000.0,0.0,0.0
A,2184,65,80,0,15768000.0,0.0,0.0
A,2185,65,80,0,15768000.0,0.0,0.0
A,2186,65,80,0,15768000.0,0.0,0.0
A,2187,65,80,0,15768000.0,0.0,0.0
A,2188,65,80,0,15768000.0,0.0,0.0
A,2189,65,80,0,15768000.0,0.0,0.0
A,2190,65,80,0,15768000.0,0.0,0.0
A,2191,65,80,0,15768000.0,0.0,0.0
A,2192,65,80,0,15768000.0,0.0,0.0
A,2193,65,80,0,15768000.0,0.0,0.0
A,2194,65,80,0,15768000.0,0.0,0.0
A,2195,65,80,0,15768000.0,0.0,0.0
A,2196,65,80,0,15768000.0,0.0,0.0
A,2197,65,80,0,15768000.0,0.0,0.0
A,2198,65,80,0,15768000.0,0.0,0.0
A,2199,65,80,0,15768000.0,0.0,0.0
A,2200,65,80,0,15768000.0,0.0,0.0
A,2201,65,80,0,15768000.0,0.0,0.0
A,2202,65,80,0,15768000.0,0.0,0.0
A,2203,65,80,0,15768000.0,0.0,0.0
A,2204,65,80,0,15768000.0,0.0,0.0
A,2205,65,80,0,15768000.0,0.0,0.0
A,2206,65,80,0,15768000.0,0.0,0.0
A,2207,65,80,0,15768000.0,0.0,0.0
A,2208,65,80,0,15768000.0,0.0,0.0
A,2209,65,80,0,15768000.0,0.0,0.0
A,2210,65,80,0,15768000.0,0.0,0.0
A,2211,65,80,0,15768000.0,0.0,0.0
A,2212,65,80,0,15768000.0,0.0,0.0
A,2213,65,80,0,15768000.0,0.0,0.0
A,2214,65,80,0,15768000.0,0.0,0.0
A,2215,65,80,0,15768000.0,0.0,0.0
A,2216,65,80,0,15768000.0,0.0,0.0
A,2217,65,80,0,15768000.0,0.0,0.0
A,2218,65,80,0,15768000.0,0.0,0.0
A,2219,65,80,0,15768000.0,0.0,0.0
A,2220,65,80,0,15768000.0,0.0,0.0
A,2221,65,80,0,15768000.0,0.0,0.0
A,2222,65,80,0,15768000.0,0.0,0.0
A,2223,65,80,0,15768000.0,0.0,0.0
A,2224,65,80,0,15768000.0,0.0,0.0
A,2225,65,80,0,15768000.0,0.0,0.0
A,2226,65,80,0,15768000.0,0.0,0.0
A,2227,65,80,0,15768000.0,0.0,0.0
A,2228,65,80,0,15768000.0,0.0,0.0
A,2229,65,80,0,15768000.0,0.0,0.0
A,2230,65,80,0,15768000.0,0.0,0.0
A,2231,65,80,0,15768000.0,0.0,0.0
A,2232,65,80,0,15768000.0,0.0,0.0
A,2233,65,80,0,15768000.0,0.0,0.0
A,2234,65,80,0,15768000.0,0.0,0.0
A,2235,65,80,0,15768000.0,0.0,0.0
A,2236,65,80,0,15768000.0,0.0,0.0
A,2237,65,80,0,15768000.0,0.0,0.0
A,2238,65,80,0,15768000.0,0.0,0.0
A,2239,65,80,0,15768000.0,0.0,0.0
A,2240,65,80,0,15768000.0,0.0,0.0
A,2241,65,80,0,15768000.0,0.0,0.0
A,2242,65,80,0,15768000.0,0.0,0.0
A,2243,65,80,0,15768000.0,0.0,0.0
A,2244,65,80,0,15768000.0,0.0,0.0
A,2245,65,80,0,15768000.0,0.0,0.0
A,2246,65,80,0,15768000.0,0.0,0.0
A,2247,65,80,0,15768000.0,0.0,0.0
A,2248,65,80,0,15768000.0,0.0,0.0
A,2249,65,80,0,15768000.0,0.0,0.0
A,2250,65,80,0,15768000.0,0.0,0.0
A,2251,65,80,0,15768000.0,0.0,0.0
A,2252,65,80,0,15768000.0,0.0,0.0
A,2253,65,80,0,15768000.0,0.0,0.0
A,2254,65,80,0,15768000.0,0.0,0.0
A,2255,65,80,0,15768000.0,0.0,0.0
A,2256,65,80,0,15768000.0,0.0,0.0
A,2257,65,80,0,15768000.0,0.0,0.0
A,2258,65,80,0,15768000.0,0.0,0.0
A,2259,65,80,0,15768000.0,0.0,0.0
A,2260,65,80,0,15768000.0,0.0,0.0
A,2261,65,80,0,15768000.0,0.0,0.0
A,2262,65,80,0,15768000.0,0.0,0.0
A,2263,65,80,0,15768000.0,0.0,0.0
A,2264,65,80,0,15768000.0,0.0,0.0
A,2265,65,80,0,15768000.0,0.0,0.0
A,2266,65,80,0,15768000.0,0.0,0.0
A,2267,65,80,0,15768000.0,0.0,0.0
A,2268,65,80,0,15768000.0,0.0,0.0
A,2269,65,80,0,15768000.0,0.0,0.0
A,2270,65,80,0,15768000.0,0.0,0.0
A,2271,65,80,0,15768000.0,0.0,0.0
A,2272,65,80,0,15768000.0,0.0,0.0
A,2273,65,80,0,15768000.0,0.0,0.0
A,2274,65,80,0,15768000.0,0.0,0.0
A,2275,65,80,0,15768000.0,0.0,0.0
A,2276,65,80,0,15768000.0,0.0,0.0
A,2277,65,80,0,15768000.0,0.0,0.0
A,2278,65,80,0,15768000.0,0.0,0.0
A,2279,65,80,0,15768000.0,0.0,0.0
A,2280,65,80,0,15768000.0,0.0,0.0
A,2281,65,80,0,15768000.0,0.0,0.0
A,2282,65,80,0,15768000.0,0.0,0.0
A,2283,65,80,0,15768000.0,0.0,0.0
A,2284,65,80,0,15768000.0,0.0,0.0
A,2285,65,80,0,15768000.0,0.0,0.0
A,2286,65,80,0,15768000.0,0.0,0.0
A,2287,65,80,0,15768000.0,0.0,0.0
A,2288,65,80,0,15768000.0,0.0,0.0
A,2289,65,80,0,15768000.0,0.0,0.0
A,2290,65,80,0,15768000.0,0.0,0.0
A,2291,65,80,0,15768000.0,0.0,0.0
A,2292,65,80,0,15768000.0,0.0,0.0
A,2293,65,80,0,15768000.0,0.0,0.0
A,2294,65,80,0,15768000.0,0.0,0.0
A,2295,65,80,0,15768000.0,0.0,0.0
A,2296,65,80,0,15768000.0,0.0,0.0
A,2297,65,80,0,15768000.0,0.0,0.0
A,2298,65,80,0,15768000.0,0.0,0.0
A,2299,65,80,0,15768000.0,0.0,0.0
A,2300,65,80,0,15768000.0,0.0,0.0
A,2301,65,80,0,15768000.0,0.0,0.0
A,2302,65,80,0,15768000.0,0.0,0.0
A,2303,65,80,0,15768000.0,0.0,0.0
A,2304,65,80,0,15768000.0,0.0,0.0
A,2305,65,80,0,15768000.0,0.0,0.0
A,2306,65,80,0,15768000.0,0.0,0.0
A,2307,65,80,0,15768000.0,0.0,0.0
A,2308,65,80,0,15768000.0,0.0,0.0
A,2309,65,80,0,15768000.0,0.0,0.0
A,2310,65,80,0,15768000.0,0.0,0.0
A,2311,65,80,0,15768000.0,0.0,0.0
A,2312,65,80,0,15768000.0,0.0,0.0
A,2313,65,80,0,15768000.0,0.0,0.0
A,2314,65,80,0,15768000.0,0.0,0.0
A,2315,65,80,0,15768000.0,0.0,0.0
A,2316,65,80,0,15768000.0,0.0,0.0
A,2317,65,80,0,15768000.0,0.0,0.0
A,2318,65,80,0,15768000.0,0.0,0.0
A,2319,65,80,0,15768000.0,0.0,0.0
A,2320,65,80,0,15768000.0,0.0,0.0
A,2321,65,80,0,15768000.0,0.0,0.0
A,2322,65,80,0,15768000.0,0.0,0.0
A,2323,65,80,0,15768000.0,0.0,0.0
A,2324,65,80,0,15768000.0,0.0,0.0
A,2325,65,80,0,15768000.0,0.0,0.0
A,2326,65,80,0,15768000.0,0.0,0.0
A,2327,65,80,0,15768000.0,0.0,0.0
A,2328,65,80,0,15768000.0,0.0,0.0
A,2329,65,80,0,15768000.0,0.0,0.0
A,2330,65,80,0,15768000.0,0.0,0.0
A,2331,65,80,0,15768000.0,0.0,0.0
A,2332,65,80,0,15768000.0,0.0,0.0
A,2333,65,80,0,15768000.0,0.0,0.0
A,2334,65,80,0,15768000.0,0.0,0.0
A,2335,65,80,0,15768000.0,0.0,0.0
A,2336,65,80,0,15768000.0,0.0,0.0
A,2337,65,80,0,15768000.0,0.0,0.0
A,2338,65,80,0,15768000.0,0.0,0.0
A,2339,65,80,0,15768000.0,0.0,0.0
A,2340,65,80,0,15768000.0,0.0,0.0
A,2341,65,80,0,15768000.0,0.0,0.0
A,2342,65,80,0,15768000.0,0.0,0.0
A,2343,65,80,0,15768000.0,0.0,0.0
A,2344,65,80,0,15768000.0,0.0,0.0
A,2345,65,80,0,15768000.0,0.0,0.0
A,2346,65,80,0,15768000.0,0.0,0.0
A,2347,65,80,0,15768000.0,0.0,0.0
A,2348,65,80,0,15768000.0,0.0,0.0
A,2349,65,80,0,15768000.0,0.0,0.0
A,2350,65,80,0,15768000.0,0.0,0.0
A,2351,65,80,0,15768000.0,0.0,0.0
A,2352,65,80,0,15768000.0,0.0,0.0
A,2353,65,80,0,15768000.0,0.0,0.0
A,2354,65,80,0,15768000.0,0.0,0.0
A,2355,65,80,0,15768000.0,0.0,0.0
A,2356,65,80,0,15768000.0,0.0,0.0
A,2357,65,80,0,15768000.0,0.0,0.0
A,2358,65,80,0,15768000.0,0.0,0.0
A,2359,65,80,0,15768000.0,0.0,0.0
A,2360,65,80,0,15768000.0,0.0,0.0
A,2361,65,80,0,15768000.0,0.0,0.0
A,2362,65,80,0,15768000.0,0.0,0.0
A,2363,65,80,0,15768000.0,0.0,0.0
A,2364,65,80,0,15768000.0,0.0,0.0
A,2365,65,80,0,15768000.0,0.0,0.0
A,2366,65,80,0,15768000.0,0.0,0.0
A,2367,65,80,0,15768000.0,0.0,0.0
A,2368,65,80,0,15768000.0,0.0,0.0
A,2369,65,80,0,15768000.0,0.0,0.0
A,2370,65,80,0,15768000.0,0.0,0.0
A,2371,65,80,0,15768000.0,0.0,0.0
A,2372,65,80,0,15768000.0,0.0,0.0
A,2373,65,80,0,15768000.0,0.0,0.0
A,2374,65,80,0,15768000.0,0.0,0.0
A,2375,65,80,0,15768000.0,0.0,0.0
A,2376,65,80,0,15768000.0,0.0,0.0
A,2377,65,80,0,15768000.0,0.0,0.0
A,2378,65,80,0,15768000.0,0.0,0.0
A,2379,65,80,0,15768000.0,0.0,0.0
A,2380,65,80,0,15768000.0,0.0,0.0
A,2381,65,80,0,15768000.0,0.0,0.0
A,2382,65,80,0,15768000.0,0.0,0.0
A,2383,65,80,0,15768000.0,0.0,0.0
A,2384,65,80,0,15768000.0,0.0,0.0
A,2385,65,80,0,15768000.0,0.0,0.0
A,2386,65,80,0,15768000.0,0.0,0.0
A,2387,65,80,0,15768000.0,0.0,0.0
A,2388,65,80,0,15768000.0,0.0,0.0
A,2389,65,80,0,15768000.0,0.0,0.0
A,2390,65,80,0,15768000.0,0.0,0.0
A,2391,65,80,0,15768000.0,0.0,0.0
A,2392,65,80,0,15768000.0,0.0,0.0
A,2393,65,80,0,15768000.0,0.0,0.0
A,2394,65,80,0,15768000.0,0.0,0.0
A,2395,65,80,0,15768000.0,0.0,0.0
A,2396,65,80,0,15768000.0,0.0,0.0
A,2397,65,80,0,15768000.0,0.0,0.0
A,2398,65,80,0,15768000.0,0.0,0.0
A,2399,65,80,0,15768000.0,0.0,0.0
A,2400,65,80,0,15768000.0,0.0,0.0
A,2401,65,80,0,15768000.0,0.0,0.0
A,2402,65,80,0,15768000.0,0.0,0.0
A,2403,65,80,0,15768000.0,0.0,0.0
A,2404,65,80,0,15768000.0,0.0,0.0
A,2405,65,80,0,15768000.0,0.0,0.0
A,2406,65,80,0,15768000.0,0.0,0.0
A,2407,65,80,0,15768000.0,0.0,0.0
A,2408,65,80,0,15768000.0,0.0,0.0
A,2409,65,80,0,15768000.0,0.0,0.0
A,2410,65,80,0,15768000.0,0.0,0.0
A,2411,65,80,0,15768000.0,0.0,0.0
A,2412,65,80,0,15768000.0,0.0,0.0
A,2413,65,80,0,15768000.0,0.0,0.0
A,2414,65,80,0,15768000.0,0.0,0.0
A,2415,65,80,0,15768000.0,0.0,0.0
A,2416,65,80,0,15768000.0,0.0,0.0
A,2417,65,80,0,15768000.0,0.0,0.0
A,2418,65,80,0,15768000.0,0.0,0.0
A,2419,65,80,0,15768000.0,0.0,0.0
A,2420,65,80,0,15768000.0,0.0,0.0
A,2421,65,80,0,15768000.0,0.0,0.0
A,2422,65,80,0,15768000.0,0.0,0.0
A,2423,65,80,0,15768000.0,0.0,0.0
A,2424,65,80,0,15768000.0,0.0,0.0
A,2425,65,80,0,15768000.0,0.0,0.0
A,2426,65,80,0,15768000.0,0.0,0.0
A,2427,65,80,0,15768000.0,0.0,0.0
A,2428,65,80,0,15768000.0,0.0,0.0
A,2429,65,80,0,15768000.0,0.0,0.0
A,2430,65,80,0,15768000.0,0.0,0.0
A,2431,65,80,0,15768000.0,0.0,0.0
A,2432,65,80,0,15768000.0,0.0,0.0
A,2433,65,80,0,15768000.0,0.0,0.0
A,2434,65,80,0,15768000.0,0.0,0.0
A,2435,65,80,0,15768000.0,0.0,0.0
A,2436,65,80,0,15768000.0,0.0,0.0
A,2437,65,80,0,15768000.0,0.0,0.0
A,2438,65,80,0,15768000.0,0.0,0.0
A,2439,65,80,0,15768000.0,0.0,0.0
A,2440,65,80,0,15768000.0,0.0,0.0
A,2441,65,80,0,15768000.0,0.0,0.0
A,2442,65,80,0,15768000.0,0.0,0.0
A,2443,65,80,0,15768000.0,0.0,0.0
A,2444,65,80,0,15768000.0,0.0,0.0
A,2445,65,80,0,15768000.0,0.0,0.0
A,2446,65,80,0,15768000.0,0.0,0.0
A,2447,65,80,0,15768000.0,0.0,0.0
A,2448,65,80,0,15768000.0,0.0,0.0
A,2449,65,80,0,15768000.0,0.0,0.0
A,2450,65,80,0,15768000.0,0.0,0.0
A,2451,65,80,0,15768000.0,0.0,0.0
A,2452,65,80,0,15768000.0,0.0,0.0
A,2453,65,80,0,15768000.0,0.0,0.0
A,2454,65,80,0,15768000.0,0.0,0.0
A,2455,65,80,0,15768000.0,0.0,0.0
A,2456,65,80,0,15768000.0,0.0,0.0
A,2457,65,80,0,15768000.0,0.0,0.0
A,2458,65,80,0,15768000.0,0.0,0.0
A,2459,65,80,0,15768000.0,0.0,0.0
A,2460,65,80,0,15768000.0,0.0,0.0
A,2461,65,80,0,15768000.0,0.0,0.0
A,2462,65,80,0,15768000.0,0.0,0.0
A,2463,65,80,0,15768000.0,0.0,0.0
A,2464,65,80,0,15768000.0,0.0,0.0
A,2465,65,80,0,15768000.0,0.0,0.0
A,2466,65,80,0,15768000.0,0.0,0.0
A,2467,65,80,0,15768000.0,0.0,0.0
A,2468,65,80,0,15768000.0,0.0,0.0
A,2469,65,80,0,15768000.0,0.0,0.0
A,2470,65,80,0,15768000.0,0.0,0.0
A,2471,65,80,0,15768000.0,0.0,0.0
A,2472,65,80,0,15768000.0,0.0,0.0
A,2473,65,80,0,15768000.0,0.0,0.0
A,2474,65,80,0,15768000.0,0.0,0.0
A,2475,65,80,0,15768000.0,0.0,0.0
A,2476,65,80,0,15768000.0,0.0,0.0
A,2477,65,80,0,15768000.0,0.0,0.0
A,2478,65,80,0,15768000.0,0.0,0.0
A,2479,65,80,0,15768000.0,0.0,0.0
A,2480,65,80,0,15768000.0,0.0,0.0
A,2481,65,80,0,15768000.0,0.0,0.0
A,2482,65,80,0,15768000.0,0.0,0.0
A,2483,65,80,0,15768000.0,0.0,0.0
A,2484,65,80,0,15768000.0,0.0,0.0
A,2485,65,80,0,15768000.0,0.0,0.0
A,2486,65,80,0,15768000.0,0.0,0.0
A,2487,65,80,0,15768000.0,0.0,0.0
A,2488,65,80,0,15768000.0,0.0,0.0
A,2489,65,80,0,15768000.0,0.0,0.0
A,2490,65,80,0,15768000.0,0.0,0.0
A,2491,65,80,0,15768000.0,0.0,0.0
A,2492,65,80,0,15768000.0,0.0,0.0
A,2493,65,80,0,15768000.0,0.0,0.0
A,2494,65,80,0,15768000.0,0.0,0.0
A,2495,65,80,0,15768000.0,0.0,0.0
A,2496,65,80,0,15768000.0,0.0,0.0
A,2497,65,80,0,15768000.0,0.0,0.0
A,2498,65,80,0,15768000.0,0.0,0.0
A,2499,65,80,0,15768000.0,0.0,0.0
A,2500,65,80,0,15768000.0,0.0,0.0
A,2501,65,80,0,15768000.0,0.0,0.0
A,2502,65,80,0,15768000.0,0.0,0.0
A,2503,65,80,0,15768000.0,0.0,0.0
A,2504,65,80,0,15768000.0,0.0,0.0
A,2505,65,80,0,15768000.0,0.0,0.0
A,2506,65,80,0,15768000.0,0.0,0.0
A,2507,65,80,0,15768000.0,0.0,0.0
A,2508,65,80,0,15768000.0,0.0,0.0
A,2509,65,80,0,15768000.0,0.0,0.0
A,2510,65,80,0,15768000.0,0.0,0.0
A,2511,65,80,0,15768000.0,0.0,0.0
A,2512,65,80,0,15768000.0,0.0,0.0
A,2513,65,80,0,15768000.0,0.0,0.0
A,2514,65,80,0,15768000.0,0.0,0.0
A,2515,65,80,0,15768000.0,0.0,0.0
A,2516,65,80,0,15768000.0,0.0,0.0
A,2517,65,80,0,15768000.0,0.0,0.0
A,2518,65,80,0,15768000.0,0.0,0.0
A,2519,65,80,0,15768000.0,0.0,0.0
A,2520,65,80,0,15768000.0,0.0,0.0
A,2521,65,80,0,15768000.0,0.0,0.0
A,2522,65,80,0,15768000.0,0.0,0.0
A,2523,65,80,0,15768000.0,0.0,0.0
A,2524,65,80,0,15768000.0,0.0,0.0
A,2525,65,80,0,15768000.0,0.0,0.0
A,2526,65,80,0,15768000.0,0.0,0.0
A,2527,65,80,0,15768000.0,0.0,0.0
A,2528,65,80,0,15768000.0,0.0,0.0
A,2529,65,80,0,15768000.0,0.0,0.0
A,2530,65,80,0,15768000.0,0.0,0.0
A,2531,65,80,0,15768000.0,0.0,0.0
A,2532,65,80,0,15768000.0,0.0,0.0
A,2533,65,80,0,15768000.0,0.0,0.0
A,2534,65,80,0,15768000.0,0.0,0.0
A,2535,65,80,0,15768000.0,0.0,0.0
A,2536,65,80,0,15768000.0,0.0,0.0
A,2537,65,80,0,15768000.0,0.0,0.0
A,2538,65,80,0,15768000.0,0.0,0.0
A,2539,65,80,0,15768000.0,0.0,0.0
A,2540,65,80,0,15768000.0,0.0,0.0
A,2541,65,80,0,15768000.0,0.0,0.0
A,2542,65,80,0,15768000.0,0.0,0.0
A,2543,65,80,0,15768000.0,0.0,0.0
A,2544,65,80,0,15768000.0,0.0,0.0
A,2545,65,80,0,15768000.0,0.0,0.0
A,2546,65,80,0,15768000.0,0.0,0.0
A,2547,65,80,0,15768000.0,0.0,0.0
A,2548,65,80,0,15768000.0,0.0,0.0
A,2549,65,80,0,15768000.0,0.0,0.0
A,2550,65,80,0,15768000.0,0.0,0.0
A,2551,65,80,0,15768000.0,0.0,0.0
A,2552,65,80,0,15768000.0,0.0,0.0
A,2553,65,80,0,15768000.0,0.0,0.0
A,2554,65,80,0,15768000.0,0.0,0.0
A,2555,65,80,0,15768000.0,0.0,0.0
A,2556,65,80,0,15768000.0,0.0,0.0
A,2557,65,80,0,15768000.0,0.0,0.0
A,2558,65,80,0,15768000.0,0.0,0.0
A,2559,65,80,0,15768000.0,0.0,0.0
A,2560,65,80,0,15768000.0,0.0,0.0
A,2561,65,80,0,15768000.0,0.0,0.0
A,2562,65,80,0,15768000.0,0.0,0.0
A,2563,65,80,0,15768000.0,0.0,0.0
A,2564,65,80,0,15768000.0,0.0,0.0
A,2565,65,80,0,15768000.0,0.0,0.0
A,2566,65,80,0,15768000.0,0.0,0.0
A,2567,65,80,0,15768000.0,0.0,0.0
A,2568,65,80,0,15768000.0,0.0,0.0
A,2569,65,80,0,15768000.0,0.0,0.0
A,2570,65,80,0,15768000.0,0.0,0.0
A,2571,65,80,0,15768000.0,0.0,0.0
A,2572,65,80,0,15768000.0,0.0,0.0
A,2573,65,80,0,15768000.0,0.0,0.0
A,2574,65,80,0,15768000.0,0.0,0.0
A,2575,65,80,0,15768000.0,0.0,0.0
A,2576,65,80,0,15768000.0,0.0,0.0
A,2577,65,80,0,15768000.0,0.0,0.0
A,2578,65,80,0,15768000.0,0.0,0.0
A,2579,65,80,0,15768000.0,0.0,0.0
A,2580,65,80,0,15768000.0,0.0,0.0
A,2581,65,80,0,15768000.0,0.0,0.0
A,2582,65,80,0,15768000.0,0.0,0.0
A,2583,65,80,0,15768000.0,0.0,0.0
A,2584,65,80,0,15768000.0,0.0,0.0
A,2585,65,80,0,15768000.0,0.0,0.0
A,2586,65,80,0,15768000.0,0.0,0.0
A,2587,65,80,0,15768000.0,0.0,0.0
A,2588,65,80,0,15768000.0,0.0,0.0
A,2589,65,80,0,15768000.0,0.0,0.0
A,2590,65,80,0,15768000.0,0.0,0.0
A,2591,65,80,0,15768000.0,0.0,0.0
A,2592,65,80,0,15768000.0,0.0,0.0
A,2593,65,80,0,15768000.0,0.0,0.0
A,2594,65,80,0,15768000.0,0.0,0.0
A,2595,65,80,0,15768000.0,0.0,0.0
A,2596,65,80,0,15768000.0,0.0,0.0
A,2597,65,80,0,15768000.0,0.0,0.0
A,2598,65,80,0,15768000.0,0.0,0.0
A,2599,65,80,0,15768000.0,0.0,0.0
A,2600,65,80,0,15768000.0,0.0,0.0
A,2601,65,80,0,15768000.0,0.0,0.0
A,2602,65,80,0,15768000.0,0.0,0.0
A,2603,65,80,0,15768000.0,0.0,0.0
A,2604,65,80,0,15768000.0,0.0,0.0
A,2605,65,80,0,15768000.0,0.0,0.0
A,2606,65,80,0,15768000.0,0.0,0.0
A,2607,65,80,0,15768000.0,0.0,0.0
A,2608,65,80,0,15768000.0,0.0,0.0
A,2609,65,80,0,15768000.0,0.0,0.0
A,2610,65,80,0,15768000.0,0.0,0.0
A,2611,65,80,0,15768000.0,0.0,0.0
A,2612,65,80,0,15768000.0,0.0,0.0
A,2613,65,80,0,15768000.0,0.0,0.0
A,2614,65,80,0,15768000.0,0.0,0.0
A,2615,65,80,0,15768000.0,0.0,0.0
A,2616,65,80,0,15768000.0,0.0,0.0
A,2617,65,80,0,15768000.0,0.0,0.0
A,2618,65,80,0,15768000.0,0.0,0.0
A,2619,65,80,0,15768000.0,0.0,0.0
A,2620,65,80,0,15768000.0,0.0,0.0
A,2621,65,80,0,15768000.0,0.0,0.0
A,2622,65,80,0,15768000.0,0.0,0.0
A,2623,65,80,0,15768000.0,0.0,0.0
A,2624,65,80,0,15768000.0,0.0,0.0
A,2625,65,80,0,15768000.0,0.0,0.0
A,2626,65,80,0,15768000.0,0.0,0.0
A,2627,65,80,0,15768000.0,0.0,0.0
A,2628,65,80,0,15768000.0,0.0,0.0
A,2629,65,80,0,15768000.0,0.0,0.0
A,2630,65,80,0,15768000.0,0.0,0.0
A,2631,65,80,0,15768000.0,0.0,0.0
A,2632,65,80,0,15768000.0,0.0,0.0
A,2633,65,80,0,15768000.0,0.0,0.0
A,2634,65,80,0,15768000.0,0.0,0.0
A,2635,65,80,0,15768000.0,0.0,0.0
A,2636,65,80,0,15768000.0,0.0,0.0
A,2637,65,80,0,15768000.0,0.0,0.0
A,2638,65,80,0,15768000.0,0.0,0.0
A,2639,65,80,0,15768000.0,0.0,0.0
A,2640,65,80,0,15768000.0,0.0,0.0
A,2641,65,80,0,15768000.0,0.0,0.0
A,2642,65,80,0,15768000.0,0.0,0.0
A,2643,65,80,0,15768000.0,0.0,0.0
A,2644,65,80,0,15768000.0,0.0,0.0
A,2645,65,80,0,15768000.0,0.0,0.0
A,2646,65,80,0,15768000.0,0.0,0.0
A,2647,65,80,0,15768000.0,0.0,0.0
A,2648,65,80,0,15768000.0,0.0,0.0
A,2649,65,80,0,15768000.0,0.0,0.0
A,2650,65,80,0,15768000.0,0.0,0.0
A,2651,65,80,0,15768000.0,0.0,0.0
A,2652,65,80,0,15768000.0,0.0,0.0
A,2653,65,80,0,15768000.0,0.0,0.0
A,2654,65,80,0,15768000.0,0.0,0.0
A,2655,65,80,0,15768000.0,0.0,0.0
A,2656,65,80,0,15768000.0,0.0,0.0
A,2657,65,80,0,15768000.0,0.0,0.0
A,2658,65,80,0,15768000.0,0.0,0.0
A,2659,65,80,0,15768000.0,0.0,0.0
A,2660,65,80,0,15768000.0,0.0,0.0
A,2661,65,80,0,15768000.0,0.0,0.0
A,2662,65,80,0,15768000.0,0.0,0.0
A,2663,65,80,0,15768000.0,0.0,0.0
A,2664,65,80,0,15768000.0,0.0,0.0
A,2665,65,80,0,15768000.0,0.0,0.0
A,2666,65,80,0,15768000.0,0.0,0.0
A,2667,65,80,0,15768000.0,0.0,0.0
A,2668,65,80,0,15768000.0,0.0,0.0
A,2669,65,80,0,15768000.0,0.0,0.0
A,2670,65,80,0,15768000.0,0.0,0.0
A,2671,65,80,0,15768000.0,0.0,0.0
A,2672,65,80,0,15768000.0,0.0,0.0
A,2673,65,80,0,15768000.0,0.0,0.0
A,2674,65,80,0,15768000.0,0.0,0.0
A,2675,65,80,0,15768000.0,0.0,0.0
A,2676,65,80,0,15768000.0,0.0,0.0
A,2677,65,80,0,15768000.0,0.0,0.0
A,2678,65,80,0,15768000.0,0.0,0.0
A,2679,65,80,0,15768000.0,0.0,0.0
A,2680,65,80,0,15768000.0,0.0,0.0
A,2681,65,80,0,15768000.0,0.0,0.0
A,2682,65,80,0,15768000.0,0.0,0.0
A,2683,65,80,0,15768000.0,0.0,0.0
A,2684,65,80,0,15768000.0,0.0,0.0
A,2685,65,80,0,15768000.0,0.0,0.0
A,2686,65,80,0,15768000.0,0.0,0.0
A,2687,65,80,0,15768000.0,0.0,0.0
A,2688,65,80,0,15768000.0,0.0,0.0
A,2689,65,80,0,15768000.0,0.0,0.0
A,2690,65,80,0,15768000.0,0.0,0.0
A,2691,65,80,0,15768000.0,0.0,0.0
A,2692,65,80,0,15768000.0,0.0,0.0
A,2693,65,80,0,15768000.0,0.0,0.0
A,2694,65,80,0,15768000.0,0.0,0.0
A,2695,65,80,0,15768000.0,0.0,0.0
A,2696,65,80,0,15768000.0,0.0,0.0
A,2697,65,80,0,15768000.0,0.0,0.0
A,2698,65,80,0,15768000.0,0.0,0.0
A,2699,65,80,0,15768000.0,0.0,0.0
A,2700,65,80,0,15768000.0,0.0,0.0
A,2701,65,80,0,15768000.0,0.0,0.0
A,2702,65,80,0,15768000.0,0.0,0.0
A,2703,65,80,0,15768000.0,0.0,0.0
A,2704,65,80,0,15768000.0,0.0,0.0
A,2705,65,80,0,15768000.0,0.0,0.0
A,2706,65,80,0,15768000.0,0.0,0.0
A,2707,65,80,0,15768000.0,0.0,0.0
A,2708,65,80,0,15768000.0,0.0,0.0
A,2709,65,80,0,15768000.0,0.0,0.0
A,2710,65,80,0,15768000.0,0.0,0.0
A,2711,65,80,0,15768000.0,0.0,0.0
A,2712,65,80,0,15768000.0,0.0,0.0
A,2713,65,80,0,15768000.0,0.0,0.0
A,2714,65,80,0,15768000.0,0.0,0.0
A,2715,65,80,0,15768000.0,0.0,0.0
A,2716,65,80,0,15768000.0,0.0,0.0
A,2717,65,80,0,15768000.0,0.0,0.0
A,2718,65,80,0,15768000.0,0.0,0.0
A,2719,65,80,0,15768000.0,0.0,0.0
A,2720,65,80,0,15768000.0,0.0,0.0
A,2721,65,80,0,15768000.0,0.0,0.0
A,2722,65,80,0,15768000.0,0.0,0.0
A,2723,65,80,0,15768000.0,0.0,0.0
A,2724,65,80,0,15768000.0,0.0,0.0
A,2725,65,80,0,15768000.0,0.0,0.0
A,2726,65,80,0,15768000.0,0.0,0.0
A,2727,65,80,0,15768000.0,0.0,0.0
A,2728,65,80,0,15768000.0,0.0,0.0
A,2729,65,80,0,15768000.0,0.0,0.0
A,2730,65,80,0,15768000.0,0.0,0.0
A,2731,65,80,0,15768000.0,0.0,0.0
A,2732,65,80,0,15768000.0,0.0,0.0
A,2733,65,80,0,15768000.0,0.0,0.0
A,2734,65,80,0,15768000.0,0.0,0.0
A,2735,65,80,0,15768000.0,0.0,0.0
A,2736,65,80,0,15768000.0,0.0,0.0
A,2737,65,80,0,15768000.0,0.0,0.0
A,2738,65,80,0,15768000.0,0.0,0.0
A,2739,65,80,0,15768000.0,0.0,0.0
A,2740,65,80,0,15768000.0,0.0,0.0
A,2741,65,80,0,15768000.0,0.0,0.0
A,2742,65,80,0,15768000.0,0.0,0.0
A,2743,65,80,0,15768000.0,0.0,0.0
A,2744,65,80,0,15768000.0,0.0,0.0
A,2745,65,80,0,15768000.0,0.0,0.0
A,2746,65,80,0,15768000.0,0.0,0.0
A,2747,65,80,0,15768000.0,0.0,0.0
A,2748,65,80,0,15768000.0,0.0,0.0
A,2749,65,80,0,15768000.0,0.0,0.0
A,2750,65,80,0,15768000.0,0.0,0.0
A,2751,65,80,0,15768000.0,0.0,0.0
A,2752,65,80,0,15768000.0,0.0,0.0
A,2753,65,80,0,15768000.0,0.0,0.0
A,2754,65,80,0,15768000.0,0.0,0.0
A,2755,65,80,0,15768000.0,0.0,0.0
A,2756,65,80,0,15768000.0,0.0,0.0
A,2757,65,80,0,15768000.0,0.0,0.0
A,2758,65,80,0,15768000.0,0.0,0.0
A,2759,65,80,0,15768000.0,0.0,0.0
A,2760,65,80,0,15768000.0,0.0,0.0
A,2761,65,80,0,15768000.0,0.0,0.0
A,2762,65,80,0,15768000.0,0.0,0.0
A,2763,65,80,0,15768000.0,0.0,0.0
A,2764,65,80,0,15768000.0,0.0,0.0
A,2765,65,80,0,15768000.0,0.0,0.0
A,2766,65,80,0,15768000.0,0.0,0.0
A,2767,65,80,0,15768000.0,0.0,0.0
A,2768,65,80,0,15768000.0,0.0,0.0
A,2769,65,80,0,15768000.0,0.0,0.0
A,2770,65,80,0,15768000.0,0.0,0.0
A,2771,65,80,0,15768000.0,0.0,0.0
A,2772,65,80,0,15768000.0,0.0,0.0
A,2773,65,80,0,15768000.0,0.0,0.0
A,2774,65,80,0,15768000.0,0.0,0.0
A,2775,65,80,0,15768000.0,0.0,0.0
A,2776,65,80,0,15768000.0,0.0,0.0
A,2777,65,80,0,15768000.0,0.0,0.0
A,2778,65,80,0,15768000.0,0.0,0.0
A,2779,65,80,0,15768000.0,0.0,0.0
A,2780,65,80,0,15768000.0,0.0,0.0
A,2781,65,80,0,15768000.0,0.0,0.0
A,2782,65,80,0,15768000.0,0.0,0.0
A,2783,65,80,0,15768000.0,0.0,0.0
A,2784,65,80,0,15768000.0,0.0,0.0
A,2785,65,80,0,15768000.0,0.0,0.0
A,2786,65,80,0,15768000.0,0.0,0.0
A,2787,65,80,0,15768000.0,0.0,0.0
A,2788,65,80,0,15768000.0,0.0,0.0
A,2789,65,80,0,15768000.0,0.0,0.0
A,2790,65,80,0,15768000.0,0.0,0.0
A,2791,65,80,0,15768000.0,0.0,0.0
A,2792,65,80,0,15768000.0,0.0,0.0
A,2793,65,80,0,15768000.0,0.0,0.0
A,2794,65,80,0,15768000.0,0.0,0.0
A,2795,65,80,0,15768000.0,0.0,0.0
A,2796,65,80,0,15768000.0,0.0,0.0
A,2797,65,80,0,15768000.0,0.0,0.0
A,2798,65,80,0,15768000.0,0.0,0.0
A,2799,65,80,0,15768000.0,0.0,0.0
A,2800,65,80,0,15768000.0,0.0,0.0
A,2801,65,80,0,15768000.0,0.0,0.0
A,2802,65,80,0,15768000.0,0.0,0.0
A,2803,65,80,0,15768000.0,0.0,0.0
A,2804,65,80,0,15768000.0,0.0,0.0
A,2805,65,80,0,15768000.0,0.0,0.0
A,2806,65,80,0,15768000.0,0.0,0.0
A,2807,65,80,0,15768000.0,0.0,0.0
A,2808,65,80,0,15768000.0,0.0,0.0
A,2809,65,80,0,15768000.0,0.0,0.0
A,2810,65,80,0,15768000.0,0.0,0.0
A,2811,65,80,0,15768000.0,0.0,0.0
A,2812,65,80,0,15768000.0,0.0,0.0
A,2813,65,80,0,15768000.0,0.0,0.0
A,2814,65,80,0,15768000.0,0.0,0.0
A,2815,65,80,0,15768000.0,0.0,0.0
A,2816,65,80,0,15768000.0,0.0,0.0
A,2817,65,80,0,15768000.0,0.0,0.0
A,2818,65,80,0,15768000.0,0.0,0.0
A,2819,65,80,0,15768000.0,0.0,0.0
A,2820,65,80,0,15768000.0,0.0,0.0
A,2821,65,80,0,15768000.0,0.0,0.0
A,2822,65,80,0,15768000.0,0.0,0.0
A,2823,65,80,0,15768000.0,0.0,0.0
A,2824,65,80,0,15768000.0,0.0,0.0
A,2825,65,80,0,15768000.0,0.0,0.0
A,2826,65,80,0,15768000.0,0.0,0.0
A,2827,65,80,0,15768000.0,0.0,0.0
A,2828,65,80,0,15768000.0,0.0,0.0
A,2829,65,80,0,15768000.0,0.0,0.0
A,2830,65,80,0,15768000.0,0.0,0.0
A,2831,65,80,0,15768000.0,0.0,0.0
A,2832,65,80,0,15768000.0,0.0,0.0
A,2833,65,80,0,15768000.0,0.0,0.0
A,2834,65,80,0,15768000.0,0.0,0.0
A,2835,65,80,0,15768000.0,0.0,0.0
A,2836,65,80,0,15768000.0,0.0,0.0
A,2837,65,80,0,15768000.0,0.0,0.0
A,2838,65,80,0,15768000.0,0.0,0.0
A,2839,65,80,0,15768000.0,0.0,0.0
A,2840,65,80,0,15768000.0,0.0,0.0
A,2841,65,80,0,15768000.0,0.0,0.0
A,2842,65,80,0,15768000.0,0.0,0.0
A,2843,65,80,0,15768000.0,0.0,0.0
A,2844,65,80,0,15768000.0,0.0,0.0
A,2845,65,80,0,15768000.0,0.0,0.0
A,2846,65,80,0,15768000.0,0.0,0.0
A,2847,65,80,0,15768000.0,0.0,0.0
A,2848,65,80,0,15768000.0,0.0,0.0
A,2849,65,80,0,15768000.0,0.0,0.0
A,2850,65,80,0,15768000.0,0.0,0.0
A,2851,65,80,0,15768000.0,0.0,0.0
A,2852,65,80,0,15768000.0,0.0,0.0
A,2853,65,80,0,15768000.0,0.0,0.0
A,2854,65,80,0,15768000.0,0.0,0.0
A,2855,65,80,0,15768000.0,0.0,0.0
A,2856,65,80,0,15768000.0,0.0,0.0
A,2857,65,80,0,15768000.0,0.0,0.0
A,2858,65,80,0,15768000.0,0.0,0.0
A,2859,65,80,0,15768000.0,0.0,0.0
A,2860,65,80,0,15768000.0,0.0,0.0
A,2861,65,80,0,15768000.0,0.0,0.0
A,2862,65,80,0,15768000.0,0.0,0.0
A,2863,65,80,0,15768000.0,0.0,0.0
A,2864,65,80,0,15768000.0,0.0,0.0
A,2865,65,80,0,15768000.0,0.0,0.0
A,2866,65,80,0,15768000.0,0.0,0.0
A,2867,65,80,0,15768000.0,0.0,0.0
A,2868,65,80,0,15768000.0,0.0,0.0
A,2869,65,80,0,15768000.0,0.0,0.0
A,2870,65,80,0,15768000.0,0.0,0.0
A,2871,65,80,0,15768000.0,0.0,0.0
A,2872,65,80,0,15768000.0,0.0,0.0
A,2873,65,80,0,15768000.0,0.0,0.0
A,2874,65,80,0,15768000.0,0.0,0.0
A,2875,65,80,0,15768000.0,0.0,0.0
A,2876,65,80,0,15768000.0,0.0,0.0
A,2877,65,80,0,15768000.0,0.0,0.0
A,2878,65,80,0,15768000.0,0.0,0.0
A,2879,65,80,0,15768000.0,0.0,0.0
A,2880,65,80,0,15768000.0,0.0,0.0
A,2881,65,80,0,15768000.0,0.0,0.0
A,2882,65,80,0,15768000.0,0.0,0.0
A,2883,65,80,0,15768000.0,0.0,0.0
A,2884,65,80,0,15768000.0,0.0,0.0
A,2885,65,80,0,15768000.0,0.0,0.0
A,2886,65,80,0,15768000.0,0.0,0.0
A,2887,65,80,0,15768000.0,0.0,0.0
A,2888,65,80,0,15768000.0,0.0,0.0
A,2889,65,80,0,15768000.0,0.0,0.0
A,2890,65,80,0,15768000.0,0.0,0.0
A,2891,65,80,0,15768000.0,0.0,0.0
A,2892,65,80,0,15768000.0,0.0,0.0
A,2893,65,80,0,15768000.0,0.0,0.0
A,2894,65,80,0,15768000.0,0.0,0.0
A,2895,65,80,0,15768000.0,0.0,0.0
A,2896,65,80,0,15768000.0,0.0,0.0
A,2897,65,80,0,15768000.0,0.0,0.0
A,2898,65,80,0,15768000.0,0.0,0.0
A,2899,65,80,0,15768000.0,0.0,0.0
A,2900,65,80,0,15768000.0,0.0,0.0
A,2901,65,80,0,15768000.0,0.0,0.0
A,2902,65,80,0,15768000.0,0.0,0.0
A,2903,65,80,0,15768000.0,0.0,0.0
A,2904,65,80,0,15768000.0,0.0,0.0
A,2905,65,80,0,15768000.0,0.0,0.0
A,2906,65,80,0,15768000.0,0.0,0.0
A,2907,65,80,0,15768000.0,0.0,0.0
A,2908,65,80,0,15768000.0,0.0,0.0
A,2909,65,80,0,15768000.0,0.0,0.0
A,2910,65,80,0,15768000.0,0.0,0.0
A,2911,65,80,0,15768000.0,0.0,0.0
A,2912,65,80,0,15768000.0,0.0,0.0
A,2913,65,80,0,15768000.0,0.0,0.0
A,2914,65,80,0,15768000.0,0.0,0.0
A,2915,65,80,0,15768000.0,0.0,0.0
A,2916,65,80,0,15768000.0,0.0,0.0
A,2917,65,80,0,15768000.0,0.0,0.0
A,2918,65,80,0,15768000.0,0.0,0.0
A,2919,65,80,0,15768000.0,0.0,0.0
A,2920,65,80,0,15768000.0,0.0,0.0
A,2921,65,80,0,15768000.0,0.0,0.0
A,2922,65,80,0,15768000.0,0.0,0.0
A,2923,65,80,0,15768000.0,0.0,0.0
A,2924,65,80,0,15768000.0,0.0,0.0
A,2925,65,80,0,15768000.0,0.0,0.0
A,2926,65,80,0,15768000.0,0.0,0.0
A,2927,65,80,0,15768000.0,0.0,0.0
A,2928,65,80,0,15768000.0,0.0,0.0
A,2929,65,80,0,15768000.0,0.0,0.0
A,2930,65,80,0,15768000.0,0.0,0.0
A,2931,65,80,0,15768000.0,0.0,0.0
A,2932,65,80,0,15768000.0,0.0,0.0
A,2933,65,80,0,15768000.0,0.0,0.0
A,2934,65,80,0,15768000.0,0.0,0.0
A,2935,65,80,0,15768000.0,0.0,0.0
A,2936,65,80,0,15768000.0,0.0,0.0
A,2937,65,80,0,15768000.0,0.0,0.0
A,2938,65,80,0,15768000.0,0.0,0.0
A,2939,65,80,0,15768000.0,0.0,0.0
A,2940,65,80,0,15768000.0,0.0,0.0
A,2941,65,80,0,15768000.0,0.0,0.0
A,2942,65,80,0,15768000.0,0.0,0.0
A,2943,65,80,0,15768000.0,0.0,0.0
A,2944,65,80,0,15768000.0,0.0,0.0
A,2945,65,80,0,15768000.0,0.0,0.0
A,2946,65,80,0,15768000.0,0.0,0.0
A,2947,65,80,0,15768000.0,0.0,0.0
A,2948,65,80,0,15768000.0,0.0,0.0
A,2949,65,80,0,15768000.0,0.0,0.0
A,2950,65,80,0,15768000.0,0.0,0.0
A,2951,65,80,0,15768000.0,0.0,0.0
A,2952,65,80,0,15768000.0,0.0,0.0
A,2953,65,80,0,15768000.0,0.0,0.0
A,2954,65,80,0,15768000.0,0.0,0.0
A,2955,65,80,0,15768000.0,0.0,0.0
A,2956,65,80,0,15768000.0,0.0,0.0
A,2957,65,80,0,15768000.0,0.0,0.0
A,2958,65,80,0,15768000.0,0.0,0.0
A,2959,65,80,0,15768000.0,0.0,0.0
A,2960,65,80,0,15768000.0,0.0,0.0
A,2961,65,80,0,15768000.0,0.0,0.0
A,2962,65,80,0,15768000.0,0.0,0.0
A,2963,65,80,0,15768000.0,0.0,0.0
A,2964,65,80,0,15768000.0,0.0,0.0
A,2965,65,80,0,15768000.0,0.0,0.0
A,2966,65,80,0,15768000.0,0.0,0.0
A,2967,65,80,0,15768000.0,0.0,0.0
A,2968,65,80,0,15768000.0,0.0,0.0
A,2969,65,80,0,15768000.0,0.0,0.0
A,2970,65,80,0,15768000.0,0.0,0.0
A,2971,65,80,0,15768000.0,0.0,0.0
A,2972,65,80,0,15768000.0,0.0,0.0
A,2973,65,80,0,15768000.0,0.0,0.0
A,2974,65,80,0,15768000.0,0.0,0.0
A,2975,65,80,0,15768000.0,0.0,0.0
A,2976,65,80,0,15768000.0,0.0,0.0
A,2977,65,80,0,15768000.0,0.0,0.0
A,2978,65,80,0,15768000.0,0.0,0.0
A,2979,65,80,0,15768000.0,0.0,0.0
A,2980,65,80,0,15768000.0,0.0,0.0
A,2981,65,80,0,15768000.0,0.0,0.0
A,2982,65,80,0,15768000.0,0.0,0.0
A,2983,65,80,0,15768000.0,0.0,0.0
A,2984,65,80,0,15768000.0,0.0,0.0
A,2985,65,80,0,15768000.0,0.0,0.0
A,2986,65,80,0,15768000.0,0.0,0.0
A,2987,65,80,0,15768000.0,0.0,0.0
A,2988,65,80,0,15768000.0,0.0,0.0
A,2989,65,80,0,15768000.0,0.0,0.0
A,2990,65,80,0,15768000.0,0.0,0.0
A,2991,65,80,0,15768000.0,0.0,0.0
A,2992,65,80,0,15768000.0,0.0,0.0
A,2993,65,80,0,15768000.0,0.0,0.0
A,2994,65,80,0,15768000.0,0.0,0.0
A,2995,65,80,0,15768000.0,0.0,0.0
A,2996,65,80,0,15768000.0,0.0,0.0
A,2997,65,80,0,15768000.0,0.0,0.0
A,2998,65,80,0,15768000.0,0.0,0.0
A,2999,65,80,0,15768000.0,0.0,0.0
A,3000,65,80,0,15768000.0,0.0,0.0
A,3001,65,80,0,15768000.0,0.0,0.0
A,3002,65,80,0,15768000.0,0.0,0.0
A,3003,65,80,0,15768000.0,0.0,0.0
A,3004,65,80,0,15768000.0,0.0,0.0
A,3005,65,80,0,15768000.0,0.0,0.0
A,3006,65,80,0,15768000.0,0.0,0.0
A,3007,65,80,0,15768000.0,0.0,0.0
A,3008,65,80,0,15768000.0,0.0,0.0
A,3009,65,80,0,15768000.0,0.0,0.0
A,3010,65,80,0,15768000.0,0.0,0.0
A,3011,65,80,0,15768000.0,0.0,0.0
A,3012,65,80,0,15768000.0,0.0,0.0
A,3013,65,80,0,15768000.0,0.0,0.0
A,3014,65,80,0,15768000.0,0.0,0.0
A,3015,65,80,0,15768000.0,0.0,0.0
A,3016,65,80,0,15768000.0,0.0,0.0
A,3017,65,80,0,15768000.0,0.0,0.0
A,3018,65,80,0,15768000.0,0.0,0.0
A,3019,65,80,0,15768000.0,0.0,0.0
A,3020,65,80,0,15768000.0,0.0,0.0
A,3021,65,80,0,15768000.0,0.0,0.0
A,3022,65,80,0,15768000.0,0.0,0.0
A,3023,65,80,0,15768000.0,0.0,0.0
A,3024,65,80,0,15768000.0,0.0,0.0
A,3025,65,80,0,15768000.0,0.0,0.0
A,3026,65,80,0,15768000.0,0.0,0.0
A,3027,65,80,0,15768000.0,0.0,0.0
A,3028,65,80,0,15768000.0,0.0,0.0
A,3029,65,80,0,15768000.0,0.0,0.0
A,3030,65,80,0,15768000.0,0.0,0.0
A,3031,65,80,0,15768000.0,0.0,0.0
A,3032,65,80,0,15768000.0,0.0,0.0
A,3033,65,80,0,15768000.0,0.0,0.0
A,3034,65,80,0,15768000.0,0.0,0.0
A,3035,65,80,0,15768000.0,0.0,0.0
A,3036,65,80,0,15768000.0,0.0,0.0
A,3037,65,80,0,15768000.0,0.0,0.0
A,3038,65,80,0,15768000.0,0.0,0.0
A,3039,65,80,0,15768000.0,0.0,0.0
A,3040,65,80,0,15768000.0,0.0,0.0
A,3041,65,80,0,15768000.0,0.0,0.0
A,3042,65,80,0,15768000.0,0.0,0.0
A,3043,65,80,0,15768000.0,0.0,0.0
A,3044,65,80,0,15768000.0,0.0,0.0
A,3045,65,80,0,15768000.0,0.0,0.0
A,3046,65,80,0,15768000.0,0.0,0.0
A,3047,65,80,0,15768000.0,0.0,0.0
A,3048,65,80,0,15768000.0,0.0,0.0
A,3049,65,80,0,15768000.0,0.0,0.0
A,3050,65,80,0,15768000.0,0.0,0.0
A,3051,65,80,0,15768000.0,0.0,0.0
A,3052,65,80,0,15768000.0,0.0,0.0
A,3053,65,80,0,15768000.0,0.0,0.0
A,3054,65,80,0,15768000.0,0.0,0.0
A,3055,65,80,0,15768000.0,0.0,0.0
A,3056,65,80,0,15768000.0,0.0,0.0
A,3057,65,80,0,15768000.0,0.0,0.0
A,3058,65,80,0,15768000.0,0.0,0.0
A,3059,65,80,0,15768000.0,0.0,0.0
A,3060,65,80,0,15768000.0,0.0,0.0
A,3061,65,80,0,15768000.0,0.0,0.0
A,3062,65,80,0,15768000.0,0.0,0.0
A,3063,65,80,0,15768000.0,0.0,0.0
A,3064,65,80,0,15768000.0,0.0,0.0
A,3065,65,80,0,15768000.0,0.0,0.0
A,3066,65,80,0,15768000.0,0.0,0.0
A,3067,65,80,0,15768000.0,0.0,0.0
A,3068,65,80,0,15768000.0,0.0,0.0
A,3069,65,80,0,15768000.0,0.0,0.0
A,3070,65,80,0,15768000.0,0.0,0.0
A,3071,65,80,0,15768000.0,0.0,0.0
A,3072,65,80,0,15768000.0,0.0,0.0
A,3073,65,80,0,15768000.0,0.0,0.0
A,3074,65,80,0,15768000.0,0.0,0.0
A,3075,65,80,0,15768000.0,0.0,0.0
A,3076,65,80,0,15768000.0,0.0,0.0
A,3077,65,80,0,15768000.0,0.0,0.0
A,3078,65,80,0,15768000.0,0.0,0.0
A,3079,65,80,0,15768000.0,0.0,0.0
A,3080,65,80,0,15768000.0,0.0,0.0
A,3081,65,80,0,15768000.0,0.0,0.0
A,3082,65,80,0,15768000.0,0.0,0.0
A,3083,65,80,0,15768000.0,0.0,0.0
A,3084,65,80,0,15768000.0,0.0,0.0
A,3085,65,80,0,15768000.0,0.0,0.0
A,3086,65,80,0,15768000.0,0.0,0.0
A,3087,65,80,0,15768000.0,0.0,0.0
A,3088,65,80,0,15768000.0,0.0,0.0
A,3089,65,80,0,15768000.0,0.0,0.0
A,3090,65,80,0,15768000.0,0.0,0.0
A,3091,65,80,0,15768000.0,0.0,0.0
A,3092,65,80,0,15768000.0,0.0,0.0
A,3093,65,80,0,15768000.0,0.0,0.0
A,3094,65,80,0,15768000.0,0.0,0.0
A,3095,65,80,0,15768000.0,0.0,0.0
A,3096,65,80,0,15768000.0,0.0,0.0
A,3097,65,80,0,15768000.0,0.0,0.0
A,3098,65,80,0,15768000.0,0.0,0.0
A,3099,65,80,0,15768000.0,0.0,0.0
A,3100,65,80,0,15768000.0,0.0,0.0
A,3101,65,80,0,15768000.0,0.0,0.0
A,3102,65,80,0,15768000.0,0.0,0.0
A,3103,65,80,0,15768000.0,0.0,0.0
A,3104,65,80,0,15768000.0,0.0,0.0
A,3105,65,80,0,15768000.0,0.0,0.0
A,3106,65,80,0,15768000.0,0.0,0.0
A,3107,65,80,0,15768000.0,0.0,0.0
A,3108,65,80,0,15768000.0,0.0,0.0
A,3109,65,80,0,15768000.0,0.0,0.0
A,3110,65,80,0,15768000.0,0.0,0.0
A,3111,65,80,0,15768000.0,0.0,0.0
A,3112,65,80,0,15768000.0,0.0,0.0
A,3113,65,80,0,15768000.0,0.0,0.0
A,3114,65,80,0,15768000.0,0.0,0.0
A,3115,65,80,0,15768000.0,0.0,0.0
A,3116,65,80,0,15768000.0,0.0,0.0
A,3117,65,80,0,15768000.0,0.0,0.0
A,3118,65,80,0,15768000.0,0.0,0.0
A,3119,65,80,0,15768000.0,0.0,0.0
A,3120,65,80,0,15768000.0,0.0,0.0
A,3121,65,80,0,15768000.0,0.0,0.0
A,3122,65,80,0,15768000.0,0.0,0.0
A,3123,65,80,0,15768000.0,0.0,0.0
A,3124,65,80,0,15768000.0,0.0,0.0
A,3125,65,80,0,15768000.0,0.0,0.0
A,3126,65,80,0,15768000.0,0.0,0.0
A,3127,65,80,0,15768000.0,0.0,0.0
A,3128,65,80,0,15768000.0,0.0,0.0
A,3129,65,80,0,15768000.0,0.0,0.0
A,3130,65,80,0,15768000.0,0.0,0.0
A,3131,65,80,0,15768000.0,0.0,0.0
A,3132,65,80,0,15768000.0,0.0,0.0
A,3133,65,80,0,15768000.0,0.0,0.0
A,3134,65,80,0,15768000.0,0.0,0.0
A,3135,65,80,0,15768000.0,0.0,0.0
A,3136,65,80,0,15768000.0,0.0,0.0
A,3137,65,80,0,15768000.0,0.0,0.0
A,3138,65,80,0,15768000.0,0.0,0.0
A,3139,65,80,0,15768000.0,0.0,0.0
A,3140,65,80,0,15768000.0,0.0,0.0
A,3141,65,80,0,15768000.0,0.0,0.0
A,3142,65,80,0,15768000.0,0.0,0.0
A,3143,65,80,0,15768000.0,0.0,0.0
A,3144,65,80,0,15768000.0,0.0,0.0
A,3145,65,80,0,15768000.0,0.0,0.0
A,3146,65,80,0,15768000.0,0.0,0.0
A,3147,65,80,0,15768000.0,0.0,0.0
A,3148,65,80,0,15768000.0,0.0,0.0
A,3149,65,80,0,15768000.0,0.0,0.0
A,3150,65,80,0,15768000.0,0.0,0.0
A,3151,65,80,0,15768000.0,0.0,0.0
A,3152,65,80,0,15768000.0,0.0,0.0
A,3153,65,80,0,15768000.0,0.0,0.0
A,3154,65,80,0,15768000.0,0.0,0.0
A,3155,65,80,0,15768000.0,0.0,0.0
A,3156,65,80,0,15768000.0,0.0,0.0
A,3157,65,80,0,15768000.0,0.0,0.0
A,3158,65,80,0,15768000.0,0.0,0.0
A,3159,65,80,0,15768000.0,0.0,0.0
A,3160,65,80,0,15768000.0,0.0,0.0
A,3161,65,80,0,15768000.0,0.0,0.0
A,3162,65,80,0,15768000.0,0.0,0.0
A,3163,65,80,0,15768000.0,0.0,0.0
A,3164,65,80,0,15768000.0,0.0,0.0
A,3165,65,80,0,15768000.0,0.0,0.0
A,3166,65,80,0,15768000.0,0.0,0.0
A,3167,65,80,0,15768000.0,0.0,0.0
A,3168,65,80,0,15768000.0,0.0,0.0
A,3169,65,80,0,15768000.0,0.0,0.0
A,3170,65,80,0,15768000.0,0.0,0.0
A,3171,65,80,0,15768000.0,0.0,0.0
A,3172,65,80,0,15768000.0,0.0,0.0
A,3173,65,80,0,15768000.0,0.0,0.0
A,3174,65,80,0,15768000.0,0.0,0.0
A,3175,65,80,0,15768000.0,0.0,0.0
A,3176,65,80,0,15768000.0,0.0,0.0
A,3177,65,80,0,15768000.0,0.0,0.0
A,3178,65,80,0,15768000.0,0.0,0.0
A,3179,65,80,0,15768000.0,0.0,0.0
A,3180,65,80,0,15768000.0,0.0,0.0
A,3181,65,80,0,15768000.0,0.0,0.0
A,3182,65,80,0,15768000.0,0.0,0.0
A,3183,65,80,0,15768000.0,0.0,0.0
A,3184,65,80,0,15768000.0,0.0,0.0
A,3185,65,80,0,15768000.0,0.0,0.0
A,3186,65,80,0,15768000.0,0.0,0.0
A,3187,65,80,0,15768000.0,0.0,0.0
A,3188,65,80,0,15768000.0,0.0,0.0
A,3189,65,80,0,15768000.0,0.0,0.0
A,3190,65,80,0,15768000.0,0.0,0.0
A,3191,65,80,0,15768000.0,0.0,0.0
A,3192,65,80,0,15768000.0,0.0,0.0
A,3193,65,80,0,15768000.0,0.0,0.0
A,3194,65,80,0,15768000.0,0.0,0.0
A,3195,65,80,0,15768000.0,0.0,0.0
A,3196,65,80,0,15768000.0,0.0,0.0
A,3197,65,80,0,15768000.0,0.0,0.0
A,3198,65,80,0,15768000.0,0.0,0.0
A,3199,65,80,0,15768000.0,0.0,0.0
A,3200,65,80,0,15768000.0,0.0,0.0
A,3201,65,80,0,15768000.0,0.0,0.0
A,3202,65,80,0,15768000.0,0.0,0.0
A,3203,65,80,0,15768000.0,0.0,0.0
A,3204,65,80,0,15768000.0,0.0,0.0
A,3205,65,80,0,15768000.0,0.0,0.0
A,3206,65,80,0,15768000.0,0.0,0.0
A,3207,65,80,0,15768000.0,0.0,0.0
A,3208,65,80,0,15768000.0,0.0,0.0
A,3209,65,80,0,15768000.0,0.0,0.0
A,3210,65,80,0,15768000.0,0.0,0.0
A,3211,65,80,0,15768000.0,0.0,0.0
A,3212,65,80,0,15768000.0,0.0,0.0
A,3213,65,80,0,15768000.0,0.0,0.0
A,3214,65,80,0,15768000.0,0.0,0.0
A,3215,65,80,0,15768000.0,0.0,0.0
A,3216,65,80,0,15768000.0,0.0,0.0
A,3217,65,80,0,15768000.0,0.0,0.0
A,3218,65,80,0,15768000.0,0.0,0.0
A,3219,65,80,0,15768000.0,0.0,0.0
A,3220,65,80,0,15768000.0,0.0,0.0
A,3221,65,80,0,15768000.0,0.0,0.0
A,3222,65,80,0,15768000.0,0.0,0.0
A,3223,65,80,0,15768000.0,0.0,0.0
A,3224,65,80,0,15768000.0,0.0,0.0
A,3225,65,80,0,15768000.0,0.0,0.0
A,3226,65,80,0,15768000.0,0.0,0.0
A,3227,65,80,0,15768000.0,0.0,0.0
A,3228,65,80,0,15768000.0,0.0,0.0
A,3229,65,80,0,15768000.0,0.0,0.0
A,3230,65,80,0,15768000.0,0.0,0.0
A,3231,65,80,0,15768000.0,0.0,0.0
A,3232,65,80,0,15768000.0,0.0,0.0
A,3233,65,80,0,15768000.0,0.0,0.0
A,3234,65,80,0,15768000.0,0.0,0.0
A,3235,65,80,0,15768000.0,0.0,0.0
A,3236,65,80,0,15768000.0,0.0,0.0
A,3237,65,80,0,15768000.0,0.0,0.0
A,3238,65,80,0,15768000.0,0.0,0.0
A,3239,65,80,0,15768000.0,0.0,0.0
A,3240,65,80,0,15768000.0,0.0,0.0
A,3241,65,80,0,15768000.0,0.0,0.0
A,3242,65,80,0,15768000.0,0.0,0.0
A,3243,65,80,0,15768000.0,0.0,0.0
A,3244,65,80,0,15768000.0,0.0,0.0
A,3245,65,80,0,15768000.0,0.0,0.0
A,3246,65,80,0,15768000.0,0.0,0.0
A,3247,65,80,0,15768000.0,0.0,0.0
A,3248,65,80,0,15768000.0,0.0,0.0
A,3249,65,80,0,15768000.0,0.0,0.0
A,3250,65,80,0,15768000.0,0.0,0.0
A,3251,65,80,0,15768000.0,0.0,0.0
A,3252,65,80,0,15768000.0,0.0,0.0
A,3253,65,80,0,15768000.0,0.0,0.0
A,3254,65,80,0,15768000.0,0.0,0.0
A,3255,65,80,0,15768000.0,0.0,0.0
A,3256,65,80,0,15768000.0,0.0,0.0
A,3257,65,80,0,15768000.0,0.0,0.0
A,3258,65,80,0,15768000.0,0.0,0.0
A,3259,65,80,0,15768000.0,0.0,0.0
A,3260,65,80,0,15768000.0,0.0,0.0
A,3261,65,80,0,15768000.0,0.0,0.0
A,3262,65,80,0,15768000.0,0.0,0.0
A,3263,65,80,0,15768000.0,0.0,0.0
A,3264,65,80,0,15768000.0,0.0,0.0
A,3265,65,80,0,15768000.0,0.0,0.0
A,3266,65,80,0,15768000.0,0.0,0.0
A,3267,65,80,0,15768000.0,0.0,0.0
A,3268,65,80,0,15768000.0,0.0,0.0
A,3269,65,80,0,15768000.0,0.0,0.0
A,3270,65,80,0,15768000.0,0.0,0.0
A,3271,65,80,0,15768000.0,0.0,0.0
A,3272,65,80,0,15768000.0,0.0,0.0
A,3273,65,80,0,15768000.0,0.0,0.0
A,3274,65,80,0,15768000.0,0.0,0.0
A,3275,65,80,0,15768000.0,0.0,0.0
A,3276,65,80,0,15768000.0,0.0,0.0
A,3277,65,80,0,15768000.0,0.0,0.0
A,3278,65,80,0,15768000.0,0.0,0.0
A,3279,65,80,0,15768000.0,0.0,0.0
A,3280,65,80,0,15768000.0,0.0,0.0
A,3281,65,80,0,15768000.0,0.0,0.0
A,3282,65,80,0,15768000.0,0.0,0.0
A,3283,65,80,0,15768000.0,0.0,0.0
A,3284,65,80,0,15768000.0,0.0,0.0
A,3285,65,80,0,15768000.0,0.0,0.0
A,3286,65,80,0,15768000.0,0.0,0.0
A,3287,65,80,0,15768000.0,0.0,0.0
A,3288,65,80,0,15768000.0,0.0,0.0
A,3289,65,80,0,15768000.0,0.0,0.0
A,3290,65,80,0,15768000.0,0.0,0.0
A,3291,65,80,0,15768000.0,0.0,0.0
A,3292,65,80,0,15768000.0,0.0,0.0
A,3293,65,80,0,15768000.0,0.0,0.0
A,3294,65,80,0,15768000.0,0.0,0.0
A,3295,65,80,0,15768000.0,0.0,0.0
A,3296,65,80,0,15768000.0,0.0,0.0
A,3297,65,80,0,15768000.0,0.0,0.0
A,3298,65,80,0,15768000.0,0.0,0.0
A,3299,65,80,0,15768000.0,0.0,0.0
A,3300,65,80,0,15768000.0,0.0,0.0
A,3301,65,80,0,15768000.0,0.0,0.0
A,3302,65,80,0,15768000.0,0.0,0.0
A,3303,65,80,0,15768000.0,0.0,0.0
A,3304,65,80,0,15768000.0,0.0,0.0
A,3305,65,80,0,15768000.0,0.0,0.0
A,3306,65,80,0,15768000.0,0.0,0.0
A,3307,65,80,0,15768000.0,0.0,0.0
A,3308,65,80,0,15768000.0,0.0,0.0
A,3309,65,80,0,15768000.0,0.0,0.0
A,3310,65,80,0,15768000.0,0.0,0.0
A,3311,65,80,0,15768000.0,0.0,0.0
A,3312,65,80,0,15768000.0,0.0,0.0
A,3313,65,80,0,15768000.0,0.0,0.0
A,3314,65,80,0,15768000.0,0.0,0.0
A,3315,65,80,0,15768000.0,0.0,0.0
A,3316,65,80,0,15768000.0,0.0,0.0
A,3317,65,80,0,15768000.0,0.0,0.0
A,3318,65,80,0,15768000.0,0.0,0.0
A,3319,65,80,0,15768000.0,0.0,0.0
A,3320,65,80,0,15768000.0,0.0,0.0
A,3321,65,80,0,15768000.0,0.0,0.0
A,3322,65,80,0,15768000.0,0.0,0.0
A,3323,65,80,0,15768000.0,0.0,0.0
A,3324,65,80,0,15768000.0,0.0,0.0
A,3325,65,80,0,15768000.0,0.0,0.0
A,3326,65,80,0,15768000.0,0.0,0.0
A,3327,65,80,0,15768000.0,0.0,0.0
A,3328,65,80,0,15768000.0,0.0,0.0
A,3329,65,80,0,15768000.0,0.0,0.0
A,3330,65,80,0,15768000.0,0.0,0.0
A,3331,65,80,0,15768000.0,0.0,0.0
A,3332,65,80,0,15768000.0,0.0,0.0
A,3333,65,80,0,15768000.0,0.0,0.0
A,3334,65,80,0,15768000.0,0.0,0.0
A,3335,65,80,0,15768000.0,0.0,0.0
A,3336,65,80,0,15768000.0,0.0,0.0
A,3337,65,80,0,15768000.0,0.0,0.0
A,3338,65,80,0,15768000.0,0.0,0.0
A,3339,65,80,0,15768000.0,0.0,0.0
A,3340,65,80,0,15768000.0,0.0,0.0
A,3341,65,80,0,15768000.0,0.0,0.0
A,3342,65,80,0,15768000.0,0.0,0.0
A,3343,65,80,0,15768000.0,0.0,0.0
A,3344,65,80,0,15768000.0,0.0,0.0
A,3345,65,80,0,15768000.0,0.0,0.0
A,3346,65,80,0,15768000.0,0.0,0.0
A,3347,65,80,0,15768000.0,0.0,0.0
A,3348,65,80,0,15768000.0,0.0,0.0
A,3349,65,80,0,15768000.0,0.0,0.0
A,3350,65,80,0,15768000.0,0.0,0.0
A,3351,65,80,0,15768000.0,0.0,0.0
A,3352,65,80,0,15768000.0,0.0,0.0
A,3353,65,80,0,15768000.0,0.0,0.0
A,3354,65,80,0,15768000.0,0.0,0.0
A,3355,65,80,0,15768000.0,0.0,0.0
A,3356,65,80,0,15768000.0,0.0,0.0
A,3357,65,80,0,15768000.0,0.0,0.0
A,3358,65,80,0,15768000.0,0.0,0.0
A,3359,65,80,0,15768000.0,0.0,0.0
A,3360,65,80,0,15768000.0,0.0,0.0
A,3361,65,80,0,15768000.0,0.0,0.0
A,3362,65,80,0,15768000.0,0.0,0.0
A,3363,65,80,0,15768000.0,0.0,0.0
A,3364,65,80,0,15768000.0,0.0,0.0
A,3365,65,80,0,15768000.0,0.0,0.0
A,3366,65,80,0,15768000.0,0.0,0.0
A,3367,65,80,0,15768000.0,0.0,0.0
A,3368,65,80,0,15768000.0,0.0,0.0
A,3369,65,80,0,15768000.0,0.0,0.0
A,3370,65,80,0,15768000.0,0.0,0.0
A,3371,65,80,0,15768000.0,0.0,0.0
A,3372,65,80,0,15768000.0,0.0,0.0
A,3373,65,80,0,15768000.0,0.0,0.0
A,3374,65,80,0,15768000.0,0.0,0.0
A,3375,65,80,0,15768000.0,0.0,0.0
A,3376,65,80,0,15768000.0,0.0,0.0
A,3377,65,80,0,15768000.0,0.0,0.0
A,3378,65,80,0,15768000.0,0.0,0.0
A,3379,65,80,0,15768000.0,0.0,0.0
A,3380,65,80,0,15768000.0,0.0,0.0
A,3381,65,80,0,15768000.0,0.0,0.0
A,3382,65,80,0,15768000.0,0.0,0.0
A,3383,65,80,0,15768000.0,0.0,0.0
A,3384,65,80,0,15768000.0,0.0,0.0
A,3385,65,80,0,15768000.0,0.0,0.0
A,3386,65,80,0,15768000.0,0.0,0.0
A,3387,65,80,0,15768000.0,0.0,0.0
A,3388,65,80,0,15768000.0,0.0,0.0
A,3389,65,80,0,15768000.0,0.0,0.0
A,3390,65,80,0,15768000.0,0.0,0.0
A,3391,65,80,0,15768000.0,0.0,0.0
A,3392,65,80,0,15768000.0,0.0,0.0
A,3393,65,80,0,15768000.0,0.0,0.0
A,3394,65,80,0,15768000.0,0.0,0.0
A,3395,65,80,0,15768000.0,0.0,0.0
A,3396,65,80,0,15768000.0,0.0,0.0
A,3397,65,80,0,15768000.0,0.0,0.0
A,3398,65,80,0,15768000.0,0.0,0.0
A,3399,65,80,0,15768000.0,0.0,0.0
A,3400,65,80,0,15768000.0,0.0,0.0
A,3401,65,80,0,15768000.0,0.0,0.0
A,3402,65,80,0,15768000.0,0.0,0.0
A,3403,65,80,0,15768000.0,0.0,0.0
A,3404,65,80,0,15768000.0,0.0,0.0
A,3405,65,80,0,15768000.0,0.0,0.0
A,3406,65,80,0,15768000.0,0.0,0.0
A,3407,65,80,0,15768000.0,0.0,0.0
A,3408,65,80,0,15768000.0,0.0,0.0
A,3409,65,80,0,15768000.0,0.0,0.0
A,3410,65,80,0,15768000.0,0.0,0.0
A,3411,65,80,0,15768000.0,0.0,0.0
A,3412,65,80,0,15768000.0,0.0,0.0
A,3413,65,80,0,15768000.0,0.0,0.0
A,3414,65,80,0,15768000.0,0.0,0.0
A,3415,65,80,0,15768000.0,0.0,0.0
A,3416,65,80,0,15768000.0,0.0,0.0
A,3417,65,80,0,15768000.0,0.0,0.0
A,3418,65,80,0,15768000.0,0.0,0.0
A,3419,65,80,0,15768000.0,0.0,0.0
A,3420,65,80,0,15768000.0,0.0,0.0
A,3421,65,80,0,15768000.0,0.0,0.0
A,3422,65,80,0,15768000.0,0.0,0.0
A,3423,65,80,0,15768000.0,0.0,0.0
A,3424,65,80,0,15768000.0,0.0,0.0
A,3425,65,80,0,15768000.0,0.0,0.0
A,3426,65,80,0,15768000.0,0.0,0.0
A,3427,65,80,0,15768000.0,0.0,0.0
A,3428,65,80,0,15768000.0,0.0,0.0
A,3429,65,80,0,15768000.0,0.0,0.0
A,3430,65,80,0,15768000.0,0.0,0.0
A,3431,65,80,0,15768000.0,0.0,0.0
A,3432,65,80,0,15768000.0,0.0,0.0
A,3433,65,80,0,15768000.0,0.0,0.0
A,3434,65,80,0,15768000.0,0.0,0.0
A,3435,65,80,0,15768000.0,0.0,0.0
A,3436,65,80,0,15768000.0,0.0,0.0
A,3437,65,80,0,15768000.0,0.0,0.0
A,3438,65,80,0,15768000.0,0.0,0.0
A,3439,65,80,0,15768000.0,0.0,0.0
A,3440,65,80,0,15768000.0,0.0,0.0
A,3441,65,80,0,15768000.0,0.0,0.0
A,3442,65,80,0,15768000.0,0.0,0.0
A,3443,65,80,0,15768000.0,0.0,0.0
A,3444,65,80,0,15768000.0,0.0,0.0
A,3445,65,80,0,15768000.0,0.0,0.0
A,3446,65,80,0,15768000.0,0.0,0.0
A,3447,65,80,0,15768000.0,0.0,0.0
A,3448,65,80,0,15768000.0,0.0,0.0
A,3449,65,80,0,15768000.0,0.0,0.0
A,3450,65,80,0,15768000.0,0.0,0.0
A,3451,65,80,0,15768000.0,0.0,0.0
A,3452,65,80,0,15768000.0,0.0,0.0
A,3453,65,80,0,15768000.0,0.0,0.0
A,3454,65,80,0,15768000.0,0.0,0.0
A,3455,65,80,0,15768000.0,0.0,0.0
A,3456,65,80,0,15768000.0,0.0,0.0
A,3457,65,80,0,15768000.0,0.0,0.0
A,3458,65,80,0,15768000.0,0.0,0.0
A,3459,65,80,0,15768000.0,0.0,0.0
A,3460,65,80,0,15768000.0,0.0,0.0
A,3461,65,80,0,15768000.0,0.0,0.0
A,3462,65,80,0,15768000.0,0.0,0.0
A,3463,65,80,0,15768000.0,0.0,0.0
A,3464,65,80,0,15768000.0,0.0,0.0
A,3465,65,80,0,15768000.0,0.0,0.0
A,3466,65,80,0,15768000.0,0.0,0.0
A,3467,65,80,0,15768000.0,0.0,0.0
A,3468,65,80,0,15768000.0,0.0,0.0
A,3469,65,80,0,15768000.0,0.0,0.0
A,3470,65,80,0,15768000.0,0.0,0.0
A,3471,65,80,0,15768000.0,0.0,0.0
A,3472,65,80,0,15768000.0,0.0,0.0
A,3473,65,80,0,15768000.0,0.0,0.0
A,3474,65,80,0,15768000.0,0.0,0.0
A,3475,65,80,0,15768000.0,0.0,0.0
A,3476,65,80,0,15768000.0,0.0,0.0
A,3477,65,80,0,15768000.0,0.0,0.0
A,3478,65,80,0,15768000.0,0.0,0.0
A,3479,65,80,0,15768000.0,0.0,0.0
A,3480,65,80,0,15768000.0,0.0,0.0
A,3481,65,80,0,15768000.0,0.0,0.0
A,3482,65,80,0,15768000.0,0.0,0.0
A,3483,65,80,0,15768000.0,0.0,0.0
A,3484,65,80,0,15768000.0,0.0,0.0
A,3485,65,80,0,15768000.0,0.0,0.0
A,3486,65,80,0,15768000.0,0.0,0.0
A,3487,65,80,0,15768000.0,0.0,0.0
A,3488,65,80,0,15768000.0,0.0,0.0
A,3489,65,80,0,15768000.0,0.0,0.0
A,3490,65,80,0,15768000.0,0.0,0.0
A,3491,65,80,0,15768000.0,0.0,0.0
A,3492,65,80,0,15768000.0,0.0,0.0
A,3493,65,80,0,15768000.0,0.0,0.0
A,3494,65,80,0,15768000.0,0.0,0.0
A,3495,65,80,0,15768000.0,0.0,0.0
A,3496,65,80,0,15768000.0,0.0,0.0
A,3497,65,80,0,15768000.0,0.0,0.0
A,3498,65,80,0,15768000.0,0.0,0.0
A,3499,65,80,0,15768000.0,0.0,0.0
A,3500,65,80,0,15768000.0,0.0,0.0
A,3501,65,80,0,15768000.0,0.0,0.0
A,3502,65,80,0,15768000.0,0.0,0.0
A,3503,65,80,0,15768000.0,0.0,0.0
A,3504,65,80,0,15768000.0,0.0,0.0
A,3505,65,80,0,15768000.0,0.0,0.0
A,3506,65,80,0,15768000.0,0.0,0.0
A,3507,65,80,0,15768000.0,0.0,0.0
A,3508,65,80,0,15768000.0,0.0,0.0
A,3509,65,80,0,15768000.0,0.0,0.0
A,3510,65,80,0,15768000.0,0.0,0.0
A,3511,65,80,0,15768000.0,0.0,0.0
A,3512,65,80,0,15768000.0,0.0,0.0
A,3513,65,80,0,15768000.0,0.0,0.0
A,3514,65,80,0,15768000.0,0.0,0.0
A,3515,65,80,0,15768000.0,0.0,0.0
A,3516,65,80,0,15768000.0,0.0,0.0
A,3517,65,80,0,15768000.0,0.0,0.0
A,3518,65,80,0,15768000.0,0.0,0.0
A,3519,65,80,0,15768000.0,0.0,0.0
A,3520,65,80,0,15768000.0,0.0,0.0
A,3521,65,80,0,15768000.0,0.0,0.0
A,3522,65,80,0,15768000.0,0.0,0.0
A,3523,65,80,0,15768000.0,0.0,0.0
A,3524,65,80,0,15768000.0,0.0,0.0
A,3525,65,80,0,15768000.0,0.0,0.0
A,3526,65,80,0,15768000.0,0.0,0.0
A,3527,65,80,0,15768000.0,0.0,0.0
A,3528,65,80,0,15768000.0,0.0,0.0
A,3529,65,80,0,15768000.0,0.0,0.0
A,3530,65,80,0,15768000.0,0.0,0.0
A,3531,65,80,0,15768000.0,0.0,0.0
A,3532,65,80,0,15768000.0,0.0,0.0
A,3533,65,80,0,15768000.0,0.0,0.0
A,3534,65,80,0,15768000.0,0.0,0.0
A,3535,65,80,0,15768000.0,0.0,0.0
A,3536,65,80,0,15768000.0,0.0,0.0
A,3537,65,80,0,15768000.0,0.0,0.0
A,3538,65,80,0,15768000.0,0.0,0.0
A,3539,65,80,0,15768000.0,0.0,0.0
A,3540,65,80,0,15768000.0,0.0,0.0
A,3541,65,80,0,15768000.0,0.0,0.0
A,3542,65,80,0,15768000.0,0.0,0.0
A,3543,65,80,0,15768000.0,0.0,0.0
A,3544,65,80,0,15768000.0,0.0,0.0
A,3545,65,80,0,15768000.0,0.0,0.0
A,3546,65,80,0,15768000.0,0.0,0.0
A,3547,65,80,0,15768000.0,0.0,0.0
A,3548,65,80,0,15768000.0,0.0,0.0
A,3549,65,80,0,15768000.0,0.0,0.0
A,3550,65,80,0,15768000.0,0.0,0.0
A,3551,65,80,0,15768000.0,0.0,0.0
A,3552,65,80,0,15768000.0,0.0,0.0
A,3553,65,80,0,15768000.0,0.0,0.0
A,3554,65,80,0,15768000.0,0.0,0.0
A,3555,65,80,0,15768000.0,0.0,0.0
A,3556,65,80,0,15768000.0,0.0,0.0
A,3557,65,80,0,15768000.0,0.0,0.0
A,3558,65,80,0,15768000.0,0.0,0.0
A,3559,65,80,0,15768000.0,0.0,0.0
A,3560,65,80,0,15768000.0,0.0,0.0
A,3561,65,80,0,15768000.0,0.0,0.0
A,3562,65,80,0,15768000.0,0.0,0.0
A,3563,65,80,0,15768000.0,0.0,0.0
A,3564,65,80,0,15768000.0,0.0,0.0
A,3565,65,80,0,15768000.0,0.0,0.0
A,3566,65,80,0,15768000.0,0.0,0.0
A,3567,65,80,0,15768000.0,0.0,0.0
A,3568,65,80,0,15768000.0,0.0,0.0
A,3569,65,80,0,15768000.0,0.0,0.0
A,3570,65,80,0,15768000.0,0.0,0.0
A,3571,65,80,0,15768000.0,0.0,0.0
A,3572,65,80,0,15768000.0,0.0,0.0
A,3573,65,80,0,15768000.0,0.0,0.0
A,3574,65,80,0,15768000.0,0.0,0.0
A,3575,65,80,0,15768000.0,0.0,0.0
A,3576,65,80,0,15768000.0,0.0,0.0
A,3577,65,80,0,15768000.0,0.0,0.0
A,3578,65,80,0,15768000.0,0.0,0.0
A,3579,65,80,0,15768000.0,0.0,0.0
A,3580,65,80,0,15768000.0,0.0,0.0
A,3581,65,80,0,15768000.0,0.0,0.0
A,3582,65,80,0,15768000.0,0.0,0.0
A,3583,65,80,0,15768000.0,0.0,0.0
A,3584,65,80,0,15768000.0,0.0,0.0
A,3585,65,80,0,15768000.0,0.0,0.0
A,3586,65,80,0,15768000.0,0.0,0.0
A,3587,65,80,0,15768000.0,0.0,0.0
A,3588,65,80,0,15768000.0,0.0,0.0
A,3589,65,80,0,15768000.0,0.0,0.0
A,3590,65,80,0,15768000.0,0.0,0.0
A,3591,65,80,0,15768000.0,0.0,0.0
A,3592,65,80,0,15768000.0,0.0,0.0
A,3593,65,80,0,15768000.0,0.0,0.0
A,3594,65,80,0,15768000.0,0.0,0.0
A,3595,65,80,0,15768000.0,0.0,0.0
A,3596,65,80,0,15768000.0,0.0,0.0
A,3597,65,80,0,15768000.0,0.0,0.0
A,3598,65,80,0,15768000.0,0.0,0.0
A,3599,65,80,0,15768000.0,0.0,0.0
A,3600,65,80,0,15768000.0,0.0,0.0
A,3601,65,80,0,15768000.0,0.0,0.0
A,3602,65,80,0,15768000.0,0.0,0.0
A,3603,65,80,0,15768000.0,0.0,0.0
A,3604,65,80,0,15768000.0,0.0,0.0
A,3605,65,80,0,15768000.0,0.0,0.0
A,3606,65,80,0,15768000.0,0.0,0.0
A,3607,65,80,0,15768000.0,0.0,0.0
A,3608,65,80,0,15768000.0,0.0,0.0
A,3609,65,80,0,15768000.0,0.0,0.0
A,3610,65,80,0,15768000.0,0.0,0.0
A,3611,65,80,0,15768000.0,0.0,0.0
A,3612,65,80,0,15768000.0,0.0,0.0
A,3613,65,80,0,15768000.0,0.0,0.0
A,3614,65,80,0,15768000.0,0.0,0.0
A,3615,65,80,0,15768000.0,0.0,0.0
A,3616,65,80,0,15768000.0,0.0,0.0
A,3617,65,80,0,15768000.0,0.0,0.0
A,3618,65,80,0,15768000.0,0.0,0.0
A,3619,65,80,0,15768000.0,0.0,0.0
A,3620,65,80,0,15768000.0,0.0,0.0
A,3621,65,80,0,15768000.0,0.0,0.0
A,3622,65,80,0,15768000.0,0.0,0.0
A,3623,65,80,0,15768000.0,0.0,0.0
A,3624,65,80,0,15768000.0,0.0,0.0
A,3625,65,80,0,15768000.0,0.0,0.0
A,3626,65,80,0,15768000.0,0.0,0.0
A,3627,65,80,0,15768000.0,0.0,0.0
A,3628,65,80,0,15768000.0,0.0,0.0
A,3629,65,80,0,15768000.0,0.0,0.0
A,3630,65,80,0,15768000.0,0.0,0.0
A,3631,65,80,0,15768000.0,0.0,0.0
A,3632,65,80,0,15768000.0,0.0,0.0
A,3633,65,80,0,15768000.0,0.0,0.0
A,3634,65,80,0,15768000.0,0.0,0.0
A,3635,65,80,0,15768000.0,0.0,0.0
A,3636,65,80,0,15768000.0,0.0,0.0
A,3637,65,80,0,15768000.0,0.0,0.0
A,3638,65,80,0,15768000.0,0.0,0.0
A,3639,65,80,0,15768000.0,0.0,0.0
A,3640,65,80,0,15768000.0,0.0,0.0
A,3641,65,80,0,15768000.0,0.0,0.0
A,3642,65,80,0,15768000.0,0.0,0.0
A,3643,65,80,0,15768000.0,0.0,0.0
A,3644,65,80,0,15768000.0,0.0,0.0
A,3645,65,80,0,15768000.0,0.0,0.0
A,3646,65,80,0,15768000.0,0.0,0.0
A,3647,65,80,0,15768000.0,0.0,0.0
A,3648,65,80,0,15768000.0,0.0,0.0
A,3649,65,80,0,15768000.0,0.0,0.0
A,3650,65,80,0,15768000.0,0.0,0.0
A,3651,65,80,0,15768000.0,0.0,0.0
A,3652,65,80,0,15768000.0,0.0,0.0
A,3653,65,80,0,15768000.0,0.0,0.0
A,3654,65,80,0,15768000.0,0.0,0.0
A,3655,65,80,0,15768000.0,0.0,0.0
A,3656,65,80,0,15768000.0,0.0,0.0
A,3657,65,80,0,15768000.0,0.0,0.0
A,3658,65,80,0,15768000.0,0.0,0.0
A,3659,65,80,0,15768000.0,0.0,0.0
A,3660,65,80,0,15768000.0,0.0,0.0
A,3661,65,80,0,15768000.0,0.0,0.0
A,3662,65,80,0,15768000.0,0.0,0.0
A,3663,65,80,0,15768000.0,0.0,0.0
A,3664,65,80,0,15768000.0,0.0,0.0
A,3665,65,80,0,15768000.0,0.0,0.0
A,3666,65,80,0,15768000.0,0.0,0.0
A,3667,65,80,0,15768000.0,0.0,0.0
A,3668,65,80,0,15768000.0,0.0,0.0
A,3669,65,80,0,15768000.0,0.0,0.0
A,3670,65,80,0,15768000.0,0.0,0.0
A,3671,65,80,0,15768000.0,0.0,0.0
A,3672,65,80,0,15768000.0,0.0,0.0
A,3673,65,80,0,15768000.0,0.0,0.0
A,3674,65,80,0,15768000.0,0.0,0.0
A,3675,65,80,0,15768000.0,0.0,0.0
A,3676,65,80,0,15768000.0,0.0,0.0
A,3677,65,80,0,15768000.0,0.0,0.0
A,3678,65,80,0,15768000.0,0.0,0.0
A,3679,65,80,0,15768000.0,0.0,0.0
A,3680,65,80,0,15768000.0,0.0,0.0
A,3681,65,80,0,15768000.0,0.0,0.0
A,3682,65,80,0,15768000.0,0.0,0.0
A,3683,65,80,0,15768000.0,0.0,0.0
A,3684,65,80,0,15768000.0,0.0,0.0
A,3685,65,80,0,15768000.0,0.0,0.0
A,3686,65,80,0,15768000.0,0.0,0.0
A,3687,65,80,0,15768000.0,0.0,0.0
A,3688,65,80,0,15768000.0,0.0,0.0
A,3689,65,80,0,15768000.0,0.0,0.0
A,3690,65,80,0,15768000.0,0.0,0.0
A,3691,65,80,0,15768000.0,0.0,0.0
A,3692,65,80,0,15768000.0,0.0,0.0
A,3693,65,80,0,15768000.0,0.0,0.0
A,3694,65,80,0,15768000.0,0.0,0.0
A,3695,65,80,0,15768000.0,0.0,0.0
A,3696,65,80,0,15768000.0,0.0,0.0
A,3697,65,80,0,15768000.0,0.0,0.0
A,3698,65,80,0,15768000.0,0.0,0.0
A,3699,65,80,0,15768000.0,0.0,0.0
A,3700,65,80,0,15768000.0,0.0,0.0
A,3701,65,80,0,15768000.0,0.0,0.0
A,3702,65,80,0,15768000.0,0.0,0.0
A,3703,65,80,0,15768000.0,0.0,0.0
A,3704,65,80,0,15768000.0,0.0,0.0
A,3705,65,80,0,15768000.0,0.0,0.0
A,3706,65,80,0,15768000.0,0.0,0.0
A,3707,65,80,0,15768000.0,0.0,0.0
A,3708,65,80,0,15768000.0,0.0,0.0
A,3709,65,80,0,15768000.0,0.0,0.0
A,3710,65,80,0,15768000.0,0.0,0.0
A,3711,65,80,0,15768000.0,0.0,0.0
A,3712,65,80,0,15768000.0,0.0,0.0
A,3713,65,80,0,15768000.0,0.0,0.0
A,3714,65,80,0,15768000.0,0.0,0.0
A,3715,65,80,0,15768000.0,0.0,0.0
A,3716,65,80,0,15768000.0,0.0,0.0
A,3717,65,80,0,15768000.0,0.0,0.0
A,3718,65,80,0,15768000.0,0.0,0.0
A,3719,65,80,0,15768000.0,0.0,0.0
A,3720,65,80,0,15768000.0,0.0,0.0
A,3721,65,80,0,15768000.0,0.0,0.0
A,3722,65,80,0,15768000.0,0.0,0.0
A,3723,65,80,0,15768000.0,0.0,0.0
A,3724,65,80,0,15768000.0,0.0,0.0
A,3725,65,80,0,15768000.0,0.0,0.0
A,3726,65,80,0,15768000.0,0.0,0.0
A,3727,65,80,0,15768000.0,0.0,0.0
A,3728,65,80,0,15768000.0,0.0,0.0
A,3729,65,80,0,15768000.0,0.0,0.0
A,3730,65,80,0,15768000.0,0.0,0.0
A,3731,65,80,0,15768000.0,0.0,0.0
A,3732,65,80,0,15768000.0,0.0,0.0
A,3733,65,80,0,15768000.0,0.0,0.0
A,3734,65,80,0,15768000.0,0.0,0.0
A,3735,65,80,0,15768000.0,0.0,0.0
A,3736,65,80,0,15768000.0,0.0,0.0
A,3737,65,80,0,15768000.0,0.0,0.0
A,3738,65,80,0,15768000.0,0.0,0.0
A,3739,65,80,0,15768000.0,0.0,0.0
A,3740,65,80,0,15768000.0,0.0,0.0
A,3741,65,80,0,15768000.0,0.0,0.0
A,3742,65,80,0,15768000.0,0.0,0.0
A,3743,65,80,0,15768000.0,0.0,0.0
A,3744,65,80,0,15768000.0,0.0,0.0
A,3745,65,80,0,15768000.0,0.0,0.0
A,3746,65,80,0,15768000.0,0.0,0.0
A,3747,65,80,0,15768000.0,0.0,0.0
A,3748,65,80,0,15768000.0,0.0,0.0
A,3749,65,80,0,15768000.0,0.0,0.0
A,3750,65,80,0,15768000.0,0.0,0.0
A,3751,65,80,0,15768000.0,0.0,0.0
A,3752,65,80,0,15768000.0,0.0,0.0
A,3753,65,80,0,15768000.0,0.0,0.0
A,3754,65,80,0,15768000.0,0.0,0.0
A,3755,65,80,0,15768000.0,0.0,0.0
A,3756,65,80,0,15768000.0,0.0,0.0
A,3757,65,80,0,15768000.0,0.0,0.0
A,3758,65,80,0,15768000.0,0.0,0.0
A,3759,65,80,0,15768000.0,0.0,0.0
A,3760,65,80,0,15768000.0,0.0,0.0
A,3761,65,80,0,15768000.0,0.0,0.0
A,3762,65,80,0,15768000.0,0.0,0.0
A,3763,65,80,0,15768000.0,0.0,0.0
A,3764,65,80,0,15768000.0,0.0,0.0
A,3765,65,80,0,15768000.0,0.0,0.0
A,3766,65,80,0,15768000.0,0.0,0.0
A,3767,65,80,0,15768000.0,0.0,0.0
A,3768,65,80,0,15768000.0,0.0,0.0
A,3769,65,80,0,15768000.0,0.0,0.0
A,3770,65,80,0,15768000.0,0.0,0.0
A,3771,65,80,0,15768000.0,0.0,0.0
A,3772,65,80,0,15768000.0,0.0,0.0
A,3773,65,80,0,15768000.0,0.0,0.0
A,3774,65,80,0,15768000.0,0.0,0.0
A,3775,65,80,0,15768000.0,0.0,0.0
A,3776,65,80,0,15768000.0,0.0,0.0
A,3777,65,80,0,15768000.0,0.0,0.0
A,3778,65,80,0,15768000.0,0.0,0.0
A,3779,65,80,0,15768000.0,0.0,0.0
A,3780,65,80,0,15768000.0,0.0,0.0
A,3781,65,80,0,15768000.0,0.0,0.0
A,3782,65,80,0,15768000.0,0.0,0.0
A,3783,65,80,0,15768000.0,0.0,0.0
A,3784,65,80,0,15768000.0,0.0,0.0
A,3785,65,80,0,15768000.0,0.0,0.0
A,3786,65,80,0,15768000.0,0.0,0.0
A,3787,65,80,0,15768000.0,0.0,0.0
A,3788,65,80,0,15768000.0,0.0,0.0
A,3789,65,80,0,15768000.0,0.0,0.0
A,3790,65,80,0,15768000.0,0.0,0.0
A,3791,65,80,0,15768000.0,0.0,0.0
A,3792,65,80,0,15768000.0,0.0,0.0
A,3793,65,80,0,15768000.0,0.0,0.0
A,3794,65,80,0,15768000.0,0.0,0.0
A,3795,65,80,0,15768000.0,0.0,0.0
A,3796,65,80,0,15768000.0,0.0,0.0
A,3797,65,80,0,15768000.0,0.0,0.0
A,3798,65,80,0,15768000.0,0.0,0.0
A,3799,65,80,0,15768000.0,0.0,0.0
A,3800,65,80,0,15768000.0,0.0,0.0
A,3801,65,80,0,15768000.0,0.0,0.0
A,3802,65,80,0,15768000.0,0.0,0.0
A,3803,65,80,0,15768000.0,0.0,0.0
A,3804,65,80,0,15768000.0,0.0,0.0
A,3805,65,80,0,15768000.0,0.0,0.0
A,3806,65,80,0,15768000.0,0.0,0.0
A,3807,65,80,0,15768000.0,0.0,0.0
A,3808,65,80,0,15768000.0,0.0,0.0
A,3809,65,80,0,15768000.0,0.0,0.0
A,3810,65,80,0,15768000.0,0.0,0.0
A,3811,65,80,0,15768000.0,0.0,0.0
A,3812,65,80,0,15768000.0,0.0,0.0
A,3813,65,80,0,15768000.0,0.0,0.0
A,3814,65,80,0,15768000.0,0.0,0.0
A,3815,65,80,0,15768000.0,0.0,0.0
A,3816,65,80,0,15768000.0,0.0,0.0
A,3817,65,80,0,15768000.0,0.0,0.0
A,3818,65,80,0,15768000.0,0.0,0.0
A,3819,65,80,0,15768000.0,0.0,0.0
A,3820,65,80,0,15768000.0,0.0,0.0
A,3821,65,80,0,15768000.0,0.0,0.0
A,3822,65,80,0,15768000.0,0.0,0.0
A,3823,65,80,0,15768000.0,0.0,0.0
A,3824,65,80,0,15768000.0,0.0,0.0
A,3825,65,80,0,15768000.0,0.0,0.0
A,3826,65,80,0,15768000.0,0.0,0.0
A,3827,65,80,0,15768000.0,0.0,0.0
A,3828,65,80,0,15768000.0,0.0,0.0
A,3829,65,80,0,15768000.0,0.0,0.0
A,3830,65,80,0,15768000.0,0.0,0.0
A,3831,65,80,0,15768000.0,0.0,0.0
A,3832,65,80,0,15768000.0,0.0,0.0
A,3833,65,80,0,15768000.0,0.0,0.0
A,3834,65,80,0,15768000.0,0.0,0.0
A,3835,65,80,0,15768000.0,0.0,0.0
A,3836,65,80,0,15768000.0,0.0,0.0
A,3837,65,80,0,15768000.0,0.0,0.0
A,3838,65,80,0,15768000.0,0.0,0.0
A,3839,65,80,0,15768000.0,0.0,0.0
A,3840,65,80,0,15768000.0,0.0,0.0
A,3841,65,80,0,15768000.0,0.0,0.0
A,3842,65,80,0,15768000.0,0.0,0.0
A,3843,65,80,0,15768000.0,0.0,0.0
A,3844,65,80,0,15768000.0,0.0,0.0
A,3845,65,80,0,15768000.0,0.0,0.0
A,3846,65,80,0,15768000.0,0.0,0.0
A,3847,65,80,0,15768000.0,0.0,0.0
A,3848,65,80,0,15768000.0,0.0,0.0
A,3849,65,80,0,15768000.0,0.0,0.0
A,3850,65,80,0,15768000.0,0.0,0.0
A,3851,65,80,0,15768000.0,0.0,0.0
A,3852,65,80,0,15768000.0,0.0,0.0
A,3853,65,80,0,15768000.0,0.0,0.0
A,3854,65,80,0,15768000.0,0.0,0.0
A,3855,65,80,0,15768000.0,0.0,0.0
A,3856,65,80,0,15768000.0,0.0,0.0
A,3857,65,80,0,15768000.0,0.0,0.0
A,3858,65,80,0,15768000.0,0.0,0.0
A,3859,65,80,0,15768000.0,0.0,0.0
A,3860,65,80,0,15768000.0,0.0,0.0
A,3861,65,80,0,15768000.0,0.0,0.0
A,3862,65,80,0,15768000.0,0.0,0.0
A,3863,65,80,0,15768000.0,0.0,0.0
A,3864,65,80,0,15768000.0,0.0,0.0
A,3865,65,80,0,15768000.0,0.0,0.0
A,3866,65,80,0,15768000.0,0.0,0.0
A,3867,65,80,0,15768000.0,0.0,0.0
A,3868,65,80,0,15768000.0,0.0,0.0
A,3869,65,80,0,15768000.0,0.0,0.0
A,3870,65,80,0,15768000.0,0.0,0.0
A,3871,65,80,0,15768000.0,0.0,0.0
A,3872,65,80,0,15768000.0,0.0,0.0
A,3873,65,80,0,15768000.0,0.0,0.0
A,3874,65,80,0,15768000.0,0.0,0.0
A,3875,65,80,0,15768000.0,0.0,0.0
A,3876,65,80,0,15768000.0,0.0,0.0
A,3877,65,80,0,15768000.0,0.0,0.0
A,3878,65,80,0,15768000.0,0.0,0.0
A,3879,65,80,0,15768000.0,0.0,0.0
A,3880,65,80,0,15768000.0,0.0,0.0
A,3881,65,80,0,15768000.0,0.0,0.0
A,3882,65,80,0,15768000.0,0.0,0.0
A,3883,65,80,0,15768000.0,0.0,0.0
A,3884,65,80,0,15768000.0,0.0,0.0
A,3885,65,80,0,15768000.0,0.0,0.0
A,3886,65,80,0,15768000.0,0.0,0.0
A,3887,65,80,0,15768000.0,0.0,0.0
A,3888,65,80,0,15768000.0,0.0,0.0
A,3889,65,80,0,15768000.0,0.0,0.0
A,3890,65,80,0,15768000.0,0.0,0.0
A,3891,65,80,0,15768000.0,0.0,0.0
A,3892,65,80,0,15768000.0,0.0,0.0
A,3893,65,80,0,15768000.0,0.0,0.0
A,3894,65,80,0,15768000.0,0.0,0.0
A,3895,65,80,0,15768000.0,0.0,0.0
A,3896,65,80,0,15768000.0,0.0,0.0
A,3897,65,80,0,15768000.0,0.0,0.0
A,3898,65,80,0,15768000.0,0.0,0.0
A,3899,65,80,0,15768000.0,0.0,0.0
A,3900,65,80,0,15768000.0,0.0,0.0
A,3901,65,80,0,15768000.0,0.0,0.0
A,3902,65,80,0,15768000.0,0.0,0.0
A,3903,65,80,0,15768000.0,0.0,0.0
A,3904,65,80,0,15768000.0,0.0,0.0
A,3905,65,80,0,15768000.0,0.0,0.0
A,3906,65,80,0,15768000.0,0.0,0.0
A,3907,65,80,0,15768000.0,0.0,0.0
A,3908,65,80,0,15768000.0,0.0,0.0
A,3909,65,80,0,15768000.0,0.0,0.0
A,3910,65,80,0,15768000.0,0.0,0.0
A,3911,65,80,0,15768000.0,0.0,0.0
A,3912,65,80,0,15768000.0,0.0,0.0
A,3913,65,80,0,15768000.0,0.0,0.0
A,3914,65,80,0,15768000.0,0.0,0.0
A,3915,65,80,0,15768000.0,0.0,0.0
A,3916,65,80,0,15768000.0,0.0,0.0
A,3917,65,80,0,15768000.0,0.0,0.0
A,3918,65,80,0,15768000.0,0.0,0.0
A,3919,65,80,0,15768000.0,0.0,0.0
A,3920,65,80,0,15768000.0,0.0,0.0
A,3921,65,80,0,15768000.0,0.0,0.0
A,3922,65,80,0,15768000.0,0.0,0.0
A,3923,65,80,0,15768000.0,0.0,0.0
A,3924,65,80,0,15768000.0,0.0,0.0
A,3925,65,80,0,15768000.0,0.0,0.0
A,3926,65,80,0,15768000.0,0.0,0.0
A,3927,65,80,0,15768000.0,0.0,0.0
A,3928,65,80,0,15768000.0,0.0,0.0
A,3929,65,80,0,15768000.0,0.0,0.0
A,3930,65,80,0,15768000.0,0.0,0.0
A,3931,65,80,0,15768000.0,0.0,0.0
A,3932,65,80,0,15768000.0,0.0,0.0
A,3933,65,80,0,15768000.0,0.0,0.0
A,3934,65,80,0,15768000.0,0.0,0.0
A,3935,65,80,0,15768000.0,0.0,0.0
A,3936,65,80,0,15768000.0,0.0,0.0
A,3937,65,80,0,15768000.0,0.0,0.0
A,3938,65,80,0,15768000.0,0.0,0.0
A,3939,65,80,0,15768000.0,0.0,0.0
A,3940,65,80,0,15768000.0,0.0,0.0
A,3941,65,80,0,15768000.0,0.0,0.0
A,3942,65,80,0,15768000.0,0.0,0.0
A,3943,65,80,0,15768000.0,0.0,0.0
A,3944,65,80,0,15768000.0,0.0,0.0
A,3945,65,80,0,15768000.0,0.0,0.0
A,3946,65,80,0,15768000.0,0.0,0.0
A,3947,65,80,0,15768000.0,0.0,0.0
A,3948,65,80,0,15768000.0,0.0,0.0
A,3949,65,80,0,15768000.0,0.0,0.0
A,3950,65,80,0,15768000.0,0.0,0.0
A,3951,65,80,0,15768000.0,0.0,0.0
A,3952,65,80,0,15768000.0,0.0,0.0
A,3953,65,80,0,15768000.0,0.0,0.0
A,3954,65,80,0,15768000.0,0.0,0.0
A,3955,65,80,0,15768000.0,0.0,0.0
A,3956,65,80,0,15768000.0,0.0,0.0
A,3957,65,80,0,15768000.0,0.0,0.0
A,3958,65,80,0,15768000.0,0.0,0.0
A,3959,65,80,0,15768000.0,0.0,0.0
A,3960,65,80,0,15768000.0,0.0,0.0
A,3961,65,80,0,15768000.0,0.0,0.0
A,3962,65,80,0,15768000.0,0.0,0.0
A,3963,65,80,0,15768000.0,0.0,0.0
A,3964,65,80,0,15768000.0,0.0,0.0
A,3965,65,80,0,15768000.0,0.0,0.0
A,3966,65,80,0,15768000.0,0.0,0.0
A,3967,65,80,0,15768000.0,0.0,0.0
A,3968,65,80,0,15768000.0,0.0,0.0
A,3969,65,80,0,15768000.0,0.0,0.0
A,3970,65,80,0,15768000.0,0.0,0.0
A,3971,65,80,0,15768000.0,0.0,0.0
A,3972,65,80,0,15768000.0,0.0,0.0
A,3973,65,80,0,15768000.0,0.0,0.0
A,3974,65,80,0,15768000.0,0.0,0.0
A,3975,65,80,0,15768000.0,0.0,0.0
A,3976,65,80,0,15768000.0,0.0,0.0
A,3977,65,80,0,15768000.0,0.0,0.0
A,3978,65,80,0,15768000.0,0.0,0.0
A,3979,65,80,0,15768000.0,0.0,0.0
A,3980,65,80,0,15768000.0,0.0,0.0
A,3981,65,80,0,15768000.0,0.0,0.0
A,3982,65,80,0,15768000.0,0.0,0.0
A,3983,65,80,0,15768000.0,0.0,0.0
A,3984,65,80,0,15768000.0,0.0,0.0
A,3985,65,80,0,15768000.0,0.0,0.0
A,3986,65,80,0,15768000.0,0.0,0.0
A,3987,65,80,0,15768000.0,0.0,0.0
A,3988,65,80,0,15768000.0,0.0,0.0
A,3989,65,80,0,15768000.0,0.0,0.0
A,3990,65,80,0,15768000.0,0.0,0.0
A,3991,65,80,0,15768000.0,0.0,0.0
A,3992,65,80,0,15768000.0,0.0,0.0
A,3993,65,80,0,15768000.0,0.0,0.0
A,3994,65,80,0,15768000.0,0.0,0.0
A,3995,65,80,0,15768000.0,0.0,0.0
A,3996,65,80,0,15768000.0,0.0,0.0
A,3997,65,80,0,15768000.0,0.0,0.0
A,3998,65,80,0,15768000.0,0.0,0.0
A,3999,65,80,0,15768000.0,0.0,0.0
A,4000,65,80,0,15768000.0,0.0,0.0
A,4001,65,80,0,15768000.0,0.0,0.0
A,4002,65,80,0,15768000.0,0.0,0.0
A,4003,65,80,0,15768000.0,0.0,0.0
A,4004,65,80,0,15768000.0,0.0,0.0
A,4005,65,80,0,15768000.0,0.0,0.0
A,4006,65,80,0,15768000.0,0.0,0.0
A,4007,65,80,0,15768000.0,0.0,0.0
A,4008,65,80,0,15768000.0,0.0,0.0
A,4009,65,80,0,15768000.0,0.0,0.0
A,4010,65,80,0,15768000.0,0.0,0.0
A,4011,65,80,0,15768000.0,0.0,0.0
A,4012,65,80,0,15768000.0,0.0,0.0
A,4013,65,80,0,15768000.0,0.0,0.0
A,4014,65,80,0,15768000.0,0.0,0.0
A,4015,65,80,0,15768000.0,0.0,0.0
A,4016,65,80,0,15768000.0,0.0,0.0
A,4017,65,80,0,15768000.0,0.0,0.0
A,4018,65,80,0,15768000.0,0.0,0.0
A,4019,65,80,0,15768000.0,0.0,0.0
A,4020,65,80,0,15768000.0,0.0,0.0
A,4021,65,80,0,15768000.0,0.0,0.0
A,4022,65,80,0,15768000.0,0.0,0.0
A,4023,65,80,0,15768000.0,0.0,0.0
A,4024,65,80,0,15768000.0,0.0,0.0
A,4025,65,80,0,15768000.0,0.0,0.0
A,4026,65,80,0,15768000.0,0.0,0.0
A,4027,65,80,0,15768000.0,0.0,0.0
A,4028,65,80,0,15768000.0,0.0,0.0
A,4029,65,80,0,15768000.0,0.0,0.0
A,4030,65,80,0,15768000.0,0.0,0.0
A,4031,65,80,0,15768000.0,0.0,0.0
A,4032,65,80,0,15768000.0,0.0,0.0
A,4033,65,80,0,15768000.0,0.0,0.0
A,4034,65,80,0,15768000.0,0.0,0.0
A,4035,65,80,0,15768000.0,0.0,0.0
A,4036,65,80,0,15768000.0,0.0,0.0
A,4037,65,80,0,15768000.0,0.0,0.0
A,4038,65,80,0,15768000.0,0.0,0.0
A,4039,65,80,0,15768000.0,0.0,0.0
A,4040,65,80,0,15768000.0,0.0,0.0
A,4041,65,80,0,15768000.0,0.0,0.0
A,4042,65,80,0,15768000.0,0.0,0.0
A,4043,65,80,0,15768000.0,0.0,0.0
A,4044,65,80,0,15768000.0,0.0,0.0
A,4045,65,80,0,15768000.0,0.0,0.0
A,4046,65,80,0,15768000.0,0.0,0.0
A,4047,65,80,0,15768000.0,0.0,0.0
A,4048,65,80,0,15768000.0,0.0,0.0
A,4049,65,80,0,15768000.0,0.0,0.0
A,4050,65,80,0,15768000.0,0.0,0.0
A,4051,65,80,0,15768000.0,0.0,0.0
A,4052,65,80,0,15768000.0,0.0,0.0
A,4053,65,80,0,15768000.0,0.0,0.0
A,4054,65,80,0,15768000.0,0.0,0.0
A,4055,65,80,0,15768000.0,0.0,0.0
A,4056,65,80,0,15768000.0,0.0,0.0
A,4057,65,80,0,15768000.0,0.0,0.0
A,4058,65,80,0,15768000.0,0.0,0.0
A,4059,65,80,0,15768000.0,0.0,0.0
A,4060,65,80,0,15768000.0,0.0,0.0
A,4061,65,80,0,15768000.0,0.0,0.0
A,4062,65,80,0,15768000.0,0.0,0.0
A,4063,65,80,0,15768000.0,0.0,0.0
A,4064,65,80,0,15768000.0,0.0,0.0
A,4065,65,80,0,15768000.0,0.0,0.0
A,4066,65,80,0,15768000.0,0.0,0.0
A,4067,65,80,0,15768000.0,0.0,0.0
A,4068,65,80,0,15768000.0,0.0,0.0
A,4069,65,80,0,15768000.0,0.0,0.0
A,4070,65,80,0,15768000.0,0.0,0.0
A,4071,65,80,0,15768000.0,0.0,0.0
A,4072,65,80,0,15768000.0,0.0,0.0
A,4073,65,80,0,15768000.0,0.0,0.0
A,4074,65,80,0,15768000.0,0.0,0.0
A,4075,65,80,0,15768000.0,0.0,0.0
A,4076,65,80,0,15768000.0,0.0,0.0
A,4077,65,80,0,15768000.0,0.0,0.0
A,4078,65,80,0,15768000.0,0.0,0.0
A,4079,65,80,0,15768000.0,0.0,0.0
A,4080,65,80,0,15768000.0,0.0,0.0
A,4081,65,80,0,15768000.0,0.0,0.0
A,4082,65,80,0,15768000.0,0.0,0.0
A,4083,65,80,0,15768000.0,0.0,0.0
A,4084,65,80,0,15768000.0,0.0,0.0
A,4085,65,80,0,15768000.0,0.0,0.0
A,4086,65,80,0,15768000.0,0.0,0.0
A,4087,65,80,0,15768000.0,0.0,0.0
A,4088,65,80,0,15768000.0,0.0,0.0
A,4089,65,80,0,15768000.0,0.0,0.0
A,4090,65,80,0,15768000.0,0.0,0.0
A,4091,65,80,0,15768000.0,0.0,0.0
A,4092,65,80,0,15768000.0,0.0,0.0
A,4093,65,80,0,15768000.0,0.0,0.0
A,4094,65,80,0,15768000.0,0.0,0.0
A,4095,65,80,0,15768000.0,0.0,0.0
A,4096,65,80,0,15768000.0,0.0,0.0
B,1,220.0,240,0,15768000.0,0.0,0.0
B,2,176.0,240,0,15768000.0,0.0,0.0
B,3,154.46281461128325,240,0,15768000.0,0.0,0.0
B,4,140.80000000000004,240,0,15768000.0,0.0,0.0
B,5,131.04021559481174,140,0,15768000.0,0.0,0.0
B,6,123.5702516890266,140,0,15768000.0,0.0,0.0
B,7,117.5876954243472,140,0,15768000.0,0.0,0.0
B,8,112.64000000000003,140,0,15768000.0,0.0,0.0
B,9,108.44891408018026,140,0,15768000.0,0.0,0.0
B,10,104.8321724758494,140,0,15768000.0,0.0,0.0
B,11,101.66445051015748,140,0,15768000.0,0.0,0.0
B,12,98.85620135122129,140,0,15768000.0,0.0,0.0
B,13,96.34141476522726,140,0,15768000.0,0.0,0.0
B,14,94.07015633947778,140,0,15768000.0,0.0,0.0
B,15,92.00382058201815,140,0,15768000.0,0.0,0.0
B,16,90.11200000000002,140,0,15768000.0,0.0,0.0
B,17,88.37035582791,80,8.370355827910004,15768000.0,131983770.69448493,131983770.69448493
B,18,86.75913126414422,80,6.759131264144216,15768000.0,106577981.77302599,238561752.46751094
B,19,85.26208923153474,80,5.262089231534745,15768000.0,82972623.00283985,321534375.4703508
B,20,83.86573798067951,80,3.865737980679512,15768000.0,60954956.479354545,382489331.94970536
B,21,82.55875635863173,80,2.558756358631726,15768000.0,40346470.262905054,422835802.2126104
B,22,81.33156040812598,80,1.3315604081259806,15768000.0,20996044.515330464,443831846.7279409
B,23,80.1759718318172,80,0.17597183181719345,15768000.0,2774723.844093506,446606570.5720344
B,24,79.08496108097704,80,0,15768000.0,0.0,446606570.5720344
B,25,78.05244592333975,80,0,15768000.0,0.0,446606570.5720344
B,26,77.07313181218181,80,0,15768000.0,0.0,446606570.5720344
B,27,76.1423841380085,80,0,15768000.0,0.0,446606570.5720344
B,28,75.25612507158223,80,0,15768000.0,0.0,446606570.5720344
B,29,74.41074957093754,80,0,15768000.0,0.0,446606570.5720344
B,30,73.60305646561453,80,0,15768000.0,0.0,446606570.5720344
B,31,72.83019150783329,80,0,15768000.0,0.0,446606570.5720344
B,32,72.08960000000002,80,0,15768000.0,0.0,446606570.5720344
B,33,71.37898714412925,80,0,15768000.0,0.0,446606570.5720344
B,34,70.69628466232801,80,0,15768000.0,0.0,446606570.5720344
B,35,70.03962254410689,80,0,15768000.0,0.0,446606570.5720344
B,36,69.40730501131537,80,0,15768000.0,0.0,446606570.5720344
B,37,68.79778997315553,80,0,15768000.0,0.0,446606570.5720344
B,38,68.20967138522781,80,0,15768000.0,0.0,446606570.5720344
B,39,67.6416640375911,80,0,15768000.0,0.0,446606570.5720344
B,40,67.09259038454361,80,0,15768000.0,0.0,446606570.5720344
B,41,66.5613690985926,80,0,15768000.0,0.0,446606570.5720344
B,42,66.04700508690539,80,0,15768000.0,0.0,446606570.5720344
B,43,65.54858075346289,80,0,15768000.0,0.0,446606570.5720344
B,44,65.0652483265008,80,0,15768000.0,0.0,446606570.5720344
B,45,64.59622310040925,80,0,15768000.0,0.0,446606570.5720344
B,46,64.14077746545375,80,0,15768000.0,0.0,446606570.5720344
B,47,63.69823561855643,80,0,15768000.0,0.0,446606570.5720344
B,48,63.26796886478163,80,0,15768000.0,0.0,446606570.5720344
B,49,62.84939143276838,80,0,15768000.0,0.0,446606570.5720344
B,50,62.441956738671806,80,0,15768000.0,0.0,446606570.5720344
B,51,62.04515404263454,80,0,15768000.0,0.0,446606570.5720344
B,52,61.658505449745455,80,0,15768000.0,0.0,446606570.5720344
B,53,61.2815632141231,80,0,15768000.0,0.0,446606570.5720344
B,54,60.9139073104068,80,0,15768000.0,0.0,446606570.5720344
B,55,60.5551432417232,80,0,15768000.0,0.0,446606570.5720344
B,56,60.20490005726579,80,0,15768000.0,0.0,446606570.5720344
B,57,59.86282855609655,80,0,15768000.0,0.0,446606570.5720344
B,58,59.52859965675004,80,0,15768000.0,0.0,446606570.5720344
B,59,59.20190291476857,80,0,15768000.0,0.0,446606570.5720344
B,60,58.882445172491614,80,0,15768000.0,0.0,446606570.5720344
B,61,58.56994932731415,80,0,15768000.0,0.0,446606570.5720344
B,62,58.26415320626664,80,0,15768000.0,0.0,446606570.5720344
B,63,57.964808536188336,80,0,15768000.0,0.0,446606570.5720344
B,64,57.67168000000002,80,0,15768000.0,0.0,446606570.5720344
B,65,57.38454437065709,80,0,15768000.0,0.0,446606570.5720344
B,66,57.1031897153034,80,0,15768000.0,0.0,446606570.5720344
B,67,56.82741466296733,80,0,15768000.0,0.0,446606570.5720344
B,68,56.55702772986242,80,0,15768000.0,0.0,446606570.5720344
B,69,56.291846696988394,80,0,15768000.0,0.0,446606570.5720344
B,70,56.03169803528552,80,0,15768000.0,0.0,446606570.5720344
B,71,55.77641637408738,80,0,15768000.0,0.0,446606570.5720344
B,72,55.5258440090523,80,0,15768000.0,0.0,446606570.5720344
B,73,55.27983044613771,80,0,15768000.0,0.0,446606570.5720344
B,74,55.03823197852443,80,0,15768000.0,0.0,446606570.5720344
B,75,54.800911293700175,80,0,15768000.0,0.0,446606570.5720344
B,76,54.56773710818224,80,0,15768000.0,0.0,446606570.5720344
B,77,54.33858382760009,80,0,15768000.0,0.0,446606570.5720344
B,78,54.11333123007289,80,0,15768000.0,0.0,446606570.5720344
B,79,53.891864171010184,80,0,15768000.0,0.0,446606570.5720344
B,80,53.674072307634894,80,0,15768000.0,0.0,446606570.5720344
B,81,53.45984984168328,80,0,15768000.0,0.0,446606570.5720344
B,82,53.24909527887409,80,0,15768000.0,0.0,446606570.5720344
B,83,53.04171120386485,80,0,15768000.0,0.0,446606570.5720344
B,84,52.83760406952431,80,0,15768000.0,0.0,446606570.5720344
B,85,52.63668399945252,80,0,15768000.0,0.0,446606570.5720344
B,86,52.438864602770316,80,0,15768000.0,0.0,446606570.5720344
B,87,52.24406280028341,80,0,15768000.0,0.0,446606570.5720344
B,88,52.052198661200634,80,0,15768000.0,0.0,446606570.5720344
B,89,51.86319524965372,80,0,15768000.0,0.0,446606570.5720344
B,90,51.676978480327406,80,0,15768000.0,0.0,446606570.5720344
B,91,51.49347698256477,80,0,15768000.0,0.0,446606570.5720344
B,92,51.31262197236301,80,0,15768000.0,0.0,446606570.5720344
B,93,51.13434713172141,80,0,15768000.0,0.0,446606570.5720344
B,94,50.95858849484515,80,0,15768000.0,0.0,446606570.5720344
B,95,50.785284340747225,80,0,15768000.0,0.0,446606570.5720344
B,96,50.61437509182531,80,0,15768000.0,0.0,446606570.5720344
B,97,50.44580321802316,80,0,15768000.0,0.0,446606570.5720344
B,98,50.27951314621471,80,0,15768000.0,0.0,446606570.5720344
B,99,50.11545117447639,80,0,15768000.0,0.0,446606570.5720344
B,100,49.95356539093744,80,0,15768000.0,0.0,446606570.5720344
B,101,49.79380559692079,80,0,15768000.0,0.0,446606570.5720344
B,102,49.636123234107636,80,0,15768000.0,0.0,446606570.5720344
B,103,49.4804713154779,80,0,15768000.0,0.0,446606570.5720344
B,104,49.32680435979637,80,0,15768000.0,0.0,446606570.5720344
B,105,49.17507832943017,80,0,15768000.0,0.0,446606570.5720344
B,106,49.025250571298486,80,0,15768000.0,0.0,446606570.5720344
B,107,48.87727976076858,80,0,15768000.0,0.0,446606570.5720344
B,108,48.73112584832544,80,0,15768000.0,0.0,446606570.5720344
B,109,48.58675000885325,80,0,15768000.0,0.0,446606570.5720344
B,110,48.444114593378565,80,0,15768000.0,0.0,446606570.5720344
B,111,48.3031830831342,80,0,15768000.0,0.0,446606570.5720344
B,112,48.16392004581263,80,0,15768000.0,0.0,446606570.5720344
B,113,48.02629109388589,80,0,15768000.0,0.0,446606570.5720344
B,114,47.89026284487724,80,0,15768000.0,0.0,446606570.5720344
B,115,47.755802883476726,80,0,15768000.0,0.0,446606570.5720344
B,116,47.62287972540003,80,0,15768000.0,0.0,446606570.5720344
B,117,47.49146278289609,80,0,15768000.0,0.0,446606570.5720344
B,118,47.36152233181486,80,0,15768000.0,0.0,446606570.5720344
B,119,47.23302948015212,80,0,15768000.0,0.0,446606570.5720344
B,120,47.1059561379933,80,0,15768000.0,0.0,446606570.5720344
B,121,46.980274988782995,80,0,15768000.0,0.0,446606570.5720344
B,122,46.85595946185133,80,0,15768000.0,0.0,446606570.5720344
B,123,46.73298370613231,80,0,15768000.0,0.0,446606570.5720344
B,124,46.61132256501332,80,0,15768000.0,0.0,446606570.5720344
B,125,46.49095155225829,80,0,15768000.0,0.0,446606570.5720344
B,126,46.37184682895067,80,0,15768000.0,0.0,446606570.5720344
B,127,46.25398518140511,80,0,15768000.0,0.0,446606570.5720344
B,128,46.13734400000001,80,0,15768000.0,0.0,446606570.5720344
B,129,46.02190125888576,80,0,15768000.0,0.0,446606570.5720344
B,130,45.90763549652568,80,0,15768000.0,0.0,446606570.5720344
B,131,45.794525797029735,80,0,15768000.0,0.0,446606570.5720344
B,132,45.682551772242725,80,0,15768000.0,0.0,446606570.5720344
B,133,45.571693544551,80,0,15768000.0,0.0,446606570.5720344
B,134,45.46193173037386,80,0,15768000.0,0.0,446606570.5720344
B,135,45.353247424307305,80,0,15768000.0,0.0,446606570.5720344
B,136,45.245622183889935,80,0,15768000.0,0.0,446606570.5720344
B,137,45.13903801496203,80,0,15768000.0,0.0,446606570.5720344
B,138,45.03347735759072,80,0,15768000.0,0.0,446606570.5720344
B,139,44.92892307253531,80,0,15768000.0,0.0,446606570.5720344
B,140,44.82535842822842,80,0,15768000.0,0.0,446606570.5720344
B,141,44.72276708824965,80,0,15768000.0,0.0,446606570.5720344
B,142,44.62113309926992,80,0,15768000.0,0.0,446606570.5720344
B,143,44.52044087944547,80,0,15768000.0,0.0,446606570.5720344
B,144,44.42067520724184,80,0,15768000.0,0.0,446606570.5720344
B,145,44.32182121066909,80,0,15768000.0,0.0,446606570.5720344
B,146,44.22386435691017,80,0,15768000.0,0.0,446606570.5720344
B,147,44.126790442325806,80,0,15768000.0,0.0,446606570.5720344
B,148,44.03058558281955,80,0,15768000.0,0.0,446606570.5720344
B,149,43.9352362045478,80,0,15768000.0,0.0,446606570.5720344
B,150,43.84072903496014,80,0,15768000.0,0.0,446606570.5720344
B,151,43.74705109415619,80,0,15768000.0,0.0,446606570.5720344
B,152,43.6541896865458,80,0,15768000.0,0.0,446606570.5720344
B,153,43.56213239279985,80,0,15768000.0,0.0,446606570.5720344
B,154,43.47086706208007,80,0,15768000.0,0.0,446606570.5720344
B,155,43.38038180453592,80,0,15768000.0,0.0,446606570.5720344
B,156,43.29066498405831,80,0,15768000.0,0.0,446606570.5720344
B,157,43.20170521127931,80,0,15768000.0,0.0,446606570.5720344
B,158,43.113491336808146,80,0,15768000.0,0.0,446606570.5720344
B,159,43.02601244469423,80,0,15768000.0,0.0,446606570.5720344
B,160,42.93925784610792,80,0,15768000.0,0.0,446606570.5720344
B,161,42.85321707323074,80,0,15768000.0,0.0,446606570.5720344
B,162,42.76787987334662,80,0,15768000.0,0.0,446606570.5720344
B,163,42.68323620312661,80,0,15768000.0,0.0,446606570.5720344
B,164,42.599276223099274,80,0,15768000.0,0.0,446606570.5720344
B,165,42.51599029229996,80,0,15768000.0,0.0,446606570.5720344
B,166,42.43336896309188,80,0,15768000.0,0.0,446606570.5720344
B,167,42.35140297615254,80,0,15768000.0,0.0,446606570.5720344
B,168,42.270083255619454,80,0,15768000.0,0.0,446606570.5720344
B,169,42.18940090438886,80,0,15768000.0,0.0,446606570.5720344
B,170,42.10934719956202,80,0,15768000.0,0.0,446606570.5720344
B,171,42.02991358803351,80,0,15768000.0,0.0,446606570.5720344
B,172,41.95109168221625,80,0,15768000.0,0.0,446606570.5720344
B,173,41.872873255898305,80,0,15768000.0,0.0,446606570.5720344
B,174,41.79525024022673,80,0,15768000.0,0.0,446606570.5720344
B,175,41.71821471981365,80,0,15768000.0,0.0,446606570.5720344
B,176,41.64175892896051,80,0,15768000.0,0.0,446606570.5720344
B,177,41.565875247995855,80,0,15768000.0,0.0,446606570.5720344
B,178,41.490556199722974,80,0,15768000.0,0.0,446606570.5720344
B,179,41.41579444597331,80,0,15768000.0,0.0,446606570.5720344
B,180,41.341582784261924,80,0,15768000.0,0.0,446606570.5720344
B,181,41.26791414454158,80,0,15768000.0,0.0,446606570.5720344
B,182,41.19478158605182,80,0,15768000.0,0.0,446606570.5720344
B,183,41.1221782942599,80,0,15768000.0,0.0,446606570.5720344
B,184,41.05009757789041,80,0,15768000.0,0.0,446606570.5720344
B,185,40.97853286604036,80,0,15768000.0,0.0,446606570.5720344
B,186,40.907477705377126,80,0,15768000.0,0.0,446606570.5720344
B,187,40.8369257574162,80,0,15768000.0,0.0,446606570.5720344
B,188,40.76687079587612,80,0,15768000.0,0.0,446606570.5720344
B,189,40.69730670410813,80,0,15768000.0,0.0,446606570.5720344
B,190,40.628227472597786,80,0,15768000.0,0.0,446606570.5720344
B,191,40.55962719653647,80,0,15768000.0,0.0,446606570.5720344
B,192,40.49150007346025,80,0,15768000.0,0.0,446606570.5720344
B,193,40.423840400953985,80,0,15768000.0,0.0,446606570.5720344
B,194,40.35664257441853,80,0,15768000.0,0.0,446606570.5720344
B,195,40.28990108489892,80,0,15768000.0,0.0,446606570.5720344
B,196,40.22361051697177,80,0,15768000.0,0.0,446606570.5720344
B,197,40.15776554668968,80,0,15768000.0,0.0,446606570.5720344
B,198,40.09236093958112,80,0,15768000.0,0.0,446606570.5720344
B,199,40.02739154870378,80,0,15768000.0,0.0,446606570.5720344
B,200,39.96285231274996,80,0,15768000.0,0.0,446606570.5720344
B,201,39.898738254202,80,0,15768000.0,0.0,446606570.5720344
B,202,39.835044477536634,80,0,15768000.0,0.0,446606570.5720344
B,203,39.771766167476265,80,0,15768000.0,0.0,446606570.5720344
B,204,39.70889858728611,80,0,15768000.0,0.0,446606570.5720344
B,205,39.64643707711552,80,0,15768000.0,0.0,446606570.5720344
B,206,39.584377052382315,80,0,15768000.0,0.0,446606570.5720344
B,207,39.52271400219862,80,0,15768000.0,0.0,446606570.5720344
B,208,39.4614434878371,80,0,15768000.0,0.0,446606570.5720344
B,209,39.40056114123634,80,0,15768000.0,0.0,446606570.5720344
B,210,39.34006266354414,80,0,15768000.0,0.0,446606570.5720344
B,211,39.27994382369757,80,0,15768000.0,0.0,446606570.5720344
B,212,39.220200457038786,80,0,15768000.0,0.0,446606570.5720344
B,213,39.16082846396547,80,0,15768000.0,0.0,446606570.5720344
B,214,39.10182380861487,80,0,15768000.0,0.0,446606570.5720344
B,215,39.04318251758047,80,0,15768000.0,0.0,446606570.5720344
B,216,38.98490067866036,80,0,15768000.0,0.0,446606570.5720344
B,217,38.92697443963627,80,0,15768000.0,0.0,446606570.5720344
B,218,38.869400007082604,80,0,15768000.0,0.0,446606570.5720344
B,219,38.81217364520427,80,0,15768000.0,0.0,446606570.5720344
B,220,38.755291674702846,80,0,15768000.0,0.0,446606570.5720344
B,221,38.69875047166998,80,0,15768000.0,0.0,446606570.5720344
B,222,38.64254646650736,80,0,15768000.0,0.0,446606570.5720344
B,223,38.586676142872605,80,0,15768000.0,0.0,446606570.5720344
B,224,38.5311360366501,80,0,15768000.0,0.0,446606570.5720344
B,225,38.4759227349463,80,0,15768000.0,0.0,446606570.5720344
B,226,38.421032875108715,80,0,15768000.0,0.0,446606570.5720344
B,227,38.366463143767874,80,0,15768000.0,0.0,446606570.5720344
B,228,38.3122102759018,80,0,15768000.0,0.0,446606570.5720344
B,229,38.258271053922094,80,0,15768000.0,0.0,446606570.5720344
B,230,38.20464230678138,80,0,15768000.0,0.0,446606570.5720344
B,231,38.15132090910121,80,0,15768000.0,0.0,446606570.5720344
B,232,38.09830378032002,80,0,15768000.0,0.0,446606570.5720344
B,233,38.045587883860684,80,0,15768000.0,0.0,446606570.5720344
B,234,37.99317022631688,80,0,15768000.0,0.0,446606570.5720344
B,235,37.941047856657974,80,0,15768000.0,0.0,446606570.5720344
B,236,37.8892178654519,80,0,15768000.0,0.0,446606570.5720344
B,237,37.83767738410547,80,0,15768000.0,0.0,446606570.5720344
B,238,37.78642358412171,80,0,15768000.0,0.0,446606570.5720344
B,239,37.735453676373695,80,0,15768000.0,0.0,446606570.5720344
B,240,37.68476491039464,80,0,15768000.0,0.0,446606570.5720344
B,241,37.63435457368359,80,0,15768000.0,0.0,446606570.5720344
B,242,37.584219991026394,80,0,15768000.0,0.0,446606570.5720344
B,243,37.53435852383165,80,0,15768000.0,0.0,446606570.5720344
B,244,37.48476756948106,80,0,15768000.0,0.0,446606570.5720344
B,245,37.435444560694016,80,0,15768000.0,0.0,446606570.5720344
B,246,37.386386964905846,80,0,15768000.0,0.0,446606570.5720344
B,247,37.33759228365957,80,0,15768000.0,0.0,446606570.5720344
B,248,37.28905805201065,80,0,15768000.0,0.0,446606570.5720344
B,249,37.24078183794455,80,0,15768000.0,0.0,446606570.5720344
B,250,37.192761241806636,80,0,15768000.0,0.0,446606570.5720344
B,251,37.14499389574426,80,0,15768000.0,0.0,446606570.5720344
B,252,37.09747746316054,80,0,15768000.0,0.0,446606570.5720344
B,253,37.05020963817981,80,0,15768000.0,0.0,446606570.5720344
B,254,37.0031881451241,80,0,15768000.0,0.0,446606570.5720344
B,255,36.95641073800061,80,0,15768000.0,0.0,446606570.5720344
B,256,36.909875200000016,80,0,15768000.0,0.0,446606570.5720344
B,257,36.86357934300491,80,0,15768000.0,0.0,446606570.5720344
B,258,36.81752100710861,80,0,15768000.0,0.0,446606570.5720344
B,259,36.77169806014373,80,0,15768000.0,0.0,446606570.5720344
B,260,36.72610839722054,80,0,15768000.0,0.0,446606570.5720344
B,261,36.68074994027461,80,0,15768000.0,0.0,446606570.5720344
B,262,36.63562063762379,80,0,15768000.0,0.0,446606570.5720344
B,263,36.59071846353405,80,0,15768000.0,0.0,446606570.5720344
B,264,36.54604141779418,80,0,15768000.0,0.0,446606570.5720344
B,265,36.501587525298966,80,0,15768000.0,0.0,446606570.5720344
B,266,36.457354835640814,80,0,15768000.0,0.0,446606570.5720344
B,267,36.41334142270931,80,0,15768000.0,0.0,446606570.5720344
B,268,36.369545384299094,80,0,15768000.0,0.0,446606570.5720344
B,269,36.32596484172514,80,0,15768000.0,0.0,446606570.5720344
B,270,36.282597939445836,80,0,15768000.0,0.0,446606570.5720344
B,271,36.239442844693514,80,0,15768000.0,0.0,446606570.5720344
B,272,36.19649774711195,80,0,15768000.0,0.0,446606570.5720344
B,273,36.153760858401284,80,0,15768000.0,0.0,446606570.5720344
B,274,36.11123041196962,80,0,15768000.0,0.0,446606570.5720344
B,275,36.068904662591436,80,0,15768000.0,0.0,446606570.5720344
B,276,36.026781886072584,80,0,15768000.0,0.0,446606570.5720344
B,277,35.98486037892175,80,0,15768000.0,0.0,446606570.5720344
B,278,35.94313845802825,80,0,15768000.0,0.0,446606570.5720344
B,279,35.90161446034585,80,0,15768000.0,0.0,446606570.5720344
B,280,35.86028674258273,80,0,15768000.0,0.0,446606570.5720344
B,281,35.81915368089731,80,0,15768000.0,0.0,446606570.5720344
B,282,35.77821367059972,80,0,15768000.0,0.0,446606570.5720344
B,283,35.737465125859046,80,0,15768000.0,0.0,446606570.5720344
B,284,35.696906479415944,80,0,15768000.0,0.0,446606570.5720344
B,285,35.65653618230065,80,0,15768000.0,0.0,446606570.5720344
B,286,35.61635270355637,80,0,15768000.0,0.0,446606570.5720344
B,287,35.57635452996757,80,0,15768000.0,0.0,446606570.5720344
B,288,35.53654016579348,80,0,15768000.0,0.0,446606570.5720344
B,289,35.4969081325065,80,0,15768000.0,0.0,446606570.5720344
B,290,35.457456968535276,80,0,15768000.0,0.0,446606570.5720344
B,291,35.41818522901267,80,0,15768000.0,0.0,446606570.5720344
B,292,35.379091485528136,80,0,15768000.0,0.0,446606570.5720344
B,293,35.34017432588477,80,0,15768000.0,0.0,446606570.5720344
B,294,35.30143235386065,80,0,15768000.0,0.0,446606570.5720344
B,295,35.26286418897449,80,0,15768000.0,0.0,446606570.5720344
B,296,35.224468466255644,80,0,15768000.0,0.0,446606570.5720344
B,297,35.186243836018015,80,0,15768000.0,0.0,446606570.5720344
B,298,35.14818896363823,80,0,15768000.0,0.0,446606570.5720344
B,299,35.11030252933763,80,0,15768000.0,0.0,446606570.5720344
B,300,35.0725832279681,80,0,15768000.0,0.0,446606570.5720344
B,301,35.03502976880192,80,0,15768000.0,0.0,446606570.5720344
B,302,35,80,0,15768000.0,0.0,446606570.5720344
B,303,35,80,0,15768000.0,0.0,446606570.5720344
B,304,35,80,0,15768000.0,0.0,446606570.5720344
B,305,35,80,0,15768000.0,0.0,446606570.5720344
B,306,35,80,0,15768000.0,0.0,446606570.5720344
B,307,35,80,0,15768000.0,0.0,446606570.5720344
B,308,35,80,0,15768000.0,0.0,446606570.5720344
B,309,35,80,0,15768000.0,0.0,446606570.5720344
B,310,35,80,0,15768000.0,0.0,446606570.5720344
B,311,35,80,0,15768000.0,0.0,446606570.5720344
B,312,35,80,0,15768000.0,0.0,446606570.5720344
B,313,35,80,0,15768000.0,0.0,446606570.5720344
B,314,35,80,0,15768000.0,0.0,446606570.5720344
B,315,35,80,0,15768000.0,0.0,446606570.5720344
B,316,35,80,0,15768000.0,0.0,446606570.5720344
B,317,35,80,0,15768000.0,0.0,446606570.5720344
B,318,35,80,0,15768000.0,0.0,446606570.5720344
B,319,35,80,0,15768000.0,0.0,446606570.5720344
B,320,35,80,0,15768000.0,0.0,446606570.5720344
B,321,35,80,0,15768000.0,0.0,446606570.5720344
B,322,35,80,0,15768000.0,0.0,446606570.5720344
B,323,35,80,0,15768000.0,0.0,446606570.5720344
B,324,35,80,0,15768000.0,0.0,446606570.5720344
B,325,35,80,0,15768000.0,0.0,446606570.5720344
B,326,35,80,0,15768000.0,0.0,446606570.5720344
B,327,35,80,0,15768000.0,0.0,446606570.5720344
B,328,35,80,0,15768000.0,0.0,446606570.5720344
B,329,35,80,0,15768000.0,0.0,446606570.5720344
B,330,35,80,0,15768000.0,0.0,446606570.5720344
B,331,35,80,0,15768000.0,0.0,446606570.5720344
B,332,35,80,0,15768000.0,0.0,446606570.5720344
B,333,35,80,0,15768000.0,0.0,446606570.5720344
B,334,35,80,0,15768000.0,0.0,446606570.5720344
B,335,35,80,0,15768000.0,0.0,446606570.5720344
B,336,35,80,0,15768000.0,0.0,446606570.5720344
B,337,35,80,0,15768000.0,0.0,446606570.5720344
B,338,35,80,0,15768000.0,0.0,446606570.5720344
B,339,35,80,0,15768000.0,0.0,446606570.5720344
B,340,35,80,0,15768000.0,0.0,446606570.5720344
B,341,35,80,0,15768000.0,0.0,446606570.5720344
B,342,35,80,0,15768000.0,0.0,446606570.5720344
B,343,35,80,0,15768000.0,0.0,446606570.5720344
B,344,35,80,0,15768000.0,0.0,446606570.5720344
B,345,35,80,0,15768000.0,0.0,446606570.5720344
B,346,35,80,0,15768000.0,0.0,446606570.5720344
B,347,35,80,0,15768000.0,0.0,446606570.5720344
B,348,35,80,0,15768000.0,0.0,446606570.5720344
B,349,35,80,0,15768000.0,0.0,446606570.5720344
B,350,35,80,0,15768000.0,0.0,446606570.5720344
B,351,35,80,0,15768000.0,0.0,446606570.5720344
B,352,35,80,0,15768000.0,0.0,446606570.5720344
B,353,35,80,0,15768000.0,0.0,446606570.5720344
B,354,35,80,0,15768000.0,0.0,446606570.5720344
B,355,35,80,0,15768000.0,0.0,446606570.5720344
B,356,35,80,0,15768000.0,0.0,446606570.5720344
B,357,35,80,0,15768000.0,0.0,446606570.5720344
B,358,35,80,0,15768000.0,0.0,446606570.5720344
B,359,35,80,0,15768000.0,0.0,446606570.5720344
B,360,35,80,0,15768000.0,0.0,446606570.5720344
B,361,35,80,0,15768000.0,0.0,446606570.5720344
B,362,35,80,0,15768000.0,0.0,446606570.5720344
B,363,35,80,0,15768000.0,0.0,446606570.5720344
B,364,35,80,0,15768000.0,0.0,446606570.5720344
B,365,35,80,0,15768000.0,0.0,446606570.5720344
B,366,35,80,0,15768000.0,0.0,446606570.5720344
B,367,35,80,0,15768000.0,0.0,446606570.5720344
B,368,35,80,0,15768000.0,0.0,446606570.5720344
B,369,35,80,0,15768000.0,0.0,446606570.5720344
B,370,35,80,0,15768000.0,0.0,446606570.5720344
B,371,35,80,0,15768000.0,0.0,446606570.5720344
B,372,35,80,0,15768000.0,0.0,446606570.5720344
B,373,35,80,0,15768000.0,0.0,446606570.5720344
B,374,35,80,0,15768000.0,0.0,446606570.5720344
B,375,35,80,0,15768000.0,0.0,446606570.5720344
B,376,35,80,0,15768000.0,0.0,446606570.5720344
B,377,35,80,0,15768000.0,0.0,446606570.5720344
B,378,35,80,0,15768000.0,0.0,446606570.5720344
B,379,35,80,0,15768000.0,0.0,446606570.5720344
B,380,35,80,0,15768000.0,0.0,446606570.5720344
B,381,35,80,0,15768000.0,0.0,446606570.5720344
B,382,35,80,0,15768000.0,0.0,446606570.5720344
B,383,35,80,0,15768000.0,0.0,446606570.5720344
B,384,35,80,0,15768000.0,0.0,446606570.5720344
B,385,35,80,0,15768000.0,0.0,446606570.5720344
B,386,35,80,0,15768000.0,0.0,446606570.5720344
B,387,35,80,0,15768000.0,0.0,446606570.5720344
B,388,35,80,0,15768000.0,0.0,446606570.5720344
B,389,35,80,0,15768000.0,0.0,446606570.5720344
B,390,35,80,0,15768000.0,0.0,446606570.5720344
B,391,35,80,0,15768000.0,0.0,446606570.5720344
B,392,35,80,0,15768000.0,0.0,446606570.5720344
B,393,35,80,0,15768000.0,0.0,446606570.5720344
B,394,35,80,0,15768000.0,0.0,446606570.5720344
B,395,35,80,0,15768000.0,0.0,446606570.5720344
B,396,35,80,0,15768000.0,0.0,446606570.5720344
B,397,35,80,0,15768000.0,0.0,446606570.5720344
B,398,35,80,0,15768000.0,0.0,446606570.5720344
B,399,35,80,0,15768000.0,0.0,446606570.5720344
B,400,35,80,0,15768000.0,0.0,446606570.5720344
B,401,35,80,0,15768000.0,0.0,446606570.5720344
B,402,35,80,0,15768000.0,0.0,446606570.5720344
B,403,35,80,0,15768000.0,0.0,446606570.5720344
B,404,35,80,0,15768000.0,0.0,446606570.5720344
B,405,35,80,0,15768000.0,0.0,446606570.5720344
B,406,35,80,0,15768000.0,0.0,446606570.5720344
B,407,35,80,0,15768000.0,0.0,446606570.5720344
B,408,35,80,0,15768000.0,0.0,446606570.5720344
B,409,35,80,0,15768000.0,0.0,446606570.5720344
B,410,35,80,0,15768000.0,0.0,446606570.5720344
B,411,35,80,0,15768000.0,0.0,446606570.5720344
B,412,35,80,0,15768000.0,0.0,446606570.5720344
B,413,35,80,0,15768000.0,0.0,446606570.5720344
B,414,35,80,0,15768000.0,0.0,446606570.5720344
B,415,35,80,0,15768000.0,0.0,446606570.5720344
B,416,35,80,0,15768000.0,0.0,446606570.5720344
B,417,35,80,0,15768000.0,0.0,446606570.5720344
B,418,35,80,0,15768000.0,0.0,446606570.5720344
B,419,35,80,0,15768000.0,0.0,446606570.5720344
B,420,35,80,0,15768000.0,0.0,446606570.5720344
B,421,35,80,0,15768000.0,0.0,446606570.5720344
B,422,35,80,0,15768000.0,0.0,446606570.5720344
B,423,35,80,0,15768000.0,0.0,446606570.5720344
B,424,35,80,0,15768000.0,0.0,446606570.5720344
B,425,35,80,0,15768000.0,0.0,446606570.5720344
B,426,35,80,0,15768000.0,0.0,446606570.5720344
B,427,35,80,0,15768000.0,0.0,446606570.5720344
B,428,35,80,0,15768000.0,0.0,446606570.5720344
B,429,35,80,0,15768000.0,0.0,446606570.5720344
B,430,35,80,0,15768000.0,0.0,446606570.5720344
B,431,35,80,0,15768000.0,0.0,446606570.5720344
B,432,35,80,0,15768000.0,0.0,446606570.5720344
B,433,35,80,0,15768000.0,0.0,446606570.5720344
B,434,35,80,0,15768000.0,0.0,446606570.5720344
B,435,35,80,0,15768000.0,0.0,446606570.5720344
B,436,35,80,0,15768000.0,0.0,446606570.5720344
B,437,35,80,0,15768000.0,0.0,446606570.5720344
B,438,35,80,0,15768000.0,0.0,446606570.5720344
B,439,35,80,0,15768000.0,0.0,446606570.5720344
B,440,35,80,0,15768000.0,0.0,446606570.5720344
B,441,35,80,0,15768000.0,0.0,446606570.5720344
B,442,35,80,0,15768000.0,0.0,446606570.5720344
B,443,35,80,0,15768000.0,0.0,446606570.5720344
B,444,35,80,0,15768000.0,0.0,446606570.5720344
B,445,35,80,0,15768000.0,0.0,446606570.5720344
B,446,35,80,0,15768000.0,0.0,446606570.5720344
B,447,35,80,0,15768000.0,0.0,446606570.5720344
B,448,35,80,0,15768000.0,0.0,446606570.5720344
B,449,35,80,0,15768000.0,0.0,446606570.5720344
B,450,35,80,0,15768000.0,0.0,446606570.5720344
B,451,35,80,0,15768000.0,0.0,446606570.5720344
B,452,35,80,0,15768000.0,0.0,446606570.5720344
B,453,35,80,0,15768000.0,0.0,446606570.5720344
B,454,35,80,0,15768000.0,0.0,446606570.5720344
B,455,35,80,0,15768000.0,0.0,446606570.5720344
B,456,35,80,0,15768000.0,0.0,446606570.5720344
B,457,35,80,0,15768000.0,0.0,446606570.5720344
B,458,35,80,0,15768000.0,0.0,446606570.5720344
B,459,35,80,0,15768000.0,0.0,446606570.5720344
B,460,35,80,0,15768000.0,0.0,446606570.5720344
B,461,35,80,0,15768000.0,0.0,446606570.5720344
B,462,35,80,0,15768000.0,0.0,446606570.5720344
B,463,35,80,0,15768000.0,0.0,446606570.5720344
B,464,35,80,0,15768000.0,0.0,446606570.5720344
B,465,35,80,0,15768000.0,0.0,446606570.5720344
B,466,35,80,0,15768000.0,0.0,446606570.5720344
B,467,35,80,0,15768000.0,0.0,446606570.5720344
B,468,35,80,0,15768000.0,0.0,446606570.5720344
B,469,35,80,0,15768000.0,0.0,446606570.5720344
B,470,35,80,0,15768000.0,0.0,446606570.5720344
B,471,35,80,0,15768000.0,0.0,446606570.5720344
B,472,35,80,0,15768000.0,0.0,446606570.5720344
B,473,35,80,0,15768000.0,0.0,446606570.5720344
B,474,35,80,0,15768000.0,0.0,446606570.5720344
B,475,35,80,0,15768000.0,0.0,446606570.5720344
B,476,35,80,0,15768000.0,0.0,446606570.5720344
B,477,35,80,0,15768000.0,0.0,446606570.5720344
B,478,35,80,0,15768000.0,0.0,446606570.5720344
B,479,35,80,0,15768000.0,0.0,446606570.5720344
B,480,35,80,0,15768000.0,0.0,446606570.5720344
B,481,35,80,0,15768000.0,0.0,446606570.5720344
B,482,35,80,0,15768000.0,0.0,446606570.5720344
B,483,35,80,0,15768000.0,0.0,446606570.5720344
B,484,35,80,0,15768000.0,0.0,446606570.5720344
B,485,35,80,0,15768000.0,0.0,446606570.5720344
B,486,35,80,0,15768000.0,0.0,446606570.5720344
B,487,35,80,0,15768000.0,0.0,446606570.5720344
B,488,35,80,0,15768000.0,0.0,446606570.5720344
B,489,35,80,0,15768000.0,0.0,446606570.5720344
B,490,35,80,0,15768000.0,0.0,446606570.5720344
B,491,35,80,0,15768000.0,0.0,446606570.5720344
B,492,35,80,0,15768000.0,0.0,446606570.5720344
B,493,35,80,0,15768000.0,0.0,446606570.5720344
B,494,35,80,0,15768000.0,0.0,446606570.5720344
B,495,35,80,0,15768000.0,0.0,446606570.5720344
B,496,35,80,0,15768000.0,0.0,446606570.5720344
B,497,35,80,0,15768000.0,0.0,446606570.5720344
B,498,35,80,0,15768000.0,0.0,446606570.5720344
B,499,35,80,0,15768000.0,0.0,446606570.5720344
B,500,35,80,0,15768000.0,0.0,446606570.5720344
B,501,35,80,0,15768000.0,0.0,446606570.5720344
B,502,35,80,0,15768000.0,0.0,446606570.5720344
B,503,35,80,0,15768000.0,0.0,446606570.5720344
B,504,35,80,0,15768000.0,0.0,446606570.5720344
B,505,35,80,0,15768000.0,0.0,446606570.5720344
B,506,35,80,0,15768000.0,0.0,446606570.5720344
B,507,35,80,0,15768000.0,0.0,446606570.5720344
B,508,35,80,0,15768000.0,0.0,446606570.5720344
B,509,35,80,0,15768000.0,0.0,446606570.5720344
B,510,35,80,0,15768000.0,0.0,446606570.5720344
B,511,35,80,0,15768000.0,0.0,446606570.5720344
B,512,35,80,0,15768000.0,0.0,446606570.5720344
B,513,35,80,0,15768000.0,0.0,446606570.5720344
B,514,35,80,0,15768000.0,0.0,446606570.5720344
B,515,35,80,0,15768000.0,0.0,446606570.5720344
B,516,35,80,0,15768000.0,0.0,446606570.5720344
B,517,35,80,0,15768000.0,0.0,446606570.5720344
B,518,35,80,0,15768000.0,0.0,446606570.5720344
B,519,35,80,0,15768000.0,0.0,446606570.5720344
B,520,35,80,0,15768000.0,0.0,446606570.5720344
B,521,35,80,0,15768000.0,0.0,446606570.5720344
B,522,35,80,0,15768000.0,0.0,446606570.5720344
B,523,35,80,0,15768000.0,0.0,446606570.5720344
B,524,35,80,0,15768000.0,0.0,446606570.5720344
B,525,35,80,0,15768000.0,0.0,446606570.5720344
B,526,35,80,0,15768000.0,0.0,446606570.5720344
B,527,35,80,0,15768000.0,0.0,446606570.5720344
B,528,35,80,0,15768000.0,0.0,446606570.5720344
B,529,35,80,0,15768000.0,0.0,446606570.5720344
B,530,35,80,0,15768000.0,0.0,446606570.5720344
B,531,35,80,0,15768000.0,0.0,446606570.5720344
B,532,35,80,0,15768000.0,0.0,446606570.5720344
B,533,35,80,0,15768000.0,0.0,446606570.5720344
B,534,35,80,0,15768000.0,0.0,446606570.5720344
B,535,35,80,0,15768000.0,0.0,446606570.5720344
B,536,35,80,0,15768000.0,0.0,446606570.5720344
B,537,35,80,0,15768000.0,0.0,446606570.5720344
B,538,35,80,0,15768000.0,0.0,446606570.5720344
B,539,35,80,0,15768000.0,0.0,446606570.5720344
B,540,35,80,0,15768000.0,0.0,446606570.5720344
B,541,35,80,0,15768000.0,0.0,446606570.5720344
B,542,35,80,0,15768000.0,0.0,446606570.5720344
B,543,35,80,0,15768000.0,0.0,446606570.5720344
B,544,35,80,0,15768000.0,0.0,446606570.5720344
B,545,35,80,0,15768000.0,0.0,446606570.5720344
B,546,35,80,0,15768000.0,0.0,446606570.5720344
B,547,35,80,0,15768000.0,0.0,446606570.5720344
B,548,35,80,0,15768000.0,0.0,446606570.5720344
B,549,35,80,0,15768000.0,0.0,446606570.5720344
B,550,35,80,0,15768000.0,0.0,446606570.5720344
B,551,35,80,0,15768000.0,0.0,446606570.5720344
B,552,35,80,0,15768000.0,0.0,446606570.5720344
B,553,35,80,0,15768000.0,0.0,446606570.5720344
B,554,35,80,0,15768000.0,0.0,446606570.5720344
B,555,35,80,0,15768000.0,0.0,446606570.5720344
B,556,35,80,0,15768000.0,0.0,446606570.5720344
B,557,35,80,0,15768000.0,0.0,446606570.5720344
B,558,35,80,0,15768000.0,0.0,446606570.5720344
B,559,35,80,0,15768000.0,0.0,446606570.5720344
B,560,35,80,0,15768000.0,0.0,446606570.5720344
B,561,35,80,0,15768000.0,0.0,446606570.5720344
B,562,35,80,0,15768000.0,0.0,446606570.5720344
B,563,35,80,0,15768000.0,0.0,446606570.5720344
B,564,35,80,0,15768000.0,0.0,446606570.5720344
B,565,35,80,0,15768000.0,0.0,446606570.5720344
B,566,35,80,0,15768000.0,0.0,446606570.5720344
B,567,35,80,0,15768000.0,0.0,446606570.5720344
B,568,35,80,0,15768000.0,0.0,446606570.5720344
B,569,35,80,0,15768000.0,0.0,446606570.5720344
B,570,35,80,0,15768000.0,0.0,446606570.5720344
B,571,35,80,0,15768000.0,0.0,446606570.5720344
B,572,35,80,0,15768000.0,0.0,446606570.5720344
B,573,35,80,0,15768000.0,0.0,446606570.5720344
B,574,35,80,0,15768000.0,0.0,446606570.5720344
B,575,35,80,0,15768000.0,0.0,446606570.5720344
B,576,35,80,0,15768000.0,0.0,446606570.5720344
B,577,35,80,0,15768000.0,0.0,446606570.5720344
B,578,35,80,0,15768000.0,0.0,446606570.5720344
B,579,35,80,0,15768000.0,0.0,446606570.5720344
B,580,35,80,0,15768000.0,0.0,446606570.5720344
B,581,35,80,0,15768000.0,0.0,446606570.5720344
B,582,35,80,0,15768000.0,0.0,446606570.5720344
B,583,35,80,0,15768000.0,0.0,446606570.5720344
B,584,35,80,0,15768000.0,0.0,446606570.5720344
B,585,35,80,0,15768000.0,0.0,446606570.5720344
B,586,35,80,0,15768000.0,0.0,446606570.5720344
B,587,35,80,0,15768000.0,0.0,446606570.5720344
B,588,35,80,0,15768000.0,0.0,446606570.5720344
B,589,35,80,0,15768000.0,0.0,446606570.5720344
B,590,35,80,0,15768000.0,0.0,446606570.5720344
B,591,35,80,0,15768000.0,0.0,446606570.5720344
B,592,35,80,0,15768000.0,0.0,446606570.5720344
B,593,35,80,0,15768000.0,0.0,446606570.5720344
B,594,35,80,0,15768000.0,0.0,446606570.5720344
B,595,35,80,0,15768000.0,0.0,446606570.5720344
B,596,35,80,0,15768000.0,0.0,446606570.5720344
B,597,35,80,0,15768000.0,0.0,446606570.5720344
B,598,35,80,0,15768000.0,0.0,446606570.5720344
B,599,35,80,0,15768000.0,0.0,446606570.5720344
B,600,35,80,0,15768000.0,0.0,446606570.5720344
B,601,35,80,0,15768000.0,0.0,446606570.5720344
B,602,35,80,0,15768000.0,0.0,446606570.5720344
B,603,35,80,0,15768000.0,0.0,446606570.5720344
B,604,35,80,0,15768000.0,0.0,446606570.5720344
B,605,35,80,0,15768000.0,0.0,446606570.5720344
B,606,35,80,0,15768000.0,0.0,446606570.5720344
B,607,35,80,0,15768000.0,0.0,446606570.5720344
B,608,35,80,0,15768000.0,0.0,446606570.5720344
B,609,35,80,0,15768000.0,0.0,446606570.5720344
B,610,35,80,0,15768000.0,0.0,446606570.5720344
B,611,35,80,0,15768000.0,0.0,446606570.5720344
B,612,35,80,0,15768000.0,0.0,446606570.5720344
B,613,35,80,0,15768000.0,0.0,446606570.5720344
B,614,35,80,0,15768000.0,0.0,446606570.5720344
B,615,35,80,0,15768000.0,0.0,446606570.5720344
B,616,35,80,0,15768000.0,0.0,446606570.5720344
B,617,35,80,0,15768000.0,0.0,446606570.5720344
B,618,35,80,0,15768000.0,0.0,446606570.5720344
B,619,35,80,0,15768000.0,0.0,446606570.5720344
B,620,35,80,0,15768000.0,0.0,446606570.5720344
B,621,35,80,0,15768000.0,0.0,446606570.5720344
B,622,35,80,0,15768000.0,0.0,446606570.5720344
B,623,35,80,0,15768000.0,0.0,446606570.5720344
B,624,35,80,0,15768000.0,0.0,446606570.5720344
B,625,35,80,0,15768000.0,0.0,446606570.5720344
B,626,35,80,0,15768000.0,0.0,446606570.5720344
B,627,35,80,0,15768000.0,0.0,446606570.5720344
B,628,35,80,0,15768000.0,0.0,446606570.5720344
B,629,35,80,0,15768000.0,0.0,446606570.5720344
B,630,35,80,0,15768000.0,0.0,446606570.5720344
B,631,35,80,0,15768000.0,0.0,446606570.5720344
B,632,35,80,0,15768000.0,0.0,446606570.5720344
B,633,35,80,0,15768000.0,0.0,446606570.5720344
B,634,35,80,0,15768000.0,0.0,446606570.5720344
B,635,35,80,0,15768000.0,0.0,446606570.5720344
B,636,35,80,0,15768000.0,0.0,446606570.5720344
B,637,35,80,0,15768000.0,0.0,446606570.5720344
B,638,35,80,0,15768000.0,0.0,446606570.5720344
B,639,35,80,0,15768000.0,0.0,446606570.5720344
B,640,35,80,0,15768000.0,0.0,446606570.5720344
B,641,35,80,0,15768000.0,0.0,446606570.5720344
B,642,35,80,0,15768000.0,0.0,446606570.5720344
B,643,35,80,0,15768000.0,0.0,446606570.5720344
B,644,35,80,0,15768000.0,0.0,446606570.5720344
B,645,35,80,0,15768000.0,0.0,446606570.5720344
B,646,35,80,0,15768000.0,0.0,446606570.5720344
B,647,35,80,0,15768000.0,0.0,446606570.5720344
B,648,35,80,0,15768000.0,0.0,446606570.5720344
B,649,35,80,0,15768000.0,0.0,446606570.5720344
B,650,35,80,0,15768000.0,0.0,446606570.5720344
B,651,35,80,0,15768000.0,0.0,446606570.5720344
B,652,35,80,0,15768000.0,0.0,446606570.5720344
B,653,35,80,0,15768000.0,0.0,446606570.5720344
B,654,35,80,0,15768000.0,0.0,446606570.5720344
B,655,35,80,0,15768000.0,0.0,446606570.5720344
B,656,35,80,0,15768000.0,0.0,446606570.5720344
B,657,35,80,0,15768000.0,0.0,446606570.5720344
B,658,35,80,0,15768000.0,0.0,446606570.5720344
B,659,35,80,0,15768000.0,0.0,446606570.5720344
B,660,35,80,0,15768000.0,0.0,446606570.5720344
B,661,35,80,0,15768000.0,0.0,446606570.5720344
B,662,35,80,0,15768000.0,0.0,446606570.5720344
B,663,35,80,0,15768000.0,0.0,446606570.5720344
B,664,35,80,0,15768000.0,0.0,446606570.5720344
B,665,35,80,0,15768000.0,0.0,446606570.5720344
B,666,35,80,0,15768000.0,0.0,446606570.5720344
B,667,35,80,0,15768000.0,0.0,446606570.5720344
B,668,35,80,0,15768000.0,0.0,446606570.5720344
B,669,35,80,0,15768000.0,0.0,446606570.5720344
B,670,35,80,0,15768000.0,0.0,446606570.5720344
B,671,35,80,0,15768000.0,0.0,446606570.5720344
B,672,35,80,0,15768000.0,0.0,446606570.5720344
B,673,35,80,0,15768000.0,0.0,446606570.5720344
B,674,35,80,0,15768000.0,0.0,446606570.5720344
B,675,35,80,0,15768000.0,0.0,446606570.5720344
B,676,35,80,0,15768000.0,0.0,446606570.5720344
B,677,35,80,0,15768000.0,0.0,446606570.5720344
B,678,35,80,0,15768000.0,0.0,446606570.5720344
B,679,35,80,0,15768000.0,0.0,446606570.5720344
B,680,35,80,0,15768000.0,0.0,446606570.5720344
B,681,35,80,0,15768000.0,0.0,446606570.5720344
B,682,35,80,0,15768000.0,0.0,446606570.5720344
B,683,35,80,0,15768000.0,0.0,446606570.5720344
B,684,35,80,0,15768000.0,0.0,446606570.5720344
B,685,35,80,0,15768000.0,0.0,446606570.5720344
B,686,35,80,0,15768000.0,0.0,446606570.5720344
B,687,35,80,0,15768000.0,0.0,446606570.5720344
B,688,35,80,0,15768000.0,0.0,446606570.5720344
B,689,35,80,0,15768000.0,0.0,446606570.5720344
B,690,35,80,0,15768000.0,0.0,446606570.5720344
B,691,35,80,0,15768000.0,0.0,446606570.5720344
B,692,35,80,0,15768000.0,0.0,446606570.5720344
B,693,35,80,0,15768000.0,0.0,446606570.5720344
B,694,35,80,0,15768000.0,0.0,446606570.5720344
B,695,35,80,0,15768000.0,0.0,446606570.5720344
B,696,35,80,0,15768000.0,0.0,446606570.5720344
B,697,35,80,0,15768000.0,0.0,446606570.5720344
B,698,35,80,0,15768000.0,0.0,446606570.5720344
B,699,35,80,0,15768000.0,0.0,446606570.5720344
B,700,35,80,0,15768000.0,0.0,446606570.5720344
B,701,35,80,0,15768000.0,0.0,446606570.5720344
B,702,35,80,0,15768000.0,0.0,446606570.5720344
B,703,35,80,0,15768000.0,0.0,446606570.5720344
B,704,35,80,0,15768000.0,0.0,446606570.5720344
B,705,35,80,0,15768000.0,0.0,446606570.5720344
B,706,35,80,0,15768000.0,0.0,446606570.5720344
B,707,35,80,0,15768000.0,0.0,446606570.5720344
B,708,35,80,0,15768000.0,0.0,446606570.5720344
B,709,35,80,0,15768000.0,0.0,446606570.5720344
B,710,35,80,0,15768000.0,0.0,446606570.5720344
B,711,35,80,0,15768000.0,0.0,446606570.5720344
B,712,35,80,0,15768000.0,0.0,446606570.5720344
B,713,35,80,0,15768000.0,0.0,446606570.5720344
B,714,35,80,0,15768000.0,0.0,446606570.5720344
B,715,35,80,0,15768000.0,0.0,446606570.5720344
B,716,35,80,0,15768000.0,0.0,446606570.5720344
B,717,35,80,0,15768000.0,0.0,446606570.5720344
B,718,35,80,0,15768000.0,0.0,446606570.5720344
B,719,35,80,0,15768000.0,0.0,446606570.5720344
B,720,35,80,0,15768000.0,0.0,446606570.5720344
B,721,35,80,0,15768000.0,0.0,446606570.5720344
B,722,35,80,0,15768000.0,0.0,446606570.5720344
B,723,35,80,0,15768000.0,0.0,446606570.5720344
B,724,35,80,0,15768000.0,0.0,446606570.5720344
B,725,35,80,0,15768000.0,0.0,446606570.5720344
B,726,35,80,0,15768000.0,0.0,446606570.5720344
B,727,35,80,0,15768000.0,0.0,446606570.5720344
B,728,35,80,0,15768000.0,0.0,446606570.5720344
B,729,35,80,0,15768000.0,0.0,446606570.5720344
B,730,35,80,0,15768000.0,0.0,446606570.5720344
B,731,35,80,0,15768000.0,0.0,446606570.5720344
B,732,35,80,0,15768000.0,0.0,446606570.5720344
B,733,35,80,0,15768000.0,0.0,446606570.5720344
B,734,35,80,0,15768000.0,0.0,446606570.5720344
B,735,35,80,0,15768000.0,0.0,446606570.5720344
B,736,35,80,0,15768000.0,0.0,446606570.5720344
B,737,35,80,0,15768000.0,0.0,446606570.5720344
B,738,35,80,0,15768000.0,0.0,446606570.5720344
B,739,35,80,0,15768000.0,0.0,446606570.5720344
B,740,35,80,0,15768000.0,0.0,446606570.5720344
B,741,35,80,0,15768000.0,0.0,446606570.5720344
B,742,35,80,0,15768000.0,0.0,446606570.5720344
B,743,35,80,0,15768000.0,0.0,446606570.5720344
B,744,35,80,0,15768000.0,0.0,446606570.5720344
B,745,35,80,0,15768000.0,0.0,446606570.5720344
B,746,35,80,0,15768000.0,0.0,446606570.5720344
B,747,35,80,0,15768000.0,0.0,446606570.5720344
B,748,35,80,0,15768000.0,0.0,446606570.5720344
B,749,35,80,0,15768000.0,0.0,446606570.5720344
B,750,35,80,0,15768000.0,0.0,446606570.5720344
B,751,35,80,0,15768000.0,0.0,446606570.5720344
B,752,35,80,0,15768000.0,0.0,446606570.5720344
B,753,35,80,0,15768000.0,0.0,446606570.5720344
B,754,35,80,0,15768000.0,0.0,446606570.5720344
B,755,35,80,0,15768000.0,0.0,446606570.5720344
B,756,35,80,0,15768000.0,0.0,446606570.5720344
B,757,35,80,0,15768000.0,0.0,446606570.5720344
B,758,35,80,0,15768000.0,0.0,446606570.5720344
B,759,35,80,0,15768000.0,0.0,446606570.5720344
B,760,35,80,0,15768000.0,0.0,446606570.5720344
B,761,35,80,0,15768000.0,0.0,446606570.5720344
B,762,35,80,0,15768000.0,0.0,446606570.5720344
B,763,35,80,0,15768000.0,0.0,446606570.5720344
B,764,35,80,0,15768000.0,0.0,446606570.5720344
B,765,35,80,0,15768000.0,0.0,446606570.5720344
B,766,35,80,0,15768000.0,0.0,446606570.5720344
B,767,35,80,0,15768000.0,0.0,446606570.5720344
B,768,35,80,0,15768000.0,0.0,446606570.5720344
B,769,35,80,0,15768000.0,0.0,446606570.5720344
B,770,35,80,0,15768000.0,0.0,446606570.5720344
B,771,35,80,0,15768000.0,0.0,446606570.5720344
B,772,35,80,0,15768000.0,0.0,446606570.5720344
B,773,35,80,0,15768000.0,0.0,446606570.5720344
B,774,35,80,0,15768000.0,0.0,446606570.5720344
B,775,35,80,0,15768000.0,0.0,446606570.5720344
B,776,35,80,0,15768000.0,0.0,446606570.5720344
B,777,35,80,0,15768000.0,0.0,446606570.5720344
B,778,35,80,0,15768000.0,0.0,446606570.5720344
B,779,35,80,0,15768000.0,0.0,446606570.5720344
B,780,35,80,0,15768000.0,0.0,446606570.5720344
B,781,35,80,0,15768000.0,0.0,446606570.5720344
B,782,35,80,0,15768000.0,0.0,446606570.5720344
B,783,35,80,0,15768000.0,0.0,446606570.5720344
B,784,35,80,0,15768000.0,0.0,446606570.5720344
B,785,35,80,0,15768000.0,0.0,446606570.5720344
B,786,35,80,0,15768000.0,0.0,446606570.5720344
B,787,35,80,0,15768000.0,0.0,446606570.5720344
B,788,35,80,0,15768000.0,0.0,446606570.5720344
B,789,35,80,0,15768000.0,0.0,446606570.5720344
B,790,35,80,0,15768000.0,0.0,446606570.5720344
B,791,35,80,0,15768000.0,0.0,446606570.5720344
B,792,35,80,0,15768000.0,0.0,446606570.5720344
B,793,35,80,0,15768000.0,0.0,446606570.5720344
B,794,35,80,0,15768000.0,0.0,446606570.5720344
B,795,35,80,0,15768000.0,0.0,446606570.5720344
B,796,35,80,0,15768000.0,0.0,446606570.5720344
B,797,35,80,0,15768000.0,0.0,446606570.5720344
B,798,35,80,0,15768000.0,0.0,446606570.5720344
B,799,35,80,0,15768000.0,0.0,446606570.5720344
B,800,35,80,0,15768000.0,0.0,446606570.5720344
B,801,35,80,0,15768000.0,0.0,446606570.5720344
B,802,35,80,0,15768000.0,0.0,446606570.5720344
B,803,35,80,0,15768000.0,0.0,446606570.5720344
B,804,35,80,0,15768000.0,0.0,446606570.5720344
B,805,35,80,0,15768000.0,0.0,446606570.5720344
B,806,35,80,0,15768000.0,0.0,446606570.5720344
B,807,35,80,0,15768000.0,0.0,446606570.5720344
B,808,35,80,0,15768000.0,0.0,446606570.5720344
B,809,35,80,0,15768000.0,0.0,446606570.5720344
B,810,35,80,0,15768000.0,0.0,446606570.5720344
B,811,35,80,0,15768000.0,0.0,446606570.5720344
B,812,35,80,0,15768000.0,0.0,446606570.5720344
B,813,35,80,0,15768000.0,0.0,446606570.5720344
B,814,35,80,0,15768000.0,0.0,446606570.5720344
B,815,35,80,0,15768000.0,0.0,446606570.5720344
B,816,35,80,0,15768000.0,0.0,446606570.5720344
B,817,35,80,0,15768000.0,0.0,446606570.5720344
B,818,35,80,0,15768000.0,0.0,446606570.5720344
B,819,35,80,0,15768000.0,0.0,446606570.5720344
B,820,35,80,0,15768000.0,0.0,446606570.5720344
B,821,35,80,0,15768000.0,0.0,446606570.5720344
B,822,35,80,0,15768000.0,0.0,446606570.5720344
B,823,35,80,0,15768000.0,0.0,446606570.5720344
B,824,35,80,0,15768000.0,0.0,446606570.5720344
B,825,35,80,0,15768000.0,0.0,446606570.5720344
B,826,35,80,0,15768000.0,0.0,446606570.5720344
B,827,35,80,0,15768000.0,0.0,446606570.5720344
B,828,35,80,0,15768000.0,0.0,446606570.5720344
B,829,35,80,0,15768000.0,0.0,446606570.5720344
B,830,35,80,0,15768000.0,0.0,446606570.5720344
B,831,35,80,0,15768000.0,0.0,446606570.5720344
B,832,35,80,0,15768000.0,0.0,446606570.5720344
B,833,35,80,0,15768000.0,0.0,446606570.5720344
B,834,35,80,0,15768000.0,0.0,446606570.5720344
B,835,35,80,0,15768000.0,0.0,446606570.5720344
B,836,35,80,0,15768000.0,0.0,446606570.5720344
B,837,35,80,0,15768000.0,0.0,446606570.5720344
B,838,35,80,0,15768000.0,0.0,446606570.5720344
B,839,35,80,0,15768000.0,0.0,446606570.5720344
B,840,35,80,0,15768000.0,0.0,446606570.5720344
B,841,35,80,0,15768000.0,0.0,446606570.5720344
B,842,35,80,0,15768000.0,0.0,446606570.5720344
B,843,35,80,0,15768000.0,0.0,446606570.5720344
B,844,35,80,0,15768000.0,0.0,446606570.5720344
B,845,35,80,0,15768000.0,0.0,446606570.5720344
B,846,35,80,0,15768000.0,0.0,446606570.5720344
B,847,35,80,0,15768000.0,0.0,446606570.5720344
B,848,35,80,0,15768000.0,0.0,446606570.5720344
B,849,35,80,0,15768000.0,0.0,446606570.5720344
B,850,35,80,0,15768000.0,0.0,446606570.5720344
B,851,35,80,0,15768000.0,0.0,446606570.5720344
B,852,35,80,0,15768000.0,0.0,446606570.5720344
B,853,35,80,0,15768000.0,0.0,446606570.5720344
B,854,35,80,0,15768000.0,0.0,446606570.5720344
B,855,35,80,0,15768000.0,0.0,446606570.5720344
B,856,35,80,0,15768000.0,0.0,446606570.5720344
B,857,35,80,0,15768000.0,0.0,446606570.5720344
B,858,35,80,0,15768000.0,0.0,446606570.5720344
B,859,35,80,0,15768000.0,0.0,446606570.5720344
B,860,35,80,0,15768000.0,0.0,446606570.5720344
B,861,35,80,0,15768000.0,0.0,446606570.5720344
B,862,35,80,0,15768000.0,0.0,446606570.5720344
B,863,35,80,0,15768000.0,0.0,446606570.5720344
B,864,35,80,0,15768000.0,0.0,446606570.5720344
B,865,35,80,0,15768000.0,0.0,446606570.5720344
B,866,35,80,0,15768000.0,0.0,446606570.5720344
B,867,35,80,0,15768000.0,0.0,446606570.5720344
B,868,35,80,0,15768000.0,0.0,446606570.5720344
B,869,35,80,0,15768000.0,0.0,446606570.5720344
B,870,35,80,0,15768000.0,0.0,446606570.5720344
B,871,35,80,0,15768000.0,0.0,446606570.5720344
B,872,35,80,0,15768000.0,0.0,446606570.5720344
B,873,35,80,0,15768000.0,0.0,446606570.5720344
B,874,35,80,0,15768000.0,0.0,446606570.5720344
B,875,35,80,0,15768000.0,0.0,446606570.5720344
B,876,35,80,0,15768000.0,0.0,446606570.5720344
B,877,35,80,0,15768000.0,0.0,446606570.5720344
B,878,35,80,0,15768000.0,0.0,446606570.5720344
B,879,35,80,0,15768000.0,0.0,446606570.5720344
B,880,35,80,0,15768000.0,0.0,446606570.5720344
B,881,35,80,0,15768000.0,0.0,446606570.5720344
B,882,35,80,0,15768000.0,0.0,446606570.5720344
B,883,35,80,0,15768000.0,0.0,446606570.5720344
B,884,35,80,0,15768000.0,0.0,446606570.5720344
B,885,35,80,0,15768000.0,0.0,446606570.5720344
B,886,35,80,0,15768000.0,0.0,446606570.5720344
B,887,35,80,0,15768000.0,0.0,446606570.5720344
B,888,35,80,0,15768000.0,0.0,446606570.5720344
B,889,35,80,0,15768000.0,0.0,446606570.5720344
B,890,35,80,0,15768000.0,0.0,446606570.5720344
B,891,35,80,0,15768000.0,0.0,446606570.5720344
B,892,35,80,0,15768000.0,0.0,446606570.5720344
B,893,35,80,0,15768000.0,0.0,446606570.5720344
B,894,35,80,0,15768000.0,0.0,446606570.5720344
B,895,35,80,0,15768000.0,0.0,446606570.5720344
B,896,35,80,0,15768000.0,0.0,446606570.5720344
B,897,35,80,0,15768000.0,0.0,446606570.5720344
B,898,35,80,0,15768000.0,0.0,446606570.5720344
B,899,35,80,0,15768000.0,0.0,446606570.5720344
B,900,35,80,0,15768000.0,0.0,446606570.5720344
B,901,35,80,0,15768000.0,0.0,446606570.5720344
B,902,35,80,0,15768000.0,0.0,446606570.5720344
B,903,35,80,0,15768000.0,0.0,446606570.5720344
B,904,35,80,0,15768000.0,0.0,446606570.5720344
B,905,35,80,0,15768000.0,0.0,446606570.5720344
B,906,35,80,0,15768000.0,0.0,446606570.5720344
B,907,35,80,0,15768000.0,0.0,446606570.5720344
B,908,35,80,0,15768000.0,0.0,446606570.5720344
B,909,35,80,0,15768000.0,0.0,446606570.5720344
B,910,35,80,0,15768000.0,0.0,446606570.5720344
B,911,35,80,0,15768000.0,0.0,446606570.5720344
B,912,35,80,0,15768000.0,0.0,446606570.5720344
B,913,35,80,0,15768000.0,0.0,446606570.5720344
B,914,35,80,0,15768000.0,0.0,446606570.5720344
B,915,35,80,0,15768000.0,0.0,446606570.5720344
B,916,35,80,0,15768000.0,0.0,446606570.5720344
B,917,35,80,0,15768000.0,0.0,446606570.5720344
B,918,35,80,0,15768000.0,0.0,446606570.5720344
B,919,35,80,0,15768000.0,0.0,446606570.5720344
B,920,35,80,0,15768000.0,0.0,446606570.5720344
B,921,35,80,0,15768000.0,0.0,446606570.5720344
B,922,35,80,0,15768000.0,0.0,446606570.5720344
B,923,35,80,0,15768000.0,0.0,446606570.5720344
B,924,35,80,0,15768000.0,0.0,446606570.5720344
B,925,35,80,0,15768000.0,0.0,446606570.5720344
B,926,35,80,0,15768000.0,0.0,446606570.5720344
B,927,35,80,0,15768000.0,0.0,446606570.5720344
B,928,35,80,0,15768000.0,0.0,446606570.5720344
B,929,35,80,0,15768000.0,0.0,446606570.5720344
B,930,35,80,0,15768000.0,0.0,446606570.5720344
B,931,35,80,0,15768000.0,0.0,446606570.5720344
B,932,35,80,0,15768000.0,0.0,446606570.5720344
B,933,35,80,0,15768000.0,0.0,446606570.5720344
B,934,35,80,0,15768000.0,0.0,446606570.5720344
B,935,35,80,0,15768000.0,0.0,446606570.5720344
B,936,35,80,0,15768000.0,0.0,446606570.5720344
B,937,35,80,0,15768000.0,0.0,446606570.5720344
B,938,35,80,0,15768000.0,0.0,446606570.5720344
B,939,35,80,0,15768000.0,0.0,446606570.5720344
B,940,35,80,0,15768000.0,0.0,446606570.5720344
B,941,35,80,0,15768000.0,0.0,446606570.5720344
B,942,35,80,0,15768000.0,0.0,446606570.5720344
B,943,35,80,0,15768000.0,0.0,446606570.5720344
B,944,35,80,0,15768000.0,0.0,446606570.5720344
B,945,35,80,0,15768000.0,0.0,446606570.5720344
B,946,35,80,0,15768000.0,0.0,446606570.5720344
B,947,35,80,0,15768000.0,0.0,446606570.5720344
B,948,35,80,0,15768000.0,0.0,446606570.5720344
B,949,35,80,0,15768000.0,0.0,446606570.5720344
B,950,35,80,0,15768000.0,0.0,446606570.5720344
B,951,35,80,0,15768000.0,0.0,446606570.5720344
B,952,35,80,0,15768000.0,0.0,446606570.5720344
B,953,35,80,0,15768000.0,0.0,446606570.5720344
B,954,35,80,0,15768000.0,0.0,446606570.5720344
B,955,35,80,0,15768000.0,0.0,446606570.5720344
B,956,35,80,0,15768000.0,0.0,446606570.5720344
B,957,35,80,0,15768000.0,0.0,446606570.5720344
B,958,35,80,0,15768000.0,0.0,446606570.5720344
B,959,35,80,0,15768000.0,0.0,446606570.5720344
B,960,35,80,0,15768000.0,0.0,446606570.5720344
B,961,35,80,0,15768000.0,0.0,446606570.5720344
B,962,35,80,0,15768000.0,0.0,446606570.5720344
B,963,35,80,0,15768000.0,0.0,446606570.5720344
B,964,35,80,0,15768000.0,0.0,446606570.5720344
B,965,35,80,0,15768000.0,0.0,446606570.5720344
B,966,35,80,0,15768000.0,0.0,446606570.5720344
B,967,35,80,0,15768000.0,0.0,446606570.5720344
B,968,35,80,0,15768000.0,0.0,446606570.5720344
B,969,35,80,0,15768000.0,0.0,446606570.5720344
B,970,35,80,0,15768000.0,0.0,446606570.5720344
B,971,35,80,0,15768000.0,0.0,446606570.5720344
B,972,35,80,0,15768000.0,0.0,446606570.5720344
B,973,35,80,0,15768000.0,0.0,446606570.5720344
B,974,35,80,0,15768000.0,0.0,446606570.5720344
B,975,35,80,0,15768000.0,0.0,446606570.5720344
B,976,35,80,0,15768000.0,0.0,446606570.5720344
B,977,35,80,0,15768000.0,0.0,446606570.5720344
B,978,35,80,0,15768000.0,0.0,446606570.5720344
B,979,35,80,0,15768000.0,0.0,446606570.5720344
B,980,35,80,0,15768000.0,0.0,446606570.5720344
B,981,35,80,0,15768000.0,0.0,446606570.5720344
B,982,35,80,0,15768000.0,0.0,446606570.5720344
B,983,35,80,0,15768000.0,0.0,446606570.5720344
B,984,35,80,0,15768000.0,0.0,446606570.5720344
B,985,35,80,0,15768000.0,0.0,446606570.5720344
B,986,35,80,0,15768000.0,0.0,446606570.5720344
B,987,35,80,0,15768000.0,0.0,446606570.5720344
B,988,35,80,0,15768000.0,0.0,446606570.5720344
B,989,35,80,0,15768000.0,0.0,446606570.5720344
B,990,35,80,0,15768000.0,0.0,446606570.5720344
B,991,35,80,0,15768000.0,0.0,446606570.5720344
B,992,35,80,0,15768000.0,0.0,446606570.5720344
B,993,35,80,0,15768000.0,0.0,446606570.5720344
B,994,35,80,0,15768000.0,0.0,446606570.5720344
B,995,35,80,0,15768000.0,0.0,446606570.5720344
B,996,35,80,0,15768000.0,0.0,446606570.5720344
B,997,35,80,0,15768000.0,0.0,446606570.5720344
B,998,35,80,0,15768000.0,0.0,446606570.5720344
B,999,35,80,0,15768000.0,0.0,446606570.5720344
B,1000,35,80,0,15768000.0,0.0,446606570.5720344
B,1001,35,80,0,15768000.0,0.0,446606570.5720344
B,1002,35,80,0,15768000.0,0.0,446606570.5720344
B,1003,35,80,0,15768000.0,0.0,446606570.5720344
B,1004,35,80,0,15768000.0,0.0,446606570.5720344
B,1005,35,80,0,15768000.0,0.0,446606570.5720344
B,1006,35,80,0,15768000.0,0.0,446606570.5720344
B,1007,35,80,0,15768000.0,0.0,446606570.5720344
B,1008,35,80,0,15768000.0,0.0,446606570.5720344
B,1009,35,80,0,15768000.0,0.0,446606570.5720344
B,1010,35,80,0,15768000.0,0.0,446606570.5720344
B,1011,35,80,0,15768000.0,0.0,446606570.5720344
B,1012,35,80,0,15768000.0,0.0,446606570.5720344
B,1013,35,80,0,15768000.0,0.0,446606570.5720344
B,1014,35,80,0,15768000.0,0.0,446606570.5720344
B,1015,35,80,0,15768000.0,0.0,446606570.5720344
B,1016,35,80,0,15768000.0,0.0,446606570.5720344
B,1017,35,80,0,15768000.0,0.0,446606570.5720344
B,1018,35,80,0,15768000.0,0.0,446606570.5720344
B,1019,35,80,0,15768000.0,0.0,446606570.5720344
B,1020,35,80,0,15768000.0,0.0,446606570.5720344
B,1021,35,80,0,15768000.0,0.0,446606570.5720344
B,1022,35,80,0,15768000.0,0.0,446606570.5720344
B,1023,35,80,0,15768000.0,0.0,446606570.5720344
B,1024,35,80,0,15768000.0,0.0,446606570.5720344
B,1025,35,80,0,15768000.0,0.0,446606570.5720344
B,1026,35,80,0,15768000.0,0.0,446606570.5720344
B,1027,35,80,0,15768000.0,0.0,446606570.5720344
B,1028,35,80,0,15768000.0,0.0,446606570.5720344
B,1029,35,80,0,15768000.0,0.0,446606570.5720344
B,1030,35,80,0,15768000.0,0.0,446606570.5720344
B,1031,35,80,0,15768000.0,0.0,446606570.5720344
B,1032,35,80,0,15768000.0,0.0,446606570.5720344
B,1033,35,80,0,15768000.0,0.0,446606570.5720344
B,1034,35,80,0,15768000.0,0.0,446606570.5720344
B,1035,35,80,0,15768000.0,0.0,446606570.5720344
B,1036,35,80,0,15768000.0,0.0,446606570.5720344
B,1037,35,80,0,15768000.0,0.0,446606570.5720344
B,1038,35,80,0,15768000.0,0.0,446606570.5720344
B,1039,35,80,0,15768000.0,0.0,446606570.5720344
B,1040,35,80,0,15768000.0,0.0,446606570.5720344
B,1041,35,80,0,15768000.0,0.0,446606570.5720344
B,1042,35,80,0,15768000.0,0.0,446606570.5720344
B,1043,35,80,0,15768000.0,0.0,446606570.5720344
B,1044,35,80,0,15768000.0,0.0,446606570.5720344
B,1045,35,80,0,15768000.0,0.0,446606570.5720344
B,1046,35,80,0,15768000.0,0.0,446606570.5720344
B,1047,35,80,0,15768000.0,0.0,446606570.5720344
B,1048,35,80,0,15768000.0,0.0,446606570.5720344
B,1049,35,80,0,15768000.0,0.0,446606570.5720344
B,1050,35,80,0,15768000.0,0.0,446606570.5720344
B,1051,35,80,0,15768000.0,0.0,446606570.5720344
B,1052,35,80,0,15768000.0,0.0,446606570.5720344
B,1053,35,80,0,15768000.0,0.0,446606570.5720344
B,1054,35,80,0,15768000.0,0.0,446606570.5720344
B,1055,35,80,0,15768000.0,0.0,446606570.5720344
B,1056,35,80,0,15768000.0,0.0,446606570.5720344
B,1057,35,80,0,15768000.0,0.0,446606570.5720344
B,1058,35,80,0,15768000.0,0.0,446606570.5720344
B,1059,35,80,0,15768000.0,0.0,446606570.5720344
B,1060,35,80,0,15768000.0,0.0,446606570.5720344
B,1061,35,80,0,15768000.0,0.0,446606570.5720344
B,1062,35,80,0,15768000.0,0.0,446606570.5720344
B,1063,35,80,0,15768000.0,0.0,446606570.5720344
B,1064,35,80,0,15768000.0,0.0,446606570.5720344
B,1065,35,80,0,15768000.0,0.0,446606570.5720344
B,1066,35,80,0,15768000.0,0.0,446606570.5720344
B,1067,35,80,0,15768000.0,0.0,446606570.5720344
B,1068,35,80,0,15768000.0,0.0,446606570.5720344
B,1069,35,80,0,15768000.0,0.0,446606570.5720344
B,1070,35,80,0,15768000.0,0.0,446606570.5720344
B,1071,35,80,0,15768000.0,0.0,446606570.5720344
B,1072,35,80,0,15768000.0,0.0,446606570.5720344
B,1073,35,80,0,15768000.0,0.0,446606570.5720344
B,1074,35,80,0,15768000.0,0.0,446606570.5720344
B,1075,35,80,0,15768000.0,0.0,446606570.5720344
B,1076,35,80,0,15768000.0,0.0,446606570.5720344
B,1077,35,80,0,15768000.0,0.0,446606570.5720344
B,1078,35,80,0,15768000.0,0.0,446606570.5720344
B,1079,35,80,0,15768000.0,0.0,446606570.5720344
B,1080,35,80,0,15768000.0,0.0,446606570.5720344
B,1081,35,80,0,15768000.0,0.0,446606570.5720344
B,1082,35,80,0,15768000.0,0.0,446606570.5720344
B,1083,35,80,0,15768000.0,0.0,446606570.5720344
B,1084,35,80,0,15768000.0,0.0,446606570.5720344
B,1085,35,80,0,15768000.0,0.0,446606570.5720344
B,1086,35,80,0,15768000.0,0.0,446606570.5720344
B,1087,35,80,0,15768000.0,0.0,446606570.5720344
B,1088,35,80,0,15768000.0,0.0,446606570.5720344
B,1089,35,80,0,15768000.0,0.0,446606570.5720344
B,1090,35,80,0,15768000.0,0.0,446606570.5720344
B,1091,35,80,0,15768000.0,0.0,446606570.5720344
B,1092,35,80,0,15768000.0,0.0,446606570.5720344
B,1093,35,80,0,15768000.0,0.0,446606570.5720344
B,1094,35,80,0,15768000.0,0.0,446606570.5720344
B,1095,35,80,0,15768000.0,0.0,446606570.5720344
B,1096,35,80,0,15768000.0,0.0,446606570.5720344
B,1097,35,80,0,15768000.0,0.0,446606570.5720344
B,1098,35,80,0,15768000.0,0.0,446606570.5720344
B,1099,35,80,0,15768000.0,0.0,446606570.5720344
B,1100,35,80,0,15768000.0,0.0,446606570.5720344
B,1101,35,80,0,15768000.0,0.0,446606570.5720344
B,1102,35,80,0,15768000.0,0.0,446606570.5720344
B,1103,35,80,0,15768000.0,0.0,446606570.5720344
B,1104,35,80,0,15768000.0,0.0,446606570.5720344
B,1105,35,80,0,15768000.0,0.0,446606570.5720344
B,1106,35,80,0,15768000.0,0.0,446606570.5720344
B,1107,35,80,0,15768000.0,0.0,446606570.5720344
B,1108,35,80,0,15768000.0,0.0,446606570.5720344
B,1109,35,80,0,15768000.0,0.0,446606570.5720344
B,1110,35,80,0,15768000.0,0.0,446606570.5720344
B,1111,35,80,0,15768000.0,0.0,446606570.5720344
B,1112,35,80,0,15768000.0,0.0,446606570.5720344
B,1113,35,80,0,15768000.0,0.0,446606570.5720344
B,1114,35,80,0,15768000.0,0.0,446606570.5720344
B,1115,35,80,0,15768000.0,0.0,446606570.5720344
B,1116,35,80,0,15768000.0,0.0,446606570.5720344
B,1117,35,80,0,15768000.0,0.0,446606570.5720344
B,1118,35,80,0,15768000.0,0.0,446606570.5720344
B,1119,35,80,0,15768000.0,0.0,446606570.5720344
B,1120,35,80,0,15768000.0,0.0,446606570.5720344
B,1121,35,80,0,15768000.0,0.0,446606570.5720344
B,1122,35,80,0,15768000.0,0.0,446606570.5720344
B,1123,35,80,0,15768000.0,0.0,446606570.5720344
B,1124,35,80,0,15768000.0,0.0,446606570.5720344
B,1125,35,80,0,15768000.0,0.0,446606570.5720344
B,1126,35,80,0,15768000.0,0.0,446606570.5720344
B,1127,35,80,0,15768000.0,0.0,446606570.5720344
B,1128,35,80,0,15768000.0,0.0,446606570.5720344
B,1129,35,80,0,15768000.0,0.0,446606570.5720344
B,1130,35,80,0,15768000.0,0.0,446606570.5720344
B,1131,35,80,0,15768000.0,0.0,446606570.5720344
B,1132,35,80,0,15768000.0,0.0,446606570.5720344
B,1133,35,80,0,15768000.0,0.0,446606570.5720344
B,1134,35,80,0,15768000.0,0.0,446606570.5720344
B,1135,35,80,0,15768000.0,0.0,446606570.5720344
B,1136,35,80,0,15768000.0,0.0,446606570.5720344
B,1137,35,80,0,15768000.0,0.0,446606570.5720344
B,1138,35,80,0,15768000.0,0.0,446606570.5720344
B,1139,35,80,0,15768000.0,0.0,446606570.5720344
B,1140,35,80,0,15768000.0,0.0,446606570.5720344
B,1141,35,80,0,15768000.0,0.0,446606570.5720344
B,1142,35,80,0,15768000.0,0.0,446606570.5720344
B,1143,35,80,0,15768000.0,0.0,446606570.5720344
B,1144,35,80,0,15768000.0,0.0,446606570.5720344
B,1145,35,80,0,15768000.0,0.0,446606570.5720344
B,1146,35,80,0,15768000.0,0.0,446606570.5720344
B,1147,35,80,0,15768000.0,0.0,446606570.5720344
B,1148,35,80,0,15768000.0,0.0,446606570.5720344
B,1149,35,80,0,15768000.0,0.0,446606570.5720344
B,1150,35,80,0,15768000.0,0.0,446606570.5720344
B,1151,35,80,0,15768000.0,0.0,446606570.5720344
B,1152,35,80,0,15768000.0,0.0,446606570.5720344
B,1153,35,80,0,15768000.0,0.0,446606570.5720344
B,1154,35,80,0,15768000.0,0.0,446606570.5720344
B,1155,35,80,0,15768000.0,0.0,446606570.5720344
B,1156,35,80,0,15768000.0,0.0,446606570.5720344
B,1157,35,80,0,15768000.0,0.0,446606570.5720344
B,1158,35,80,0,15768000.0,0.0,446606570.5720344
B,1159,35,80,0,15768000.0,0.0,446606570.5720344
B,1160,35,80,0,15768000.0,0.0,446606570.5720344
B,1161,35,80,0,15768000.0,0.0,446606570.5720344
B,1162,35,80,0,15768000.0,0.0,446606570.5720344
B,1163,35,80,0,15768000.0,0.0,446606570.5720344
B,1164,35,80,0,15768000.0,0.0,446606570.5720344
B,1165,35,80,0,15768000.0,0.0,446606570.5720344
B,1166,35,80,0,15768000.0,0.0,446606570.5720344
B,1167,35,80,0,15768000.0,0.0,446606570.5720344
B,1168,35,80,0,15768000.0,0.0,446606570.5720344
B,1169,35,80,0,15768000.0,0.0,446606570.5720344
B,1170,35,80,0,15768000.0,0.0,446606570.5720344
B,1171,35,80,0,15768000.0,0.0,446606570.5720344
B,1172,35,80,0,15768000.0,0.0,446606570.5720344
B,1173,35,80,0,15768000.0,0.0,446606570.5720344
B,1174,35,80,0,15768000.0,0.0,446606570.5720344
B,1175,35,80,0,15768000.0,0.0,446606570.5720344
B,1176,35,80,0,15768000.0,0.0,446606570.5720344
B,1177,35,80,0,15768000.0,0.0,446606570.5720344
B,1178,35,80,0,15768000.0,0.0,446606570.5720344
B,1179,35,80,0,15768000.0,0.0,446606570.5720344
B,1180,35,80,0,15768000.0,0.0,446606570.5720344
B,1181,35,80,0,15768000.0,0.0,446606570.5720344
B,1182,35,80,0,15768000.0,0.0,446606570.5720344
B,1183,35,80,0,15768000.0,0.0,446606570.5720344
B,1184,35,80,0,15768000.0,0.0,446606570.5720344
B,1185,35,80,0,15768000.0,0.0,446606570.5720344
B,1186,35,80,0,15768000.0,0.0,446606570.5720344
B,1187,35,80,0,15768000.0,0.0,446606570.5720344
B,1188,35,80,0,15768000.0,0.0,446606570.5720344
B,1189,35,80,0,15768000.0,0.0,446606570.5720344
B,1190,35,80,0,15768000.0,0.0,446606570.5720344
B,1191,35,80,0,15768000.0,0.0,446606570.5720344
B,1192,35,80,0,15768000.0,0.0,446606570.5720344
B,1193,35,80,0,15768000.0,0.0,446606570.5720344
B,1194,35,80,0,15768000.0,0.0,446606570.5720344
B,1195,35,80,0,15768000.0,0.0,446606570.5720344
B,1196,35,80,0,15768000.0,0.0,446606570.5720344
B,1197,35,80,0,15768000.0,0.0,446606570.5720344
B,1198,35,80,0,15768000.0,0.0,446606570.5720344
B,1199,35,80,0,15768000.0,0.0,446606570.5720344
B,1200,35,80,0,15768000.0,0.0,446606570.5720344
B,1201,35,80,0,15768000.0,0.0,446606570.5720344
B,1202,35,80,0,15768000.0,0.0,446606570.5720344
B,1203,35,80,0,15768000.0,0.0,446606570.5720344
B,1204,35,80,0,15768000.0,0.0,446606570.5720344
B,1205,35,80,0,15768000.0,0.0,446606570.5720344
B,1206,35,80,0,15768000.0,0.0,446606570.5720344
B,1207,35,80,0,15768000.0,0.0,446606570.5720344
B,1208,35,80,0,15768000.0,0.0,446606570.5720344
B,1209,35,80,0,15768000.0,0.0,446606570.5720344
B,1210,35,80,0,15768000.0,0.0,446606570.5720344
B,1211,35,80,0,15768000.0,0.0,446606570.5720344
B,1212,35,80,0,15768000.0,0.0,446606570.5720344
B,1213,35,80,0,15768000.0,0.0,446606570.5720344
B,1214,35,80,0,15768000.0,0.0,446606570.5720344
B,1215,35,80,0,15768000.0,0.0,446606570.5720344
B,1216,35,80,0,15768000.0,0.0,446606570.5720344
B,1217,35,80,0,15768000.0,0.0,446606570.5720344
B,1218,35,80,0,15768000.0,0.0,446606570.5720344
B,1219,35,80,0,15768000.0,0.0,446606570.5720344
B,1220,35,80,0,15768000.0,0.0,446606570.5720344
B,1221,35,80,0,15768000.0,0.0,446606570.5720344
B,1222,35,80,0,15768000.0,0.0,446606570.5720344
B,1223,35,80,0,15768000.0,0.0,446606570.5720344
B,1224,35,80,0,15768000.0,0.0,446606570.5720344
B,1225,35,80,0,15768000.0,0.0,446606570.5720344
B,1226,35,80,0,15768000.0,0.0,446606570.5720344
B,1227,35,80,0,15768000.0,0.0,446606570.5720344
B,1228,35,80,0,15768000.0,0.0,446606570.5720344
B,1229,35,80,0,15768000.0,0.0,446606570.5720344
B,1230,35,80,0,15768000.0,0.0,446606570.5720344
B,1231,35,80,0,15768000.0,0.0,446606570.5720344
B,1232,35,80,0,15768000.0,0.0,446606570.5720344
B,1233,35,80,0,15768000.0,0.0,446606570.5720344
B,1234,35,80,0,15768000.0,0.0,446606570.5720344
B,1235,35,80,0,15768000.0,0.0,446606570.5720344
B,1236,35,80,0,15768000.0,0.0,446606570.5720344
B,1237,35,80,0,15768000.0,0.0,446606570.5720344
B,1238,35,80,0,15768000.0,0.0,446606570.5720344
B,1239,35,80,0,15768000.0,0.0,446606570.5720344
B,1240,35,80,0,15768000.0,0.0,446606570.5720344
B,1241,35,80,0,15768000.0,0.0,446606570.5720344
B,1242,35,80,0,15768000.0,0.0,446606570.5720344
B,1243,35,80,0,15768000.0,0.0,446606570.5720344
B,1244,35,80,0,15768000.0,0.0,446606570.5720344
B,1245,35,80,0,15768000.0,0.0,446606570.5720344
B,1246,35,80,0,15768000.0,0.0,446606570.5720344
B,1247,35,80,0,15768000.0,0.0,446606570.5720344
B,1248,35,80,0,15768000.0,0.0,446606570.5720344
B,1249,35,80,0,15768000.0,0.0,446606570.5720344
B,1250,35,80,0,15768000.0,0.0,446606570.5720344
B,1251,35,80,0,15768000.0,0.0,446606570.5720344
B,1252,35,80,0,15768000.0,0.0,446606570.5720344
B,1253,35,80,0,15768000.0,0.0,446606570.5720344
B,1254,35,80,0,15768000.0,0.0,446606570.5720344
B,1255,35,80,0,15768000.0,0.0,446606570.5720344
B,1256,35,80,0,15768000.0,0.0,446606570.5720344
B,1257,35,80,0,15768000.0,0.0,446606570.5720344
B,1258,35,80,0,15768000.0,0.0,446606570.5720344
B,1259,35,80,0,15768000.0,0.0,446606570.5720344
B,1260,35,80,0,15768000.0,0.0,446606570.5720344
B,1261,35,80,0,15768000.0,0.0,446606570.5720344
B,1262,35,80,0,15768000.0,0.0,446606570.5720344
B,1263,35,80,0,15768000.0,0.0,446606570.5720344
B,1264,35,80,0,15768000.0,0.0,446606570.5720344
B,1265,35,80,0,15768000.0,0.0,446606570.5720344
B,1266,35,80,0,15768000.0,0.0,446606570.5720344
B,1267,35,80,0,15768000.0,0.0,446606570.5720344
B,1268,35,80,0,15768000.0,0.0,446606570.5720344
B,1269,35,80,0,15768000.0,0.0,446606570.5720344
B,1270,35,80,0,15768000.0,0.0,446606570.5720344
B,1271,35,80,0,15768000.0,0.0,446606570.5720344
B,1272,35,80,0,15768000.0,0.0,446606570.5720344
B,1273,35,80,0,15768000.0,0.0,446606570.5720344
B,1274,35,80,0,15768000.0,0.0,446606570.5720344
B,1275,35,80,0,15768000.0,0.0,446606570.5720344
B,1276,35,80,0,15768000.0,0.0,446606570.5720344
B,1277,35,80,0,15768000.0,0.0,446606570.5720344
B,1278,35,80,0,15768000.0,0.0,446606570.5720344
B,1279,35,80,0,15768000.0,0.0,446606570.5720344
B,1280,35,80,0,15768000.0,0.0,446606570.5720344
B,1281,35,80,0,15768000.0,0.0,446606570.5720344
B,1282,35,80,0,15768000.0,0.0,446606570.5720344
B,1283,35,80,0,15768000.0,0.0,446606570.5720344
B,1284,35,80,0,15768000.0,0.0,446606570.5720344
B,1285,35,80,0,15768000.0,0.0,446606570.5720344
B,1286,35,80,0,15768000.0,0.0,446606570.5720344
B,1287,35,80,0,15768000.0,0.0,446606570.5720344
B,1288,35,80,0,15768000.0,0.0,446606570.5720344
B,1289,35,80,0,15768000.0,0.0,446606570.5720344
B,1290,35,80,0,15768000.0,0.0,446606570.5720344
B,1291,35,80,0,15768000.0,0.0,446606570.5720344
B,1292,35,80,0,15768000.0,0.0,446606570.5720344
B,1293,35,80,0,15768000.0,0.0,446606570.5720344
B,1294,35,80,0,15768000.0,0.0,446606570.5720344
B,1295,35,80,0,15768000.0,0.0,446606570.5720344
B,1296,35,80,0,15768000.0,0.0,446606570.5720344
B,1297,35,80,0,15768000.0,0.0,446606570.5720344
B,1298,35,80,0,15768000.0,0.0,446606570.5720344
B,1299,35,80,0,15768000.0,0.0,446606570.5720344
B,1300,35,80,0,15768000.0,0.0,446606570.5720344
B,1301,35,80,0,15768000.0,0.0,446606570.5720344
B,1302,35,80,0,15768000.0,0.0,446606570.5720344
B,1303,35,80,0,15768000.0,0.0,446606570.5720344
B,1304,35,80,0,15768000.0,0.0,446606570.5720344
B,1305,35,80,0,15768000.0,0.0,446606570.5720344
B,1306,35,80,0,15768000.0,0.0,446606570.5720344
B,1307,35,80,0,15768000.0,0.0,446606570.5720344
B,1308,35,80,0,15768000.0,0.0,446606570.5720344
B,1309,35,80,0,15768000.0,0.0,446606570.5720344
B,1310,35,80,0,15768000.0,0.0,446606570.5720344
B,1311,35,80,0,15768000.0,0.0,446606570.5720344
B,1312,35,80,0,15768000.0,0.0,446606570.5720344
B,1313,35,80,0,15768000.0,0.0,446606570.5720344
B,1314,35,80,0,15768000.0,0.0,446606570.5720344
B,1315,35,80,0,15768000.0,0.0,446606570.5720344
B,1316,35,80,0,15768000.0,0.0,446606570.5720344
B,1317,35,80,0,15768000.0,0.0,446606570.5720344
B,1318,35,80,0,15768000.0,0.0,446606570.5720344
B,1319,35,80,0,15768000.0,0.0,446606570.5720344
B,1320,35,80,0,15768000.0,0.0,446606570.5720344
B,1321,35,80,0,15768000.0,0.0,446606570.5720344
B,1322,35,80,0,15768000.0,0.0,446606570.5720344
B,1323,35,80,0,15768000.0,0.0,446606570.5720344
B,1324,35,80,0,15768000.0,0.0,446606570.5720344
B,1325,35,80,0,15768000.0,0.0,446606570.5720344
B,1326,35,80,0,15768000.0,0.0,446606570.5720344
B,1327,35,80,0,15768000.0,0.0,446606570.5720344
B,1328,35,80,0,15768000.0,0.0,446606570.5720344
B,1329,35,80,0,15768000.0,0.0,446606570.5720344
B,1330,35,80,0,15768000.0,0.0,446606570.5720344
B,1331,35,80,0,15768000.0,0.0,446606570.5720344
B,1332,35,80,0,15768000.0,0.0,446606570.5720344
B,1333,35,80,0,15768000.0,0.0,446606570.5720344
B,1334,35,80,0,15768000.0,0.0,446606570.5720344
B,1335,35,80,0,15768000.0,0.0,446606570.5720344
B,1336,35,80,0,15768000.0,0.0,446606570.5720344
B,1337,35,80,0,15768000.0,0.0,446606570.5720344
B,1338,35,80,0,15768000.0,0.0,446606570.5720344
B,1339,35,80,0,15768000.0,0.0,446606570.5720344
B,1340,35,80,0,15768000.0,0.0,446606570.5720344
B,1341,35,80,0,15768000.0,0.0,446606570.5720344
B,1342,35,80,0,15768000.0,0.0,446606570.5720344
B,1343,35,80,0,15768000.0,0.0,446606570.5720344
B,1344,35,80,0,15768000.0,0.0,446606570.5720344
B,1345,35,80,0,15768000.0,0.0,446606570.5720344
B,1346,35,80,0,15768000.0,0.0,446606570.5720344
B,1347,35,80,0,15768000.0,0.0,446606570.5720344
B,1348,35,80,0,15768000.0,0.0,446606570.5720344
B,1349,35,80,0,15768000.0,0.0,446606570.5720344
B,1350,35,80,0,15768000.0,0.0,446606570.5720344
B,1351,35,80,0,15768000.0,0.0,446606570.5720344
B,1352,35,80,0,15768000.0,0.0,446606570.5720344
B,1353,35,80,0,15768000.0,0.0,446606570.5720344
B,1354,35,80,0,15768000.0,0.0,446606570.5720344
B,1355,35,80,0,15768000.0,0.0,446606570.5720344
B,1356,35,80,0,15768000.0,0.0,446606570.5720344
B,1357,35,80,0,15768000.0,0.0,446606570.5720344
B,1358,35,80,0,15768000.0,0.0,446606570.5720344
B,1359,35,80,0,15768000.0,0.0,446606570.5720344
B,1360,35,80,0,15768000.0,0.0,446606570.5720344
B,1361,35,80,0,15768000.0,0.0,446606570.5720344
B,1362,35,80,0,15768000.0,0.0,446606570.5720344
B,1363,35,80,0,15768000.0,0.0,446606570.5720344
B,1364,35,80,0,15768000.0,0.0,446606570.5720344
B,1365,35,80,0,15768000.0,0.0,446606570.5720344
B,1366,35,80,0,15768000.0,0.0,446606570.5720344
B,1367,35,80,0,15768000.0,0.0,446606570.5720344
B,1368,35,80,0,15768000.0,0.0,446606570.5720344
B,1369,35,80,0,15768000.0,0.0,446606570.5720344
B,1370,35,80,0,15768000.0,0.0,446606570.5720344
B,1371,35,80,0,15768000.0,0.0,446606570.5720344
B,1372,35,80,0,15768000.0,0.0,446606570.5720344
B,1373,35,80,0,15768000.0,0.0,446606570.5720344
B,1374,35,80,0,15768000.0,0.0,446606570.5720344
B,1375,35,80,0,15768000.0,0.0,446606570.5720344
B,1376,35,80,0,15768000.0,0.0,446606570.5720344
B,1377,35,80,0,15768000.0,0.0,446606570.5720344
B,1378,35,80,0,15768000.0,0.0,446606570.5720344
B,1379,35,80,0,15768000.0,0.0,446606570.5720344
B,1380,35,80,0,15768000.0,0.0,446606570.5720344
B,1381,35,80,0,15768000.0,0.0,446606570.5720344
B,1382,35,80,0,15768000.0,0.0,446606570.5720344
B,1383,35,80,0,15768000.0,0.0,446606570.5720344
B,1384,35,80,0,15768000.0,0.0,446606570.5720344
B,1385,35,80,0,15768000.0,0.0,446606570.5720344
B,1386,35,80,0,15768000.0,0.0,446606570.5720344
B,1387,35,80,0,15768000.0,0.0,446606570.5720344
B,1388,35,80,0,15768000.0,0.0,446606570.5720344
B,1389,35,80,0,15768000.0,0.0,446606570.5720344
B,1390,35,80,0,15768000.0,0.0,446606570.5720344
B,1391,35,80,0,15768000.0,0.0,446606570.5720344
B,1392,35,80,0,15768000.0,0.0,446606570.5720344
B,1393,35,80,0,15768000.0,0.0,446606570.5720344
B,1394,35,80,0,15768000.0,0.0,446606570.5720344
B,1395,35,80,0,15768000.0,0.0,446606570.5720344
B,1396,35,80,0,15768000.0,0.0,446606570.5720344
B,1397,35,80,0,15768000.0,0.0,446606570.5720344
B,1398,35,80,0,15768000.0,0.0,446606570.5720344
B,1399,35,80,0,15768000.0,0.0,446606570.5720344
B,1400,35,80,0,15768000.0,0.0,446606570.5720344
B,1401,35,80,0,15768000.0,0.0,446606570.5720344
B,1402,35,80,0,15768000.0,0.0,446606570.5720344
B,1403,35,80,0,15768000.0,0.0,446606570.5720344
B,1404,35,80,0,15768000.0,0.0,446606570.5720344
B,1405,35,80,0,15768000.0,0.0,446606570.5720344
B,1406,35,80,0,15768000.0,0.0,446606570.5720344
B,1407,35,80,0,15768000.0,0.0,446606570.5720344
B,1408,35,80,0,15768000.0,0.0,446606570.5720344
B,1409,35,80,0,15768000.0,0.0,446606570.5720344
B,1410,35,80,0,15768000.0,0.0,446606570.5720344
B,1411,35,80,0,15768000.0,0.0,446606570.5720344
B,1412,35,80,0,15768000.0,0.0,446606570.5720344
B,1413,35,80,0,15768000.0,0.0,446606570.5720344
B,1414,35,80,0,15768000.0,0.0,446606570.5720344
B,1415,35,80,0,15768000.0,0.0,446606570.5720344
B,1416,35,80,0,15768000.0,0.0,446606570.5720344
B,1417,35,80,0,15768000.0,0.0,446606570.5720344
B,1418,35,80,0,15768000.0,0.0,446606570.5720344
B,1419,35,80,0,15768000.0,0.0,446606570.5720344
B,1420,35,80,0,15768000.0,0.0,446606570.5720344
B,1421,35,80,0,15768000.0,0.0,446606570.5720344
B,1422,35,80,0,15768000.0,0.0,446606570.5720344
B,1423,35,80,0,15768000.0,0.0,446606570.5720344
B,1424,35,80,0,15768000.0,0.0,446606570.5720344
B,1425,35,80,0,15768000.0,0.0,446606570.5720344
B,1426,35,80,0,15768000.0,0.0,446606570.5720344
B,1427,35,80,0,15768000.0,0.0,446606570.5720344
B,1428,35,80,0,15768000.0,0.0,446606570.5720344
B,1429,35,80,0,15768000.0,0.0,446606570.5720344
B,1430,35,80,0,15768000.0,0.0,446606570.5720344
B,1431,35,80,0,15768000.0,0.0,446606570.5720344
B,1432,35,80,0,15768000.0,0.0,446606570.5720344
B,1433,35,80,0,15768000.0,0.0,446606570.5720344
B,1434,35,80,0,15768000.0,0.0,446606570.5720344
B,1435,35,80,0,15768000.0,0.0,446606570.5720344
B,1436,35,80,0,15768000.0,0.0,446606570.5720344
B,1437,35,80,0,15768000.0,0.0,446606570.5720344
B,1438,35,80,0,15768000.0,0.0,446606570.5720344
B,1439,35,80,0,15768000.0,0.0,446606570.5720344
B,1440,35,80,0,15768000.0,0.0,446606570.5720344
B,1441,35,80,0,15768000.0,0.0,446606570.5720344
B,1442,35,80,0,15768000.0,0.0,446606570.5720344
B,1443,35,80,0,15768000.0,0.0,446606570.5720344
B,1444,35,80,0,15768000.0,0.0,446606570.5720344
B,1445,35,80,0,15768000.0,0.0,446606570.5720344
B,1446,35,80,0,15768000.0,0.0,446606570.5720344
B,1447,35,80,0,15768000.0,0.0,446606570.5720344
B,1448,35,80,0,15768000.0,0.0,446606570.5720344
B,1449,35,80,0,15768000.0,0.0,446606570.5720344
B,1450,35,80,0,15768000.0,0.0,446606570.5720344
B,1451,35,80,0,15768000.0,0.0,446606570.5720344
B,1452,35,80,0,15768000.0,0.0,446606570.5720344
B,1453,35,80,0,15768000.0,0.0,446606570.5720344
B,1454,35,80,0,15768000.0,0.0,446606570.5720344
B,1455,35,80,0,15768000.0,0.0,446606570.5720344
B,1456,35,80,0,15768000.0,0.0,446606570.5720344
B,1457,35,80,0,15768000.0,0.0,446606570.5720344
B,1458,35,80,0,15768000.0,0.0,446606570.5720344
B,1459,35,80,0,15768000.0,0.0,446606570.5720344
B,1460,35,80,0,15768000.0,0.0,446606570.5720344
B,1461,35,80,0,15768000.0,0.0,446606570.5720344
B,1462,35,80,0,15768000.0,0.0,446606570.5720344
B,1463,35,80,0,15768000.0,0.0,446606570.5720344
B,1464,35,80,0,15768000.0,0.0,446606570.5720344
B,1465,35,80,0,15768000.0,0.0,446606570.5720344
B,1466,35,80,0,15768000.0,0.0,446606570.5720344
B,1467,35,80,0,15768000.0,0.0,446606570.5720344
B,1468,35,80,0,15768000.0,0.0,446606570.5720344
B,1469,35,80,0,15768000.0,0.0,446606570.5720344
B,1470,35,80,0,15768000.0,0.0,446606570.5720344
B,1471,35,80,0,15768000.0,0.0,446606570.5720344
B,1472,35,80,0,15768000.0,0.0,446606570.5720344
B,1473,35,80,0,15768000.0,0.0,446606570.5720344
B,1474,35,80,0,15768000.0,0.0,446606570.5720344
B,1475,35,80,0,15768000.0,0.0,446606570.5720344
B,1476,35,80,0,15768000.0,0.0,446606570.5720344
B,1477,35,80,0,15768000.0,0.0,446606570.5720344
B,1478,35,80,0,15768000.0,0.0,446606570.5720344
B,1479,35,80,0,15768000.0,0.0,446606570.5720344
B,1480,35,80,0,15768000.0,0.0,446606570.5720344
B,1481,35,80,0,15768000.0,0.0,446606570.5720344
B,1482,35,80,0,15768000.0,0.0,446606570.5720344
B,1483,35,80,0,15768000.0,0.0,446606570.5720344
B,1484,35,80,0,15768000.0,0.0,446606570.5720344
B,1485,35,80,0,15768000.0,0.0,446606570.5720344
B,1486,35,80,0,15768000.0,0.0,446606570.5720344
B,1487,35,80,0,15768000.0,0.0,446606570.5720344
B,1488,35,80,0,15768000.0,0.0,446606570.5720344
B,1489,35,80,0,15768000.0,0.0,446606570.5720344
B,1490,35,80,0,15768000.0,0.0,446606570.5720344
B,1491,35,80,0,15768000.0,0.0,446606570.5720344
B,1492,35,80,0,15768000.0,0.0,446606570.5720344
B,1493,35,80,0,15768000.0,0.0,446606570.5720344
B,1494,35,80,0,15768000.0,0.0,446606570.5720344
B,1495,35,80,0,15768000.0,0.0,446606570.5720344
B,1496,35,80,0,15768000.0,0.0,446606570.5720344
B,1497,35,80,0,15768000.0,0.0,446606570.5720344
B,1498,35,80,0,15768000.0,0.0,446606570.5720344
B,1499,35,80,0,15768000.0,0.0,446606570.5720344
B,1500,35,80,0,15768000.0,0.0,446606570.5720344
B,1501,35,80,0,15768000.0,0.0,446606570.5720344
B,1502,35,80,0,15768000.0,0.0,446606570.5720344
B,1503,35,80,0,15768000.0,0.0,446606570.5720344
B,1504,35,80,0,15768000.0,0.0,446606570.5720344
B,1505,35,80,0,15768000.0,0.0,446606570.5720344
B,1506,35,80,0,15768000.0,0.0,446606570.5720344
B,1507,35,80,0,15768000.0,0.0,446606570.5720344
B,1508,35,80,0,15768000.0,0.0,446606570.5720344
B,1509,35,80,0,15768000.0,0.0,446606570.5720344
B,1510,35,80,0,15768000.0,0.0,446606570.5720344
B,1511,35,80,0,15768000.0,0.0,446606570.5720344
B,1512,35,80,0,15768000.0,0.0,446606570.5720344
B,1513,35,80,0,15768000.0,0.0,446606570.5720344
B,1514,35,80,0,15768000.0,0.0,446606570.5720344
B,1515,35,80,0,15768000.0,0.0,446606570.5720344
B,1516,35,80,0,15768000.0,0.0,446606570.5720344
B,1517,35,80,0,15768000.0,0.0,446606570.5720344
B,1518,35,80,0,15768000.0,0.0,446606570.5720344
B,1519,35,80,0,15768000.0,0.0,446606570.5720344
B,1520,35,80,0,15768000.0,0.0,446606570.5720344
B,1521,35,80,0,15768000.0,0.0,446606570.5720344
B,1522,35,80,0,15768000.0,0.0,446606570.5720344
B,1523,35,80,0,15768000.0,0.0,446606570.5720344
B,1524,35,80,0,15768000.0,0.0,446606570.5720344
B,1525,35,80,0,15768000.0,0.0,446606570.5720344
B,1526,35,80,0,15768000.0,0.0,446606570.5720344
B,1527,35,80,0,15768000.0,0.0,446606570.5720344
B,1528,35,80,0,15768000.0,0.0,446606570.5720344
B,1529,35,80,0,15768000.0,0.0,446606570.5720344
B,1530,35,80,0,15768000.0,0.0,446606570.5720344
B,1531,35,80,0,15768000.0,0.0,446606570.5720344
B,1532,35,80,0,15768000.0,0.0,446606570.5720344
B,1533,35,80,0,15768000.0,0.0,446606570.5720344
B,1534,35,80,0,15768000.0,0.0,446606570.5720344
B,1535,35,80,0,15768000.0,0.0,446606570.5720344
B,1536,35,80,0,15768000.0,0.0,446606570.5720344
B,1537,35,80,0,15768000.0,0.0,446606570.5720344
B,1538,35,80,0,15768000.0,0.0,446606570.5720344
B,1539,35,80,0,15768000.0,0.0,446606570.5720344
B,1540,35,80,0,15768000.0,0.0,446606570.5720344
B,1541,35,80,0,15768000.0,0.0,446606570.5720344
B,1542,35,80,0,15768000.0,0.0,446606570.5720344
B,1543,35,80,0,15768000.0,0.0,446606570.5720344
B,1544,35,80,0,15768000.0,0.0,446606570.5720344
B,1545,35,80,0,15768000.0,0.0,446606570.5720344
B,1546,35,80,0,15768000.0,0.0,446606570.5720344
B,1547,35,80,0,15768000.0,0.0,446606570.5720344
B,1548,35,80,0,15768000.0,0.0,446606570.5720344
B,1549,35,80,0,15768000.0,0.0,446606570.5720344
B,1550,35,80,0,15768000.0,0.0,446606570.5720344
B,1551,35,80,0,15768000.0,0.0,446606570.5720344
B,1552,35,80,0,15768000.0,0.0,446606570.5720344
B,1553,35,80,0,15768000.0,0.0,446606570.5720344
B,1554,35,80,0,15768000.0,0.0,446606570.5720344
B,1555,35,80,0,15768000.0,0.0,446606570.5720344
B,1556,35,80,0,15768000.0,0.0,446606570.5720344
B,1557,35,80,0,15768000.0,0.0,446606570.5720344
B,1558,35,80,0,15768000.0,0.0,446606570.5720344
B,1559,35,80,0,15768000.0,0.0,446606570.5720344
B,1560,35,80,0,15768000.0,0.0,446606570.5720344
B,1561,35,80,0,15768000.0,0.0,446606570.5720344
B,1562,35,80,0,15768000.0,0.0,446606570.5720344
B,1563,35,80,0,15768000.0,0.0,446606570.5720344
B,1564,35,80,0,15768000.0,0.0,446606570.5720344
B,1565,35,80,0,15768000.0,0.0,446606570.5720344
B,1566,35,80,0,15768000.0,0.0,446606570.5720344
B,1567,35,80,0,15768000.0,0.0,446606570.5720344
B,1568,35,80,0,15768000.0,0.0,446606570.5720344
B,1569,35,80,0,15768000.0,0.0,446606570.5720344
B,1570,35,80,0,15768000.0,0.0,446606570.5720344
B,1571,35,80,0,15768000.0,0.0,446606570.5720344
B,1572,35,80,0,15768000.0,0.0,446606570.5720344
B,1573,35,80,0,15768000.0,0.0,446606570.5720344
B,1574,35,80,0,15768000.0,0.0,446606570.5720344
B,1575,35,80,0,15768000.0,0.0,446606570.5720344
B,1576,35,80,0,15768000.0,0.0,446606570.5720344
B,1577,35,80,0,15768000.0,0.0,446606570.5720344
B,1578,35,80,0,15768000.0,0.0,446606570.5720344
B,1579,35,80,0,15768000.0,0.0,446606570.5720344
B,1580,35,80,0,15768000.0,0.0,446606570.5720344
B,1581,35,80,0,15768000.0,0.0,446606570.5720344
B,1582,35,80,0,15768000.0,0.0,446606570.5720344
B,1583,35,80,0,15768000.0,0.0,446606570.5720344
B,1584,35,80,0,15768000.0,0.0,446606570.5720344
B,1585,35,80,0,15768000.0,0.0,446606570.5720344
B,1586,35,80,0,15768000.0,0.0,446606570.5720344
B,1587,35,80,0,15768000.0,0.0,446606570.5720344
B,1588,35,80,0,15768000.0,0.0,446606570.5720344
B,1589,35,80,0,15768000.0,0.0,446606570.5720344
B,1590,35,80,0,15768000.0,0.0,446606570.5720344
B,1591,35,80,0,15768000.0,0.0,446606570.5720344
B,1592,35,80,0,15768000.0,0.0,446606570.5720344
B,1593,35,80,0,15768000.0,0.0,446606570.5720344
B,1594,35,80,0,15768000.0,0.0,446606570.5720344
B,1595,35,80,0,15768000.0,0.0,446606570.5720344
B,1596,35,80,0,15768000.0,0.0,446606570.5720344
B,1597,35,80,0,15768000.0,0.0,446606570.5720344
B,1598,35,80,0,15768000.0,0.0,446606570.5720344
B,1599,35,80,0,15768000.0,0.0,446606570.5720344
B,1600,35,80,0,15768000.0,0.0,446606570.5720344
B,1601,35,80,0,15768000.0,0.0,446606570.5720344
B,1602,35,80,0,15768000.0,0.0,446606570.5720344
B,1603,35,80,0,15768000.0,0.0,446606570.5720344
B,1604,35,80,0,15768000.0,0.0,446606570.5720344
B,1605,35,80,0,15768000.0,0.0,446606570.5720344
B,1606,35,80,0,15768000.0,0.0,446606570.5720344
B,1607,35,80,0,15768000.0,0.0,446606570.5720344
B,1608,35,80,0,15768000.0,0.0,446606570.5720344
B,1609,35,80,0,15768000.0,0.0,446606570.5720344
B,1610,35,80,0,15768000.0,0.0,446606570.5720344
B,1611,35,80,0,15768000.0,0.0,446606570.5720344
B,1612,35,80,0,15768000.0,0.0,446606570.5720344
B,1613,35,80,0,15768000.0,0.0,446606570.5720344
B,1614,35,80,0,15768000.0,0.0,446606570.5720344
B,1615,35,80,0,15768000.0,0.0,446606570.5720344
B,1616,35,80,0,15768000.0,0.0,446606570.5720344
B,1617,35,80,0,15768000.0,0.0,446606570.5720344
B,1618,35,80,0,15768000.0,0.0,446606570.5720344
B,1619,35,80,0,15768000.0,0.0,446606570.5720344
B,1620,35,80,0,15768000.0,0.0,446606570.5720344
B,1621,35,80,0,15768000.0,0.0,446606570.5720344
B,1622,35,80,0,15768000.0,0.0,446606570.5720344
B,1623,35,80,0,15768000.0,0.0,446606570.5720344
B,1624,35,80,0,15768000.0,0.0,446606570.5720344
B,1625,35,80,0,15768000.0,0.0,446606570.5720344
B,1626,35,80,0,15768000.0,0.0,446606570.5720344
B,1627,35,80,0,15768000.0,0.0,446606570.5720344
B,1628,35,80,0,15768000.0,0.0,446606570.5720344
B,1629,35,80,0,15768000.0,0.0,446606570.5720344
B,1630,35,80,0,15768000.0,0.0,446606570.5720344
B,1631,35,80,0,15768000.0,0.0,446606570.5720344
B,1632,35,80,0,15768000.0,0.0,446606570.5720344
B,1633,35,80,0,15768000.0,0.0,446606570.5720344
B,1634,35,80,0,15768000.0,0.0,446606570.5720344
B,1635,35,80,0,15768000.0,0.0,446606570.5720344
B,1636,35,80,0,15768000.0,0.0,446606570.5720344
B,1637,35,80,0,15768000.0,0.0,446606570.5720344
B,1638,35,80,0,15768000.0,0.0,446606570.5720344
B,1639,35,80,0,15768000.0,0.0,446606570.5720344
B,1640,35,80,0,15768000.0,0.0,446606570.5720344
B,1641,35,80,0,15768000.0,0.0,446606570.5720344
B,1642,35,80,0,15768000.0,0.0,446606570.5720344
B,1643,35,80,0,15768000.0,0.0,446606570.5720344
B,1644,35,80,0,15768000.0,0.0,446606570.5720344
B,1645,35,80,0,15768000.0,0.0,446606570.5720344
B,1646,35,80,0,15768000.0,0.0,446606570.5720344
B,1647,35,80,0,15768000.0,0.0,446606570.5720344
B,1648,35,80,0,15768000.0,0.0,446606570.5720344
B,1649,35,80,0,15768000.0,0.0,446606570.5720344
B,1650,35,80,0,15768000.0,0.0,446606570.5720344
B,1651,35,80,0,15768000.0,0.0,446606570.5720344
B,1652,35,80,0,15768000.0,0.0,446606570.5720344
B,1653,35,80,0,15768000.0,0.0,446606570.5720344
B,1654,35,80,0,15768000.0,0.0,446606570.5720344
B,1655,35,80,0,15768000.0,0.0,446606570.5720344
B,1656,35,80,0,15768000.0,0.0,446606570.5720344
B,1657,35,80,0,15768000.0,0.0,446606570.5720344
B,1658,35,80,0,15768000.0,0.0,446606570.5720344
B,1659,35,80,0,15768000.0,0.0,446606570.5720344
B,1660,35,80,0,15768000.0,0.0,446606570.5720344
B,1661,35,80,0,15768000.0,0.0,446606570.5720344
B,1662,35,80,0,15768000.0,0.0,446606570.5720344
B,1663,35,80,0,15768000.0,0.0,446606570.5720344
B,1664,35,80,0,15768000.0,0.0,446606570.5720344
B,1665,35,80,0,15768000.0,0.0,446606570.5720344
B,1666,35,80,0,15768000.0,0.0,446606570.5720344
B,1667,35,80,0,15768000.0,0.0,446606570.5720344
B,1668,35,80,0,15768000.0,0.0,446606570.5720344
B,1669,35,80,0,15768000.0,0.0,446606570.5720344
B,1670,35,80,0,15768000.0,0.0,446606570.5720344
B,1671,35,80,0,15768000.0,0.0,446606570.5720344
B,1672,35,80,0,15768000.0,0.0,446606570.5720344
B,1673,35,80,0,15768000.0,0.0,446606570.5720344
B,1674,35,80,0,15768000.0,0.0,446606570.5720344
B,1675,35,80,0,15768000.0,0.0,446606570.5720344
B,1676,35,80,0,15768000.0,0.0,446606570.5720344
B,1677,35,80,0,15768000.0,0.0,446606570.5720344
B,1678,35,80,0,15768000.0,0.0,446606570.5720344
B,1679,35,80,0,15768000.0,0.0,446606570.5720344
B,1680,35,80,0,15768000.0,0.0,446606570.5720344
B,1681,35,80,0,15768000.0,0.0,446606570.5720344
B,1682,35,80,0,15768000.0,0.0,446606570.5720344
B,1683,35,80,0,15768000.0,0.0,446606570.5720344
B,1684,35,80,0,15768000.0,0.0,446606570.5720344
B,1685,35,80,0,15768000.0,0.0,446606570.5720344
B,1686,35,80,0,15768000.0,0.0,446606570.5720344
B,1687,35,80,0,15768000.0,0.0,446606570.5720344
B,1688,35,80,0,15768000.0,0.0,446606570.5720344
B,1689,35,80,0,15768000.0,0.0,446606570.5720344
B,1690,35,80,0,15768000.0,0.0,446606570.5720344
B,1691,35,80,0,15768000.0,0.0,446606570.5720344
B,1692,35,80,0,15768000.0,0.0,446606570.5720344
B,1693,35,80,0,15768000.0,0.0,446606570.5720344
B,1694,35,80,0,15768000.0,0.0,446606570.5720344
B,1695,35,80,0,15768000.0,0.0,446606570.5720344
B,1696,35,80,0,15768000.0,0.0,446606570.5720344
B,1697,35,80,0,15768000.0,0.0,446606570.5720344
B,1698,35,80,0,15768000.0,0.0,446606570.5720344
B,1699,35,80,0,15768000.0,0.0,446606570.5720344
B,1700,35,80,0,15768000.0,0.0,446606570.5720344
B,1701,35,80,0,15768000.0,0.0,446606570.5720344
B,1702,35,80,0,15768000.0,0.0,446606570.5720344
B,1703,35,80,0,15768000.0,0.0,446606570.5720344
B,1704,35,80,0,15768000.0,0.0,446606570.5720344
B,1705,35,80,0,15768000.0,0.0,446606570.5720344
B,1706,35,80,0,15768000.0,0.0,446606570.5720344
B,1707,35,80,0,15768000.0,0.0,446606570.5720344
B,1708,35,80,0,15768000.0,0.0,446606570.5720344
B,1709,35,80,0,15768000.0,0.0,446606570.5720344
B,1710,35,80,0,15768000.0,0.0,446606570.5720344
B,1711,35,80,0,15768000.0,0.0,446606570.5720344
B,1712,35,80,0,15768000.0,0.0,446606570.5720344
B,1713,35,80,0,15768000.0,0.0,446606570.5720344
B,1714,35,80,0,15768000.0,0.0,446606570.5720344
B,1715,35,80,0,15768000.0,0.0,446606570.5720344
B,1716,35,80,0,15768000.0,0.0,446606570.5720344
B,1717,35,80,0,15768000.0,0.0,446606570.5720344
B,1718,35,80,0,15768000.0,0.0,446606570.5720344
B,1719,35,80,0,15768000.0,0.0,446606570.5720344
B,1720,35,80,0,15768000.0,0.0,446606570.5720344
B,1721,35,80,0,15768000.0,0.0,446606570.5720344
B,1722,35,80,0,15768000.0,0.0,446606570.5720344
B,1723,35,80,0,15768000.0,0.0,446606570.5720344
B,1724,35,80,0,15768000.0,0.0,446606570.5720344
B,1725,35,80,0,15768000.0,0.0,446606570.5720344
B,1726,35,80,0,15768000.0,0.0,446606570.5720344
B,1727,35,80,0,15768000.0,0.0,446606570.5720344
B,1728,35,80,0,15768000.0,0.0,446606570.5720344
B,1729,35,80,0,15768000.0,0.0,446606570.5720344
B,1730,35,80,0,15768000.0,0.0,446606570.5720344
B,1731,35,80,0,15768000.0,0.0,446606570.5720344
B,1732,35,80,0,15768000.0,0.0,446606570.5720344
B,1733,35,80,0,15768000.0,0.0,446606570.5720344
B,1734,35,80,0,15768000.0,0.0,446606570.5720344
B,1735,35,80,0,15768000.0,0.0,446606570.5720344
B,1736,35,80,0,15768000.0,0.0,446606570.5720344
B,1737,35,80,0,15768000.0,0.0,446606570.5720344
B,1738,35,80,0,15768000.0,0.0,446606570.5720344
B,1739,35,80,0,15768000.0,0.0,446606570.5720344
B,1740,35,80,0,15768000.0,0.0,446606570.5720344
B,1741,35,80,0,15768000.0,0.0,446606570.5720344
B,1742,35,80,0,15768000.0,0.0,446606570.5720344
B,1743,35,80,0,15768000.0,0.0,446606570.5720344
B,1744,35,80,0,15768000.0,0.0,446606570.5720344
B,1745,35,80,0,15768000.0,0.0,446606570.5720344
B,1746,35,80,0,15768000.0,0.0,446606570.5720344
B,1747,35,80,0,15768000.0,0.0,446606570.5720344
B,1748,35,80,0,15768000.0,0.0,446606570.5720344
B,1749,35,80,0,15768000.0,0.0,446606570.5720344
B,1750,35,80,0,15768000.0,0.0,446606570.5720344
B,1751,35,80,0,15768000.0,0.0,446606570.5720344
B,1752,35,80,0,15768000.0,0.0,446606570.5720344
B,1753,35,80,0,15768000.0,0.0,446606570.5720344
B,1754,35,80,0,15768000.0,0.0,446606570.5720344
B,1755,35,80,0,15768000.0,0.0,446606570.5720344
B,1756,35,80,0,15768000.0,0.0,446606570.5720344
B,1757,35,80,0,15768000.0,0.0,446606570.5720344
B,1758,35,80,0,15768000.0,0.0,446606570.5720344
B,1759,35,80,0,15768000.0,0.0,446606570.5720344
B,1760,35,80,0,15768000.0,0.0,446606570.5720344
B,1761,35,80,0,15768000.0,0.0,446606570.5720344
B,1762,35,80,0,15768000.0,0.0,446606570.5720344
B,1763,35,80,0,15768000.0,0.0,446606570.5720344
B,1764,35,80,0,15768000.0,0.0,446606570.5720344
B,1765,35,80,0,15768000.0,0.0,446606570.5720344
B,1766,35,80,0,15768000.0,0.0,446606570.5720344
B,1767,35,80,0,15768000.0,0.0,446606570.5720344
B,1768,35,80,0,15768000.0,0.0,446606570.5720344
B,1769,35,80,0,15768000.0,0.0,446606570.5720344
B,1770,35,80,0,15768000.0,0.0,446606570.5720344
B,1771,35,80,0,15768000.0,0.0,446606570.5720344
B,1772,35,80,0,15768000.0,0.0,446606570.5720344
B,1773,35,80,0,15768000.0,0.0,446606570.5720344
B,1774,35,80,0,15768000.0,0.0,446606570.5720344
B,1775,35,80,0,15768000.0,0.0,446606570.5720344
B,1776,35,80,0,15768000.0,0.0,446606570.5720344
B,1777,35,80,0,15768000.0,0.0,446606570.5720344
B,1778,35,80,0,15768000.0,0.0,446606570.5720344
B,1779,35,80,0,15768000.0,0.0,446606570.5720344
B,1780,35,80,0,15768000.0,0.0,446606570.5720344
B,1781,35,80,0,15768000.0,0.0,446606570.5720344
B,1782,35,80,0,15768000.0,0.0,446606570.5720344
B,1783,35,80,0,15768000.0,0.0,446606570.5720344
B,1784,35,80,0,15768000.0,0.0,446606570.5720344
B,1785,35,80,0,15768000.0,0.0,446606570.5720344
B,1786,35,80,0,15768000.0,0.0,446606570.5720344
B,1787,35,80,0,15768000.0,0.0,446606570.5720344
B,1788,35,80,0,15768000.0,0.0,446606570.5720344
B,1789,35,80,0,15768000.0,0.0,446606570.5720344
B,1790,35,80,0,15768000.0,0.0,446606570.5720344
B,1791,35,80,0,15768000.0,0.0,446606570.5720344
B,1792,35,80,0,15768000.0,0.0,446606570.5720344
B,1793,35,80,0,15768000.0,0.0,446606570.5720344
B,1794,35,80,0,15768000.0,0.0,446606570.5720344
B,1795,35,80,0,15768000.0,0.0,446606570.5720344
B,1796,35,80,0,15768000.0,0.0,446606570.5720344
B,1797,35,80,0,15768000.0,0.0,446606570.5720344
B,1798,35,80,0,15768000.0,0.0,446606570.5720344
B,1799,35,80,0,15768000.0,0.0,446606570.5720344
B,1800,35,80,0,15768000.0,0.0,446606570.5720344
B,1801,35,80,0,15768000.0,0.0,446606570.5720344
B,1802,35,80,0,15768000.0,0.0,446606570.5720344
B,1803,35,80,0,15768000.0,0.0,446606570.5720344
B,1804,35,80,0,15768000.0,0.0,446606570.5720344
B,1805,35,80,0,15768000.0,0.0,446606570.5720344
B,1806,35,80,0,15768000.0,0.0,446606570.5720344
B,1807,35,80,0,15768000.0,0.0,446606570.5720344
B,1808,35,80,0,15768000.0,0.0,446606570.5720344
B,1809,35,80,0,15768000.0,0.0,446606570.5720344
B,1810,35,80,0,15768000.0,0.0,446606570.5720344
B,1811,35,80,0,15768000.0,0.0,446606570.5720344
B,1812,35,80,0,15768000.0,0.0,446606570.5720344
B,1813,35,80,0,15768000.0,0.0,446606570.5720344
B,1814,35,80,0,15768000.0,0.0,446606570.5720344
B,1815,35,80,0,15768000.0,0.0,446606570.5720344
B,1816,35,80,0,15768000.0,0.0,446606570.5720344
B,1817,35,80,0,15768000.0,0.0,446606570.5720344
B,1818,35,80,0,15768000.0,0.0,446606570.5720344
B,1819,35,80,0,15768000.0,0.0,446606570.5720344
B,1820,35,80,0,15768000.0,0.0,446606570.5720344
B,1821,35,80,0,15768000.0,0.0,446606570.5720344
B,1822,35,80,0,15768000.0,0.0,446606570.5720344
B,1823,35,80,0,15768000.0,0.0,446606570.5720344
B,1824,35,80,0,15768000.0,0.0,446606570.5720344
B,1825,35,80,0,15768000.0,0.0,446606570.5720344
B,1826,35,80,0,15768000.0,0.0,446606570.5720344
B,1827,35,80,0,15768000.0,0.0,446606570.5720344
B,1828,35,80,0,15768000.0,0.0,446606570.5720344
B,1829,35,80,0,15768000.0,0.0,446606570.5720344
B,1830,35,80,0,15768000.0,0.0,446606570.5720344
B,1831,35,80,0,15768000.0,0.0,446606570.5720344
B,1832,35,80,0,15768000.0,0.0,446606570.5720344
B,1833,35,80,0,15768000.0,0.0,446606570.5720344
B,1834,35,80,0,15768000.0,0.0,446606570.5720344
B,1835,35,80,0,15768000.0,0.0,446606570.5720344
B,1836,35,80,0,15768000.0,0.0,446606570.5720344
B,1837,35,80,0,15768000.0,0.0,446606570.5720344
B,1838,35,80,0,15768000.0,0.0,446606570.5720344
B,1839,35,80,0,15768000.0,0.0,446606570.5720344
B,1840,35,80,0,15768000.0,0.0,446606570.5720344
B,1841,35,80,0,15768000.0,0.0,446606570.5720344
B,1842,35,80,0,15768000.0,0.0,446606570.5720344
B,1843,35,80,0,15768000.0,0.0,446606570.5720344
B,1844,35,80,0,15768000.0,0.0,446606570.5720344
B,1845,35,80,0,15768000.0,0.0,446606570.5720344
B,1846,35,80,0,15768000.0,0.0,446606570.5720344
B,1847,35,80,0,15768000.0,0.0,446606570.5720344
B,1848,35,80,0,15768000.0,0.0,446606570.5720344
B,1849,35,80,0,15768000.0,0.0,446606570.5720344
B,1850,35,80,0,15768000.0,0.0,446606570.5720344
B,1851,35,80,0,15768000.0,0.0,446606570.5720344
B,1852,35,80,0,15768000.0,0.0,446606570.5720344
B,1853,35,80,0,15768000.0,0.0,446606570.5720344
B,1854,35,80,0,15768000.0,0.0,446606570.5720344
B,1855,35,80,0,15768000.0,0.0,446606570.5720344
B,1856,35,80,0,15768000.0,0.0,446606570.5720344
B,1857,35,80,0,15768000.0,0.0,446606570.5720344
B,1858,35,80,0,15768000.0,0.0,446606570.5720344
B,1859,35,80,0,15768000.0,0.0,446606570.5720344
B,1860,35,80,0,15768000.0,0.0,446606570.5720344
B,1861,35,80,0,15768000.0,0.0,446606570.5720344
B,1862,35,80,0,15768000.0,0.0,446606570.5720344
B,1863,35,80,0,15768000.0,0.0,446606570.5720344
B,1864,35,80,0,15768000.0,0.0,446606570.5720344
B,1865,35,80,0,15768000.0,0.0,446606570.5720344
B,1866,35,80,0,15768000.0,0.0,446606570.5720344
B,1867,35,80,0,15768000.0,0.0,446606570.5720344
B,1868,35,80,0,15768000.0,0.0,446606570.5720344
B,1869,35,80,0,15768000.0,0.0,446606570.5720344
B,1870,35,80,0,15768000.0,0.0,446606570.5720344
B,1871,35,80,0,15768000.0,0.0,446606570.5720344
B,1872,35,80,0,15768000.0,0.0,446606570.5720344
B,1873,35,80,0,15768000.0,0.0,446606570.5720344
B,1874,35,80,0,15768000.0,0.0,446606570.5720344
B,1875,35,80,0,15768000.0,0.0,446606570.5720344
B,1876,35,80,0,15768000.0,0.0,446606570.5720344
B,1877,35,80,0,15768000.0,0.0,446606570.5720344
B,1878,35,80,0,15768000.0,0.0,446606570.5720344
B,1879,35,80,0,15768000.0,0.0,446606570.5720344
B,1880,35,80,0,15768000.0,0.0,446606570.5720344
B,1881,35,80,0,15768000.0,0.0,446606570.5720344
B,1882,35,80,0,15768000.0,0.0,446606570.5720344
B,1883,35,80,0,15768000.0,0.0,446606570.5720344
B,1884,35,80,0,15768000.0,0.0,446606570.5720344
B,1885,35,80,0,15768000.0,0.0,446606570.5720344
B,1886,35,80,0,15768000.0,0.0,446606570.5720344
B,1887,35,80,0,15768000.0,0.0,446606570.5720344
B,1888,35,80,0,15768000.0,0.0,446606570.5720344
B,1889,35,80,0,15768000.0,0.0,446606570.5720344
B,1890,35,80,0,15768000.0,0.0,446606570.5720344
B,1891,35,80,0,15768000.0,0.0,446606570.5720344
B,1892,35,80,0,15768000.0,0.0,446606570.5720344
B,1893,35,80,0,15768000.0,0.0,446606570.5720344
B,1894,35,80,0,15768000.0,0.0,446606570.5720344
B,1895,35,80,0,15768000.0,0.0,446606570.5720344
B,1896,35,80,0,15768000.0,0.0,446606570.5720344
B,1897,35,80,0,15768000.0,0.0,446606570.5720344
B,1898,35,80,0,15768000.0,0.0,446606570.5720344
B,1899,35,80,0,15768000.0,0.0,446606570.5720344
B,1900,35,80,0,15768000.0,0.0,446606570.5720344
B,1901,35,80,0,15768000.0,0.0,446606570.5720344
B,1902,35,80,0,15768000.0,0.0,446606570.5720344
B,1903,35,80,0,15768000.0,0.0,446606570.5720344
B,1904,35,80,0,15768000.0,0.0,446606570.5720344
B,1905,35,80,0,15768000.0,0.0,446606570.5720344
B,1906,35,80,0,15768000.0,0.0,446606570.5720344
B,1907,35,80,0,15768000.0,0.0,446606570.5720344
B,1908,35,80,0,15768000.0,0.0,446606570.5720344
B,1909,35,80,0,15768000.0,0.0,446606570.5720344
B,1910,35,80,0,15768000.0,0.0,446606570.5720344
B,1911,35,80,0,15768000.0,0.0,446606570.5720344
B,1912,35,80,0,15768000.0,0.0,446606570.5720344
B,1913,35,80,0,15768000.0,0.0,446606570.5720344
B,1914,35,80,0,15768000.0,0.0,446606570.5720344
B,1915,35,80,0,15768000.0,0.0,446606570.5720344
B,1916,35,80,0,15768000.0,0.0,446606570.5720344
B,1917,35,80,0,15768000.0,0.0,446606570.5720344
B,1918,35,80,0,15768000.0,0.0,446606570.5720344
B,1919,35,80,0,15768000.0,0.0,446606570.5720344
B,1920,35,80,0,15768000.0,0.0,446606570.5720344
B,1921,35,80,0,15768000.0,0.0,446606570.5720344
B,1922,35,80,0,15768000.0,0.0,446606570.5720344
B,1923,35,80,0,15768000.0,0.0,446606570.5720344
B,1924,35,80,0,15768000.0,0.0,446606570.5720344
B,1925,35,80,0,15768000.0,0.0,446606570.5720344
B,1926,35,80,0,15768000.0,0.0,446606570.5720344
B,1927,35,80,0,15768000.0,0.0,446606570.5720344
B,1928,35,80,0,15768000.0,0.0,446606570.5720344
B,1929,35,80,0,15768000.0,0.0,446606570.5720344
B,1930,35,80,0,15768000.0,0.0,446606570.5720344
B,1931,35,80,0,15768000.0,0.0,446606570.5720344
B,1932,35,80,0,15768000.0,0.0,446606570.5720344
B,1933,35,80,0,15768000.0,0.0,446606570.5720344
B,1934,35,80,0,15768000.0,0.0,446606570.5720344
B,1935,35,80,0,15768000.0,0.0,446606570.5720344
B,1936,35,80,0,15768000.0,0.0,446606570.5720344
B,1937,35,80,0,15768000.0,0.0,446606570.5720344
B,1938,35,80,0,15768000.0,0.0,446606570.5720344
B,1939,35,80,0,15768000.0,0.0,446606570.5720344
B,1940,35,80,0,15768000.0,0.0,446606570.5720344
B,1941,35,80,0,15768000.0,0.0,446606570.5720344
B,1942,35,80,0,15768000.0,0.0,446606570.5720344
B,1943,35,80,0,15768000.0,0.0,446606570.5720344
B,1944,35,80,0,15768000.0,0.0,446606570.5720344
B,1945,35,80,0,15768000.0,0.0,446606570.5720344
B,1946,35,80,0,15768000.0,0.0,446606570.5720344
B,1947,35,80,0,15768000.0,0.0,446606570.5720344
B,1948,35,80,0,15768000.0,0.0,446606570.5720344
B,1949,35,80,0,15768000.0,0.0,446606570.5720344
B,1950,35,80,0,15768000.0,0.0,446606570.5720344
B,1951,35,80,0,15768000.0,0.0,446606570.5720344
B,1952,35,80,0,15768000.0,0.0,446606570.5720344
B,1953,35,80,0,15768000.0,0.0,446606570.5720344
B,1954,35,80,0,15768000.0,0.0,446606570.5720344
B,1955,35,80,0,15768000.0,0.0,446606570.5720344
B,1956,35,80,0,15768000.0,0.0,446606570.5720344
B,1957,35,80,0,15768000.0,0.0,446606570.5720344
B,1958,35,80,0,15768000.0,0.0,446606570.5720344
B,1959,35,80,0,15768000.0,0.0,446606570.5720344
B,1960,35,80,0,15768000.0,0.0,446606570.5720344
B,1961,35,80,0,15768000.0,0.0,446606570.5720344
B,1962,35,80,0,15768000.0,0.0,446606570.5720344
B,1963,35,80,0,15768000.0,0.0,446606570.5720344
B,1964,35,80,0,15768000.0,0.0,446606570.5720344
B,1965,35,80,0,15768000.0,0.0,446606570.5720344
B,1966,35,80,0,15768000.0,0.0,446606570.5720344
B,1967,35,80,0,15768000.0,0.0,446606570.5720344
B,1968,35,80,0,15768000.0,0.0,446606570.5720344
B,1969,35,80,0,15768000.0,0.0,446606570.5720344
B,1970,35,80,0,15768000.0,0.0,446606570.5720344
B,1971,35,80,0,15768000.0,0.0,446606570.5720344
B,1972,35,80,0,15768000.0,0.0,446606570.5720344
B,1973,35,80,0,15768000.0,0.0,446606570.5720344
B,1974,35,80,0,15768000.0,0.0,446606570.5720344
B,1975,35,80,0,15768000.0,0.0,446606570.5720344
B,1976,35,80,0,15768000.0,0.0,446606570.5720344
B,1977,35,80,0,15768000.0,0.0,446606570.5720344
B,1978,35,80,0,15768000.0,0.0,446606570.5720344
B,1979,35,80,0,15768000.0,0.0,446606570.5720344
B,1980,35,80,0,15768000.0,0.0,446606570.5720344
B,1981,35,80,0,15768000.0,0.0,446606570.5720344
B,1982,35,80,0,15768000.0,0.0,446606570.5720344
B,1983,35,80,0,15768000.0,0.0,446606570.5720344
B,1984,35,80,0,15768000.0,0.0,446606570.5720344
B,1985,35,80,0,15768000.0,0.0,446606570.5720344
B,1986,35,80,0,15768000.0,0.0,446606570.5720344
B,1987,35,80,0,15768000.0,0.0,446606570.5720344
B,1988,35,80,0,15768000.0,0.0,446606570.5720344
B,1989,35,80,0,15768000.0,0.0,446606570.5720344
B,1990,35,80,0,15768000.0,0.0,446606570.5720344
B,1991,35,80,0,15768000.0,0.0,446606570.5720344
B,1992,35,80,0,15768000.0,0.0,446606570.5720344
B,1993,35,80,0,15768000.0,0.0,446606570.5720344
B,1994,35,80,0,15768000.0,0.0,446606570.5720344
B,1995,35,80,0,15768000.0,0.0,446606570.5720344
B,1996,35,80,0,15768000.0,0.0,446606570.5720344
B,1997,35,80,0,15768000.0,0.0,446606570.5720344
B,1998,35,80,0,15768000.0,0.0,446606570.5720344
B,1999,35,80,0,15768000.0,0.0,446606570.5720344
B,2000,35,80,0,15768000.0,0.0,446606570.5720344
B,2001,35,80,0,15768000.0,0.0,446606570.5720344
B,2002,35,80,0,15768000.0,0.0,446606570.5720344
B,2003,35,80,0,15768000.0,0.0,446606570.5720344
B,2004,35,80,0,15768000.0,0.0,446606570.5720344
B,2005,35,80,0,15768000.0,0.0,446606570.5720344
B,2006,35,80,0,15768000.0,0.0,446606570.5720344
B,2007,35,80,0,15768000.0,0.0,446606570.5720344
B,2008,35,80,0,15768000.0,0.0,446606570.5720344
B,2009,35,80,0,15768000.0,0.0,446606570.5720344
B,2010,35,80,0,15768000.0,0.0,446606570.5720344
B,2011,35,80,0,15768000.0,0.0,446606570.5720344
B,2012,35,80,0,15768000.0,0.0,446606570.5720344
B,2013,35,80,0,15768000.0,0.0,446606570.5720344
B,2014,35,80,0,15768000.0,0.0,446606570.5720344
B,2015,35,80,0,15768000.0,0.0,446606570.5720344
B,2016,35,80,0,15768000.0,0.0,446606570.5720344
B,2017,35,80,0,15768000.0,0.0,446606570.5720344
B,2018,35,80,0,15768000.0,0.0,446606570.5720344
B,2019,35,80,0,15768000.0,0.0,446606570.5720344
B,2020,35,80,0,15768000.0,0.0,446606570.5720344
B,2021,35,80,0,15768000.0,0.0,446606570.5720344
B,2022,35,80,0,15768000.0,0.0,446606570.5720344
B,2023,35,80,0,15768000.0,0.0,446606570.5720344
B,2024,35,80,0,15768000.0,0.0,446606570.5720344
B,2025,35,80,0,15768000.0,0.0,446606570.5720344
B,2026,35,80,0,15768000.0,0.0,446606570.5720344
B,2027,35,80,0,15768000.0,0.0,446606570.5720344
B,2028,35,80,0,15768000.0,0.0,446606570.5720344
B,2029,35,80,0,15768000.0,0.0,446606570.5720344
B,2030,35,80,0,15768000.0,0.0,446606570.5720344
B,2031,35,80,0,15768000.0,0.0,446606570.5720344
B,2032,35,80,0,15768000.0,0.0,446606570.5720344
B,2033,35,80,0,15768000.0,0.0,446606570.5720344
B,2034,35,80,0,15768000.0,0.0,446606570.5720344
B,2035,35,80,0,15768000.0,0.0,446606570.5720344
B,2036,35,80,0,15768000.0,0.0,446606570.5720344
B,2037,35,80,0,15768000.0,0.0,446606570.5720344
B,2038,35,80,0,15768000.0,0.0,446606570.5720344
B,2039,35,80,0,15768000.0,0.0,446606570.5720344
B,2040,35,80,0,15768000.0,0.0,446606570.5720344
B,2041,35,80,0,15768000.0,0.0,446606570.5720344
B,2042,35,80,0,15768000.0,0.0,446606570.5720344
B,2043,35,80,0,15768000.0,0.0,446606570.5720344
B,2044,35,80,0,15768000.0,0.0,446606570.5720344
B,2045,35,80,0,15768000.0,0.0,446606570.5720344
B,2046,35,80,0,15768000.0,0.0,446606570.5720344
B,2047,35,80,0,15768000.0,0.0,446606570.5720344
B,2048,35,80,0,15768000.0,0.0,446606570.5720344
B,2049,35,80,0,15768000.0,0.0,446606570.5720344
B,2050,35,80,0,15768000.0,0.0,446606570.5720344
B,2051,35,80,0,15768000.0,0.0,446606570.5720344
B,2052,35,80,0,15768000.0,0.0,446606570.5720344
B,2053,35,80,0,15768000.0,0.0,446606570.5720344
B,2054,35,80,0,15768000.0,0.0,446606570.5720344
B,2055,35,80,0,15768000.0,0.0,446606570.5720344
B,2056,35,80,0,15768000.0,0.0,446606570.5720344
B,2057,35,80,0,15768000.0,0.0,446606570.5720344
B,2058,35,80,0,15768000.0,0.0,446606570.5720344
B,2059,35,80,0,15768000.0,0.0,446606570.5720344
B,2060,35,80,0,15768000.0,0.0,446606570.5720344
B,2061,35,80,0,15768000.0,0.0,446606570.5720344
B,2062,35,80,0,15768000.0,0.0,446606570.5720344
B,2063,35,80,0,15768000.0,0.0,446606570.5720344
B,2064,35,80,0,15768000.0,0.0,446606570.5720344
B,2065,35,80,0,15768000.0,0.0,446606570.5720344
B,2066,35,80,0,15768000.0,0.0,446606570.5720344
B,2067,35,80,0,15768000.0,0.0,446606570.5720344
B,2068,35,80,0,15768000.0,0.0,446606570.5720344
B,2069,35,80,0,15768000.0,0.0,446606570.5720344
B,2070,35,80,0,15768000.0,0.0,446606570.5720344
B,2071,35,80,0,15768000.0,0.0,446606570.5720344
B,2072,35,80,0,15768000.0,0.0,446606570.5720344
B,2073,35,80,0,15768000.0,0.0,446606570.5720344
B,2074,35,80,0,15768000.0,0.0,446606570.5720344
B,2075,35,80,0,15768000.0,0.0,446606570.5720344
B,2076,35,80,0,15768000.0,0.0,446606570.5720344
B,2077,35,80,0,15768000.0,0.0,446606570.5720344
B,2078,35,80,0,15768000.0,0.0,446606570.5720344
B,2079,35,80,0,15768000.0,0.0,446606570.5720344
B,2080,35,80,0,15768000.0,0.0,446606570.5720344
B,2081,35,80,0,15768000.0,0.0,446606570.5720344
B,2082,35,80,0,15768000.0,0.0,446606570.5720344
B,2083,35,80,0,15768000.0,0.0,446606570.5720344
B,2084,35,80,0,15768000.0,0.0,446606570.5720344
B,2085,35,80,0,15768000.0,0.0,446606570.5720344
B,2086,35,80,0,15768000.0,0.0,446606570.5720344
B,2087,35,80,0,15768000.0,0.0,446606570.5720344
B,2088,35,80,0,15768000.0,0.0,446606570.5720344
B,2089,35,80,0,15768000.0,0.0,446606570.5720344
B,2090,35,80,0,15768000.0,0.0,446606570.5720344
B,2091,35,80,0,15768000.0,0.0,446606570.5720344
B,2092,35,80,0,15768000.0,0.0,446606570.5720344
B,2093,35,80,0,15768000.0,0.0,446606570.5720344
B,2094,35,80,0,15768000.0,0.0,446606570.5720344
B,2095,35,80,0,15768000.0,0.0,446606570.5720344
B,2096,35,80,0,15768000.0,0.0,446606570.5720344
B,2097,35,80,0,15768000.0,0.0,446606570.5720344
B,2098,35,80,0,15768000.0,0.0,446606570.5720344
B,2099,35,80,0,15768000.0,0.0,446606570.5720344
B,2100,35,80,0,15768000.0,0.0,446606570.5720344
B,2101,35,80,0,15768000.0,0.0,446606570.5720344
B,2102,35,80,0,15768000.0,0.0,446606570.5720344
B,2103,35,80,0,15768000.0,0.0,446606570.5720344
B,2104,35,80,0,15768000.0,0.0,446606570.5720344
B,2105,35,80,0,15768000.0,0.0,446606570.5720344
B,2106,35,80,0,15768000.0,0.0,446606570.5720344
B,2107,35,80,0,15768000.0,0.0,446606570.5720344
B,2108,35,80,0,15768000.0,0.0,446606570.5720344
B,2109,35,80,0,15768000.0,0.0,446606570.5720344
B,2110,35,80,0,15768000.0,0.0,446606570.5720344
B,2111,35,80,0,15768000.0,0.0,446606570.5720344
B,2112,35,80,0,15768000.0,0.0,446606570.5720344
B,2113,35,80,0,15768000.0,0.0,446606570.5720344
B,2114,35,80,0,15768000.0,0.0,446606570.5720344
B,2115,35,80,0,15768000.0,0.0,446606570.5720344
B,2116,35,80,0,15768000.0,0.0,446606570.5720344
B,2117,35,80,0,15768000.0,0.0,446606570.5720344
B,2118,35,80,0,15768000.0,0.0,446606570.5720344
B,2119,35,80,0,15768000.0,0.0,446606570.5720344
B,2120,35,80,0,15768000.0,0.0,446606570.5720344
B,2121,35,80,0,15768000.0,0.0,446606570.5720344
B,2122,35,80,0,15768000.0,0.0,446606570.5720344
B,2123,35,80,0,15768000.0,0.0,446606570.5720344
B,2124,35,80,0,15768000.0,0.0,446606570.5720344
B,2125,35,80,0,15768000.0,0.0,446606570.5720344
B,2126,35,80,0,15768000.0,0.0,446606570.5720344
B,2127,35,80,0,15768000.0,0.0,446606570.5720344
B,2128,35,80,0,15768000.0,0.0,446606570.5720344
B,2129,35,80,0,15768000.0,0.0,446606570.5720344
B,2130,35,80,0,15768000.0,0.0,446606570.5720344
B,2131,35,80,0,15768000.0,0.0,446606570.5720344
B,2132,35,80,0,15768000.0,0.0,446606570.5720344
B,2133,35,80,0,15768000.0,0.0,446606570.5720344
B,2134,35,80,0,15768000.0,0.0,446606570.5720344
B,2135,35,80,0,15768000.0,0.0,446606570.5720344
B,2136,35,80,0,15768000.0,0.0,446606570.5720344
B,2137,35,80,0,15768000.0,0.0,446606570.5720344
B,2138,35,80,0,15768000.0,0.0,446606570.5720344
B,2139,35,80,0,15768000.0,0.0,446606570.5720344
B,2140,35,80,0,15768000.0,0.0,446606570.5720344
B,2141,35,80,0,15768000.0,0.0,446606570.5720344
B,2142,35,80,0,15768000.0,0.0,446606570.5720344
B,2143,35,80,0,15768000.0,0.0,446606570.5720344
B,2144,35,80,0,15768000.0,0.0,446606570.5720344
B,2145,35,80,0,15768000.0,0.0,446606570.5720344
B,2146,35,80,0,15768000.0,0.0,446606570.5720344
B,2147,35,80,0,15768000.0,0.0,446606570.5720344
B,2148,35,80,0,15768000.0,0.0,446606570.5720344
B,2149,35,80,0,15768000.0,0.0,446606570.5720344
B,2150,35,80,0,15768000.0,0.0,446606570.5720344
B,2151,35,80,0,15768000.0,0.0,446606570.5720344
B,2152,35,80,0,15768000.0,0.0,446606570.5720344
B,2153,35,80,0,15768000.0,0.0,446606570.5720344
B,2154,35,80,0,15768000.0,0.0,446606570.5720344
B,2155,35,80,0,15768000.0,0.0,446606570.5720344
B,2156,35,80,0,15768000.0,0.0,446606570.5720344
B,2157,35,80,0,15768000.0,0.0,446606570.5720344
B,2158,35,80,0,15768000.0,0.0,446606570.5720344
B,2159,35,80,0,15768000.0,0.0,446606570.5720344
B,2160,35,80,0,15768000.0,0.0,446606570.5720344
B,2161,35,80,0,15768000.0,0.0,446606570.5720344
B,2162,35,80,0,15768000.0,0.0,446606570.5720344
B,2163,35,80,0,15768000.0,0.0,446606570.5720344
B,2164,35,80,0,15768000.0,0.0,446606570.5720344
B,2165,35,80,0,15768000.0,0.0,446606570.5720344
B,2166,35,80,0,15768000.0,0.0,446606570.5720344
B,2167,35,80,0,15768000.0,0.0,446606570.5720344
B,2168,35,80,0,15768000.0,0.0,446606570.5720344
B,2169,35,80,0,15768000.0,0.0,446606570.5720344
B,2170,35,80,0,15768000.0,0.0,446606570.5720344
B,2171,35,80,0,15768000.0,0.0,446606570.5720344
B,2172,35,80,0,15768000.0,0.0,446606570.5720344
B,2173,35,80,0,15768000.0,0.0,446606570.5720344
B,2174,35,80,0,15768000.0,0.0,446606570.5720344
B,2175,35,80,0,15768000.0,0.0,446606570.5720344
B,2176,35,80,0,15768000.0,0.0,446606570.5720344
B,2177,35,80,0,15768000.0,0.0,446606570.5720344
B,2178,35,80,0,15768000.0,0.0,446606570.5720344
B,2179,35,80,0,15768000.0,0.0,446606570.5720344
B,2180,35,80,0,15768000.0,0.0,446606570.5720344
B,2181,35,80,0,15768000.0,0.0,446606570.5720344
B,2182,35,80,0,15768000.0,0.0,446606570.5720344
B,2183,35,80,0,15768000.0,0.0,446606570.5720344
B,2184,35,80,0,15768000.0,0.0,446606570.5720344
B,2185,35,80,0,15768000.0,0.0,446606570.5720344
B,2186,35,80,0,15768000.0,0.0,446606570.5720344
B,2187,35,80,0,15768000.0,0.0,446606570.5720344
B,2188,35,80,0,15768000.0,0.0,446606570.5720344
B,2189,35,80,0,15768000.0,0.0,446606570.5720344
B,2190,35,80,0,15768000.0,0.0,446606570.5720344
B,2191,35,80,0,15768000.0,0.0,446606570.5720344
B,2192,35,80,0,15768000.0,0.0,446606570.5720344
B,2193,35,80,0,15768000.0,0.0,446606570.5720344
B,2194,35,80,0,15768000.0,0.0,446606570.5720344
B,2195,35,80,0,15768000.0,0.0,446606570.5720344
B,2196,35,80,0,15768000.0,0.0,446606570.5720344
B,2197,35,80,0,15768000.0,0.0,446606570.5720344
B,2198,35,80,0,15768000.0,0.0,446606570.5720344
B,2199,35,80,0,15768000.0,0.0,446606570.5720344
B,2200,35,80,0,15768000.0,0.0,446606570.5720344
B,2201,35,80,0,15768000.0,0.0,446606570.5720344
B,2202,35,80,0,15768000.0,0.0,446606570.5720344
B,2203,35,80,0,15768000.0,0.0,446606570.5720344
B,2204,35,80,0,15768000.0,0.0,446606570.5720344
B,2205,35,80,0,15768000.0,0.0,446606570.5720344
B,2206,35,80,0,15768000.0,0.0,446606570.5720344
B,2207,35,80,0,15768000.0,0.0,446606570.5720344
B,2208,35,80,0,15768000.0,0.0,446606570.5720344
B,2209,35,80,0,15768000.0,0.0,446606570.5720344
B,2210,35,80,0,15768000.0,0.0,446606570.5720344
B,2211,35,80,0,15768000.0,0.0,446606570.5720344
B,2212,35,80,0,15768000.0,0.0,446606570.5720344
B,2213,35,80,0,15768000.0,0.0,446606570.5720344
B,2214,35,80,0,15768000.0,0.0,446606570.5720344
B,2215,35,80,0,15768000.0,0.0,446606570.5720344
B,2216,35,80,0,15768000.0,0.0,446606570.5720344
B,2217,35,80,0,15768000.0,0.0,446606570.5720344
B,2218,35,80,0,15768000.0,0.0,446606570.5720344
B,2219,35,80,0,15768000.0,0.0,446606570.5720344
B,2220,35,80,0,15768000.0,0.0,446606570.5720344
B,2221,35,80,0,15768000.0,0.0,446606570.5720344
B,2222,35,80,0,15768000.0,0.0,446606570.5720344
B,2223,35,80,0,15768000.0,0.0,446606570.5720344
B,2224,35,80,0,15768000.0,0.0,446606570.5720344
B,2225,35,80,0,15768000.0,0.0,446606570.5720344
B,2226,35,80,0,15768000.0,0.0,446606570.5720344
B,2227,35,80,0,15768000.0,0.0,446606570.5720344
B,2228,35,80,0,15768000.0,0.0,446606570.5720344
B,2229,35,80,0,15768000.0,0.0,446606570.5720344
B,2230,35,80,0,15768000.0,0.0,446606570.5720344
B,2231,35,80,0,15768000.0,0.0,446606570.5720344
B,2232,35,80,0,15768000.0,0.0,446606570.5720344
B,2233,35,80,0,15768000.0,0.0,446606570.5720344
B,2234,35,80,0,15768000.0,0.0,446606570.5720344
B,2235,35,80,0,15768000.0,0.0,446606570.5720344
B,2236,35,80,0,15768000.0,0.0,446606570.5720344
B,2237,35,80,0,15768000.0,0.0,446606570.5720344
B,2238,35,80,0,15768000.0,0.0,446606570.5720344
B,2239,35,80,0,15768000.0,0.0,446606570.5720344
B,2240,35,80,0,15768000.0,0.0,446606570.5720344
B,2241,35,80,0,15768000.0,0.0,446606570.5720344
B,2242,35,80,0,15768000.0,0.0,446606570.5720344
B,2243,35,80,0,15768000.0,0.0,446606570.5720344
B,2244,35,80,0,15768000.0,0.0,446606570.5720344
B,2245,35,80,0,15768000.0,0.0,446606570.5720344
B,2246,35,80,0,15768000.0,0.0,446606570.5720344
B,2247,35,80,0,15768000.0,0.0,446606570.5720344
B,2248,35,80,0,15768000.0,0.0,446606570.5720344
B,2249,35,80,0,15768000.0,0.0,446606570.5720344
B,2250,35,80,0,15768000.0,0.0,446606570.5720344
B,2251,35,80,0,15768000.0,0.0,446606570.5720344
B,2252,35,80,0,15768000.0,0.0,446606570.5720344
B,2253,35,80,0,15768000.0,0.0,446606570.5720344
B,2254,35,80,0,15768000.0,0.0,446606570.5720344
B,2255,35,80,0,15768000.0,0.0,446606570.5720344
B,2256,35,80,0,15768000.0,0.0,446606570.5720344
B,2257,35,80,0,15768000.0,0.0,446606570.5720344
B,2258,35,80,0,15768000.0,0.0,446606570.5720344
B,2259,35,80,0,15768000.0,0.0,446606570.5720344
B,2260,35,80,0,15768000.0,0.0,446606570.5720344
B,2261,35,80,0,15768000.0,0.0,446606570.5720344
B,2262,35,80,0,15768000.0,0.0,446606570.5720344
B,2263,35,80,0,15768000.0,0.0,446606570.5720344
B,2264,35,80,0,15768000.0,0.0,446606570.5720344
B,2265,35,80,0,15768000.0,0.0,446606570.5720344
B,2266,35,80,0,15768000.0,0.0,446606570.5720344
B,2267,35,80,0,15768000.0,0.0,446606570.5720344
B,2268,35,80,0,15768000.0,0.0,446606570.5720344
B,2269,35,80,0,15768000.0,0.0,446606570.5720344
B,2270,35,80,0,15768000.0,0.0,446606570.5720344
B,2271,35,80,0,15768000.0,0.0,446606570.5720344
B,2272,35,80,0,15768000.0,0.0,446606570.5720344
B,2273,35,80,0,15768000.0,0.0,446606570.5720344
B,2274,35,80,0,15768000.0,0.0,446606570.5720344
B,2275,35,80,0,15768000.0,0.0,446606570.5720344
B,2276,35,80,0,15768000.0,0.0,446606570.5720344
B,2277,35,80,0,15768000.0,0.0,446606570.5720344
B,2278,35,80,0,15768000.0,0.0,446606570.5720344
B,2279,35,80,0,15768000.0,0.0,446606570.5720344
B,2280,35,80,0,15768000.0,0.0,446606570.5720344
B,2281,35,80,0,15768000.0,0.0,446606570.5720344
B,2282,35,80,0,15768000.0,0.0,446606570.5720344
B,2283,35,80,0,15768000.0,0.0,446606570.5720344
B,2284,35,80,0,15768000.0,0.0,446606570.5720344
B,2285,35,80,0,15768000.0,0.0,446606570.5720344
B,2286,35,80,0,15768000.0,0.0,446606570.5720344
B,2287,35,80,0,15768000.0,0.0,446606570.5720344
B,2288,35,80,0,15768000.0,0.0,446606570.5720344
B,2289,35,80,0,15768000.0,0.0,446606570.5720344
B,2290,35,80,0,15768000.0,0.0,446606570.5720344
B,2291,35,80,0,15768000.0,0.0,446606570.5720344
B,2292,35,80,0,15768000.0,0.0,446606570.5720344
B,2293,35,80,0,15768000.0,0.0,446606570.5720344
B,2294,35,80,0,15768000.0,0.0,446606570.5720344
B,2295,35,80,0,15768000.0,0.0,446606570.5720344
B,2296,35,80,0,15768000.0,0.0,446606570.5720344
B,2297,35,80,0,15768000.0,0.0,446606570.5720344
B,2298,35,80,0,15768000.0,0.0,446606570.5720344
B,2299,35,80,0,15768000.0,0.0,446606570.5720344
B,2300,35,80,0,15768000.0,0.0,446606570.5720344
B,2301,35,80,0,15768000.0,0.0,446606570.5720344
B,2302,35,80,0,15768000.0,0.0,446606570.5720344
B,2303,35,80,0,15768000.0,0.0,446606570.5720344
B,2304,35,80,0,15768000.0,0.0,446606570.5720344
B,2305,35,80,0,15768000.0,0.0,446606570.5720344
B,2306,35,80,0,15768000.0,0.0,446606570.5720344
B,2307,35,80,0,15768000.0,0.0,446606570.5720344
B,2308,35,80,0,15768000.0,0.0,446606570.5720344
B,2309,35,80,0,15768000.0,0.0,446606570.5720344
B,2310,35,80,0,15768000.0,0.0,446606570.5720344
B,2311,35,80,0,15768000.0,0.0,446606570.5720344
B,2312,35,80,0,15768000.0,0.0,446606570.5720344
B,2313,35,80,0,15768000.0,0.0,446606570.5720344
B,2314,35,80,0,15768000.0,0.0,446606570.5720344
B,2315,35,80,0,15768000.0,0.0,446606570.5720344
B,2316,35,80,0,15768000.0,0.0,446606570.5720344
B,2317,35,80,0,15768000.0,0.0,446606570.5720344
B,2318,35,80,0,15768000.0,0.0,446606570.5720344
B,2319,35,80,0,15768000.0,0.0,446606570.5720344
B,2320,35,80,0,15768000.0,0.0,446606570.5720344
B,2321,35,80,0,15768000.0,0.0,446606570.5720344
B,2322,35,80,0,15768000.0,0.0,446606570.5720344
B,2323,35,80,0,15768000.0,0.0,446606570.5720344
B,2324,35,80,0,15768000.0,0.0,446606570.5720344
B,2325,35,80,0,15768000.0,0.0,446606570.5720344
B,2326,35,80,0,15768000.0,0.0,446606570.5720344
B,2327,35,80,0,15768000.0,0.0,446606570.5720344
B,2328,35,80,0,15768000.0,0.0,446606570.5720344
B,2329,35,80,0,15768000.0,0.0,446606570.5720344
B,2330,35,80,0,15768000.0,0.0,446606570.5720344
B,2331,35,80,0,15768000.0,0.0,446606570.5720344
B,2332,35,80,0,15768000.0,0.0,446606570.5720344
B,2333,35,80,0,15768000.0,0.0,446606570.5720344
B,2334,35,80,0,15768000.0,0.0,446606570.5720344
B,2335,35,80,0,15768000.0,0.0,446606570.5720344
B,2336,35,80,0,15768000.0,0.0,446606570.5720344
B,2337,35,80,0,15768000.0,0.0,446606570.5720344
B,2338,35,80,0,15768000.0,0.0,446606570.5720344
B,2339,35,80,0,15768000.0,0.0,446606570.5720344
B,2340,35,80,0,15768000.0,0.0,446606570.5720344
B,2341,35,80,0,15768000.0,0.0,446606570.5720344
B,2342,35,80,0,15768000.0,0.0,446606570.5720344
B,2343,35,80,0,15768000.0,0.0,446606570.5720344
B,2344,35,80,0,15768000.0,0.0,446606570.5720344
B,2345,35,80,0,15768000.0,0.0,446606570.5720344
B,2346,35,80,0,15768000.0,0.0,446606570.5720344
B,2347,35,80,0,15768000.0,0.0,446606570.5720344
B,2348,35,80,0,15768000.0,0.0,446606570.5720344
B,2349,35,80,0,15768000.0,0.0,446606570.5720344
B,2350,35,80,0,15768000.0,0.0,446606570.5720344
B,2351,35,80,0,15768000.0,0.0,446606570.5720344
B,2352,35,80,0,15768000.0,0.0,446606570.5720344
B,2353,35,80,0,15768000.0,0.0,446606570.5720344
B,2354,35,80,0,15768000.0,0.0,446606570.5720344
B,2355,35,80,0,15768000.0,0.0,446606570.5720344
B,2356,35,80,0,15768000.0,0.0,446606570.5720344
B,2357,35,80,0,15768000.0,0.0,446606570.5720344
B,2358,35,80,0,15768000.0,0.0,446606570.5720344
B,2359,35,80,0,15768000.0,0.0,446606570.5720344
B,2360,35,80,0,15768000.0,0.0,446606570.5720344
B,2361,35,80,0,15768000.0,0.0,446606570.5720344
B,2362,35,80,0,15768000.0,0.0,446606570.5720344
B,2363,35,80,0,15768000.0,0.0,446606570.5720344
B,2364,35,80,0,15768000.0,0.0,446606570.5720344
B,2365,35,80,0,15768000.0,0.0,446606570.5720344
B,2366,35,80,0,15768000.0,0.0,446606570.5720344
B,2367,35,80,0,15768000.0,0.0,446606570.5720344
B,2368,35,80,0,15768000.0,0.0,446606570.5720344
B,2369,35,80,0,15768000.0,0.0,446606570.5720344
B,2370,35,80,0,15768000.0,0.0,446606570.5720344
B,2371,35,80,0,15768000.0,0.0,446606570.5720344
B,2372,35,80,0,15768000.0,0.0,446606570.5720344
B,2373,35,80,0,15768000.0,0.0,446606570.5720344
B,2374,35,80,0,15768000.0,0.0,446606570.5720344
B,2375,35,80,0,15768000.0,0.0,446606570.5720344
B,2376,35,80,0,15768000.0,0.0,446606570.5720344
B,2377,35,80,0,15768000.0,0.0,446606570.5720344
B,2378,35,80,0,15768000.0,0.0,446606570.5720344
B,2379,35,80,0,15768000.0,0.0,446606570.5720344
B,2380,35,80,0,15768000.0,0.0,446606570.5720344
B,2381,35,80,0,15768000.0,0.0,446606570.5720344
B,2382,35,80,0,15768000.0,0.0,446606570.5720344
B,2383,35,80,0,15768000.0,0.0,446606570.5720344
B,2384,35,80,0,15768000.0,0.0,446606570.5720344
B,2385,35,80,0,15768000.0,0.0,446606570.5720344
B,2386,35,80,0,15768000.0,0.0,446606570.5720344
B,2387,35,80,0,15768000.0,0.0,446606570.5720344
B,2388,35,80,0,15768000.0,0.0,446606570.5720344
B,2389,35,80,0,15768000.0,0.0,446606570.5720344
B,2390,35,80,0,15768000.0,0.0,446606570.5720344
B,2391,35,80,0,15768000.0,0.0,446606570.5720344
B,2392,35,80,0,15768000.0,0.0,446606570.5720344
B,2393,35,80,0,15768000.0,0.0,446606570.5720344
B,2394,35,80,0,15768000.0,0.0,446606570.5720344
B,2395,35,80,0,15768000.0,0.0,446606570.5720344
B,2396,35,80,0,15768000.0,0.0,446606570.5720344
B,2397,35,80,0,15768000.0,0.0,446606570.5720344
B,2398,35,80,0,15768000.0,0.0,446606570.5720344
B,2399,35,80,0,15768000.0,0.0,446606570.5720344
B,2400,35,80,0,15768000.0,0.0,446606570.5720344
B,2401,35,80,0,15768000.0,0.0,446606570.5720344
B,2402,35,80,0,15768000.0,0.0,446606570.5720344
B,2403,35,80,0,15768000.0,0.0,446606570.5720344
B,2404,35,80,0,15768000.0,0.0,446606570.5720344
B,2405,35,80,0,15768000.0,0.0,446606570.5720344
B,2406,35,80,0,15768000.0,0.0,446606570.5720344
B,2407,35,80,0,15768000.0,0.0,446606570.5720344
B,2408,35,80,0,15768000.0,0.0,446606570.5720344
B,2409,35,80,0,15768000.0,0.0,446606570.5720344
B,2410,35,80,0,15768000.0,0.0,446606570.5720344
B,2411,35,80,0,15768000.0,0.0,446606570.5720344
B,2412,35,80,0,15768000.0,0.0,446606570.5720344
B,2413,35,80,0,15768000.0,0.0,446606570.5720344
B,2414,35,80,0,15768000.0,0.0,446606570.5720344
B,2415,35,80,0,15768000.0,0.0,446606570.5720344
B,2416,35,80,0,15768000.0,0.0,446606570.5720344
B,2417,35,80,0,15768000.0,0.0,446606570.5720344
B,2418,35,80,0,15768000.0,0.0,446606570.5720344
B,2419,35,80,0,15768000.0,0.0,446606570.5720344
B,2420,35,80,0,15768000.0,0.0,446606570.5720344
B,2421,35,80,0,15768000.0,0.0,446606570.5720344
B,2422,35,80,0,15768000.0,0.0,446606570.5720344
B,2423,35,80,0,15768000.0,0.0,446606570.5720344
B,2424,35,80,0,15768000.0,0.0,446606570.5720344
B,2425,35,80,0,15768000.0,0.0,446606570.5720344
B,2426,35,80,0,15768000.0,0.0,446606570.5720344
B,2427,35,80,0,15768000.0,0.0,446606570.5720344
B,2428,35,80,0,15768000.0,0.0,446606570.5720344
B,2429,35,80,0,15768000.0,0.0,446606570.5720344
B,2430,35,80,0,15768000.0,0.0,446606570.5720344
B,2431,35,80,0,15768000.0,0.0,446606570.5720344
B,2432,35,80,0,15768000.0,0.0,446606570.5720344
B,2433,35,80,0,15768000.0,0.0,446606570.5720344
B,2434,35,80,0,15768000.0,0.0,446606570.5720344
B,2435,35,80,0,15768000.0,0.0,446606570.5720344
B,2436,35,80,0,15768000.0,0.0,446606570.5720344
B,2437,35,80,0,15768000.0,0.0,446606570.5720344
B,2438,35,80,0,15768000.0,0.0,446606570.5720344
B,2439,35,80,0,15768000.0,0.0,446606570.5720344
B,2440,35,80,0,15768000.0,0.0,446606570.5720344
B,2441,35,80,0,15768000.0,0.0,446606570.5720344
B,2442,35,80,0,15768000.0,0.0,446606570.5720344
B,2443,35,80,0,15768000.0,0.0,446606570.5720344
B,2444,35,80,0,15768000.0,0.0,446606570.5720344
B,2445,35,80,0,15768000.0,0.0,446606570.5720344
B,2446,35,80,0,15768000.0,0.0,446606570.5720344
B,2447,35,80,0,15768000.0,0.0,446606570.5720344
B,2448,35,80,0,15768000.0,0.0,446606570.5720344
B,2449,35,80,0,15768000.0,0.0,446606570.5720344
B,2450,35,80,0,15768000.0,0.0,446606570.5720344
B,2451,35,80,0,15768000.0,0.0,446606570.5720344
B,2452,35,80,0,15768000.0,0.0,446606570.5720344
B,2453,35,80,0,15768000.0,0.0,446606570.5720344
B,2454,35,80,0,15768000.0,0.0,446606570.5720344
B,2455,35,80,0,15768000.0,0.0,446606570.5720344
B,2456,35,80,0,15768000.0,0.0,446606570.5720344
B,2457,35,80,0,15768000.0,0.0,446606570.5720344
B,2458,35,80,0,15768000.0,0.0,446606570.5720344
B,2459,35,80,0,15768000.0,0.0,446606570.5720344
B,2460,35,80,0,15768000.0,0.0,446606570.5720344
B,2461,35,80,0,15768000.0,0.0,446606570.5720344
B,2462,35,80,0,15768000.0,0.0,446606570.5720344
B,2463,35,80,0,15768000.0,0.0,446606570.5720344
B,2464,35,80,0,15768000.0,0.0,446606570.5720344
B,2465,35,80,0,15768000.0,0.0,446606570.5720344
B,2466,35,80,0,15768000.0,0.0,446606570.5720344
B,2467,35,80,0,15768000.0,0.0,446606570.5720344
B,2468,35,80,0,15768000.0,0.0,446606570.5720344
B,2469,35,80,0,15768000.0,0.0,446606570.5720344
B,2470,35,80,0,15768000.0,0.0,446606570.5720344
B,2471,35,80,0,15768000.0,0.0,446606570.5720344
B,2472,35,80,0,15768000.0,0.0,446606570.5720344
B,2473,35,80,0,15768000.0,0.0,446606570.5720344
B,2474,35,80,0,15768000.0,0.0,446606570.5720344
B,2475,35,80,0,15768000.0,0.0,446606570.5720344
B,2476,35,80,0,15768000.0,0.0,446606570.5720344
B,2477,35,80,0,15768000.0,0.0,446606570.5720344
B,2478,35,80,0,15768000.0,0.0,446606570.5720344
B,2479,35,80,0,15768000.0,0.0,446606570.5720344
B,2480,35,80,0,15768000.0,0.0,446606570.5720344
B,2481,35,80,0,15768000.0,0.0,446606570.5720344
B,2482,35,80,0,15768000.0,0.0,446606570.5720344
B,2483,35,80,0,15768000.0,0.0,446606570.5720344
B,2484,35,80,0,15768000.0,0.0,446606570.5720344
B,2485,35,80,0,15768000.0,0.0,446606570.5720344
B,2486,35,80,0,15768000.0,0.0,446606570.5720344
B,2487,35,80,0,15768000.0,0.0,446606570.5720344
B,2488,35,80,0,15768000.0,0.0,446606570.5720344
B,2489,35,80,0,15768000.0,0.0,446606570.5720344
B,2490,35,80,0,15768000.0,0.0,446606570.5720344
B,2491,35,80,0,15768000.0,0.0,446606570.5720344
B,2492,35,80,0,15768000.0,0.0,446606570.5720344
B,2493,35,80,0,15768000.0,0.0,446606570.5720344
B,2494,35,80,0,15768000.0,0.0,446606570.5720344
B,2495,35,80,0,15768000.0,0.0,446606570.5720344
B,2496,35,80,0,15768000.0,0.0,446606570.5720344
B,2497,35,80,0,15768000.0,0.0,446606570.5720344
B,2498,35,80,0,15768000.0,0.0,446606570.5720344
B,2499,35,80,0,15768000.0,0.0,446606570.5720344
B,2500,35,80,0,15768000.0,0.0,446606570.5720344
B,2501,35,80,0,15768000.0,0.0,446606570.5720344
B,2502,35,80,0,15768000.0,0.0,446606570.5720344
B,2503,35,80,0,15768000.0,0.0,446606570.5720344
B,2504,35,80,0,15768000.0,0.0,446606570.5720344
B,2505,35,80,0,15768000.0,0.0,446606570.5720344
B,2506,35,80,0,15768000.0,0.0,446606570.5720344
B,2507,35,80,0,15768000.0,0.0,446606570.5720344
B,2508,35,80,0,15768000.0,0.0,446606570.5720344
B,2509,35,80,0,15768000.0,0.0,446606570.5720344
B,2510,35,80,0,15768000.0,0.0,446606570.5720344
B,2511,35,80,0,15768000.0,0.0,446606570.5720344
B,2512,35,80,0,15768000.0,0.0,446606570.5720344
B,2513,35,80,0,15768000.0,0.0,446606570.5720344
B,2514,35,80,0,15768000.0,0.0,446606570.5720344
B,2515,35,80,0,15768000.0,0.0,446606570.5720344
B,2516,35,80,0,15768000.0,0.0,446606570.5720344
B,2517,35,80,0,15768000.0,0.0,446606570.5720344
B,2518,35,80,0,15768000.0,0.0,446606570.5720344
B,2519,35,80,0,15768000.0,0.0,446606570.5720344
B,2520,35,80,0,15768000.0,0.0,446606570.5720344
B,2521,35,80,0,15768000.0,0.0,446606570.5720344
B,2522,35,80,0,15768000.0,0.0,446606570.5720344
B,2523,35,80,0,15768000.0,0.0,446606570.5720344
B,2524,35,80,0,15768000.0,0.0,446606570.5720344
B,2525,35,80,0,15768000.0,0.0,446606570.5720344
B,2526,35,80,0,15768000.0,0.0,446606570.5720344
B,2527,35,80,0,15768000.0,0.0,446606570.5720344
B,2528,35,80,0,15768000.0,0.0,446606570.5720344
B,2529,35,80,0,15768000.0,0.0,446606570.5720344
B,2530,35,80,0,15768000.0,0.0,446606570.5720344
B,2531,35,80,0,15768000.0,0.0,446606570.5720344
B,2532,35,80,0,15768000.0,0.0,446606570.5720344
B,2533,35,80,0,15768000.0,0.0,446606570.5720344
B,2534,35,80,0,15768000.0,0.0,446606570.5720344
B,2535,35,80,0,15768000.0,0.0,446606570.5720344
B,2536,35,80,0,15768000.0,0.0,446606570.5720344
B,2537,35,80,0,15768000.0,0.0,446606570.5720344
B,2538,35,80,0,15768000.0,0.0,446606570.5720344
B,2539,35,80,0,15768000.0,0.0,446606570.5720344
B,2540,35,80,0,15768000.0,0.0,446606570.5720344
B,2541,35,80,0,15768000.0,0.0,446606570.5720344
B,2542,35,80,0,15768000.0,0.0,446606570.5720344
B,2543,35,80,0,15768000.0,0.0,446606570.5720344
B,2544,35,80,0,15768000.0,0.0,446606570.5720344
B,2545,35,80,0,15768000.0,0.0,446606570.5720344
B,2546,35,80,0,15768000.0,0.0,446606570.5720344
B,2547,35,80,0,15768000.0,0.0,446606570.5720344
B,2548,35,80,0,15768000.0,0.0,446606570.5720344
B,2549,35,80,0,15768000.0,0.0,446606570.5720344
B,2550,35,80,0,15768000.0,0.0,446606570.5720344
B,2551,35,80,0,15768000.0,0.0,446606570.5720344
B,2552,35,80,0,15768000.0,0.0,446606570.5720344
B,2553,35,80,0,15768000.0,0.0,446606570.5720344
B,2554,35,80,0,15768000.0,0.0,446606570.5720344
B,2555,35,80,0,15768000.0,0.0,446606570.5720344
B,2556,35,80,0,15768000.0,0.0,446606570.5720344
B,2557,35,80,0,15768000.0,0.0,446606570.5720344
B,2558,35,80,0,15768000.0,0.0,446606570.5720344
B,2559,35,80,0,15768000.0,0.0,446606570.5720344
B,2560,35,80,0,15768000.0,0.0,446606570.5720344
B,2561,35,80,0,15768000.0,0.0,446606570.5720344
B,2562,35,80,0,15768000.0,0.0,446606570.5720344
B,2563,35,80,0,15768000.0,0.0,446606570.5720344
B,2564,35,80,0,15768000.0,0.0,446606570.5720344
B,2565,35,80,0,15768000.0,0.0,446606570.5720344
B,2566,35,80,0,15768000.0,0.0,446606570.5720344
B,2567,35,80,0,15768000.0,0.0,446606570.5720344
B,2568,35,80,0,15768000.0,0.0,446606570.5720344
B,2569,35,80,0,15768000.0,0.0,446606570.5720344
B,2570,35,80,0,15768000.0,0.0,446606570.5720344
B,2571,35,80,0,15768000.0,0.0,446606570.5720344
B,2572,35,80,0,15768000.0,0.0,446606570.5720344
B,2573,35,80,0,15768000.0,0.0,446606570.5720344
B,2574,35,80,0,15768000.0,0.0,446606570.5720344
B,2575,35,80,0,15768000.0,0.0,446606570.5720344
B,2576,35,80,0,15768000.0,0.0,446606570.5720344
B,2577,35,80,0,15768000.0,0.0,446606570.5720344
B,2578,35,80,0,15768000.0,0.0,446606570.5720344
B,2579,35,80,0,15768000.0,0.0,446606570.5720344
B,2580,35,80,0,15768000.0,0.0,446606570.5720344
B,2581,35,80,0,15768000.0,0.0,446606570.5720344
B,2582,35,80,0,15768000.0,0.0,446606570.5720344
B,2583,35,80,0,15768000.0,0.0,446606570.5720344
B,2584,35,80,0,15768000.0,0.0,446606570.5720344
B,2585,35,80,0,15768000.0,0.0,446606570.5720344
B,2586,35,80,0,15768000.0,0.0,446606570.5720344
B,2587,35,80,0,15768000.0,0.0,446606570.5720344
B,2588,35,80,0,15768000.0,0.0,446606570.5720344
B,2589,35,80,0,15768000.0,0.0,446606570.5720344
B,2590,35,80,0,15768000.0,0.0,446606570.5720344
B,2591,35,80,0,15768000.0,0.0,446606570.5720344
B,2592,35,80,0,15768000.0,0.0,446606570.5720344
B,2593,35,80,0,15768000.0,0.0,446606570.5720344
B,2594,35,80,0,15768000.0,0.0,446606570.5720344
B,2595,35,80,0,15768000.0,0.0,446606570.5720344
B,2596,35,80,0,15768000.0,0.0,446606570.5720344
B,2597,35,80,0,15768000.0,0.0,446606570.5720344
B,2598,35,80,0,15768000.0,0.0,446606570.5720344
B,2599,35,80,0,15768000.0,0.0,446606570.5720344
B,2600,35,80,0,15768000.0,0.0,446606570.5720344
B,2601,35,80,0,15768000.0,0.0,446606570.5720344
B,2602,35,80,0,15768000.0,0.0,446606570.5720344
B,2603,35,80,0,15768000.0,0.0,446606570.5720344
B,2604,35,80,0,15768000.0,0.0,446606570.5720344
B,2605,35,80,0,15768000.0,0.0,446606570.5720344
B,2606,35,80,0,15768000.0,0.0,446606570.5720344
B,2607,35,80,0,15768000.0,0.0,446606570.5720344
B,2608,35,80,0,15768000.0,0.0,446606570.5720344
B,2609,35,80,0,15768000.0,0.0,446606570.5720344
B,2610,35,80,0,15768000.0,0.0,446606570.5720344
B,2611,35,80,0,15768000.0,0.0,446606570.5720344
B,2612,35,80,0,15768000.0,0.0,446606570.5720344
B,2613,35,80,0,15768000.0,0.0,446606570.5720344
B,2614,35,80,0,15768000.0,0.0,446606570.5720344
B,2615,35,80,0,15768000.0,0.0,446606570.5720344
B,2616,35,80,0,15768000.0,0.0,446606570.5720344
B,2617,35,80,0,15768000.0,0.0,446606570.5720344
B,2618,35,80,0,15768000.0,0.0,446606570.5720344
B,2619,35,80,0,15768000.0,0.0,446606570.5720344
B,2620,35,80,0,15768000.0,0.0,446606570.5720344
B,2621,35,80,0,15768000.0,0.0,446606570.5720344
B,2622,35,80,0,15768000.0,0.0,446606570.5720344
B,2623,35,80,0,15768000.0,0.0,446606570.5720344
B,2624,35,80,0,15768000.0,0.0,446606570.5720344
B,2625,35,80,0,15768000.0,0.0,446606570.5720344
B,2626,35,80,0,15768000.0,0.0,446606570.5720344
B,2627,35,80,0,15768000.0,0.0,446606570.5720344
B,2628,35,80,0,15768000.0,0.0,446606570.5720344
B,2629,35,80,0,15768000.0,0.0,446606570.5720344
B,2630,35,80,0,15768000.0,0.0,446606570.5720344
B,2631,35,80,0,15768000.0,0.0,446606570.5720344
B,2632,35,80,0,15768000.0,0.0,446606570.5720344
B,2633,35,80,0,15768000.0,0.0,446606570.5720344
B,2634,35,80,0,15768000.0,0.0,446606570.5720344
B,2635,35,80,0,15768000.0,0.0,446606570.5720344
B,2636,35,80,0,15768000.0,0.0,446606570.5720344
B,2637,35,80,0,15768000.0,0.0,446606570.5720344
B,2638,35,80,0,15768000.0,0.0,446606570.5720344
B,2639,35,80,0,15768000.0,0.0,446606570.5720344
B,2640,35,80,0,15768000.0,0.0,446606570.5720344
B,2641,35,80,0,15768000.0,0.0,446606570.5720344
B,2642,35,80,0,15768000.0,0.0,446606570.5720344
B,2643,35,80,0,15768000.0,0.0,446606570.5720344
B,2644,35,80,0,15768000.0,0.0,446606570.5720344
B,2645,35,80,0,15768000.0,0.0,446606570.5720344
B,2646,35,80,0,15768000.0,0.0,446606570.5720344
B,2647,35,80,0,15768000.0,0.0,446606570.5720344
B,2648,35,80,0,15768000.0,0.0,446606570.5720344
B,2649,35,80,0,15768000.0,0.0,446606570.5720344
B,2650,35,80,0,15768000.0,0.0,446606570.5720344
B,2651,35,80,0,15768000.0,0.0,446606570.5720344
B,2652,35,80,0,15768000.0,0.0,446606570.5720344
B,2653,35,80,0,15768000.0,0.0,446606570.5720344
B,2654,35,80,0,15768000.0,0.0,446606570.5720344
B,2655,35,80,0,15768000.0,0.0,446606570.5720344
B,2656,35,80,0,15768000.0,0.0,446606570.5720344
B,2657,35,80,0,15768000.0,0.0,446606570.5720344
B,2658,35,80,0,15768000.0,0.0,446606570.5720344
B,2659,35,80,0,15768000.0,0.0,446606570.5720344
B,2660,35,80,0,15768000.0,0.0,446606570.5720344
B,2661,35,80,0,15768000.0,0.0,446606570.5720344
B,2662,35,80,0,15768000.0,0.0,446606570.5720344
B,2663,35,80,0,15768000.0,0.0,446606570.5720344
B,2664,35,80,0,15768000.0,0.0,446606570.5720344
B,2665,35,80,0,15768000.0,0.0,446606570.5720344
B,2666,35,80,0,15768000.0,0.0,446606570.5720344
B,2667,35,80,0,15768000.0,0.0,446606570.5720344
B,2668,35,80,0,15768000.0,0.0,446606570.5720344
B,2669,35,80,0,15768000.0,0.0,446606570.5720344
B,2670,35,80,0,15768000.0,0.0,446606570.5720344
B,2671,35,80,0,15768000.0,0.0,446606570.5720344
B,2672,35,80,0,15768000.0,0.0,446606570.5720344
B,2673,35,80,0,15768000.0,0.0,446606570.5720344
B,2674,35,80,0,15768000.0,0.0,446606570.5720344
B,2675,35,80,0,15768000.0,0.0,446606570.5720344
B,2676,35,80,0,15768000.0,0.0,446606570.5720344
B,2677,35,80,0,15768000.0,0.0,446606570.5720344
B,2678,35,80,0,15768000.0,0.0,446606570.5720344
B,2679,35,80,0,15768000.0,0.0,446606570.5720344
B,2680,35,80,0,15768000.0,0.0,446606570.5720344
B,2681,35,80,0,15768000.0,0.0,446606570.5720344
B,2682,35,80,0,15768000.0,0.0,446606570.5720344
B,2683,35,80,0,15768000.0,0.0,446606570.5720344
B,2684,35,80,0,15768000.0,0.0,446606570.5720344
B,2685,35,80,0,15768000.0,0.0,446606570.5720344
B,2686,35,80,0,15768000.0,0.0,446606570.5720344
B,2687,35,80,0,15768000.0,0.0,446606570.5720344
B,2688,35,80,0,15768000.0,0.0,446606570.5720344
B,2689,35,80,0,15768000.0,0.0,446606570.5720344
B,2690,35,80,0,15768000.0,0.0,446606570.5720344
B,2691,35,80,0,15768000.0,0.0,446606570.5720344
B,2692,35,80,0,15768000.0,0.0,446606570.5720344
B,2693,35,80,0,15768000.0,0.0,446606570.5720344
B,2694,35,80,0,15768000.0,0.0,446606570.5720344
B,2695,35,80,0,15768000.0,0.0,446606570.5720344
B,2696,35,80,0,15768000.0,0.0,446606570.5720344
B,2697,35,80,0,15768000.0,0.0,446606570.5720344
B,2698,35,80,0,15768000.0,0.0,446606570.5720344
B,2699,35,80,0,15768000.0,0.0,446606570.5720344
B,2700,35,80,0,15768000.0,0.0,446606570.5720344
B,2701,35,80,0,15768000.0,0.0,446606570.5720344
B,2702,35,80,0,15768000.0,0.0,446606570.5720344
B,2703,35,80,0,15768000.0,0.0,446606570.5720344
B,2704,35,80,0,15768000.0,0.0,446606570.5720344
B,2705,35,80,0,15768000.0,0.0,446606570.5720344
B,2706,35,80,0,15768000.0,0.0,446606570.5720344
B,2707,35,80,0,15768000.0,0.0,446606570.5720344
B,2708,35,80,0,15768000.0,0.0,446606570.5720344
B,2709,35,80,0,15768000.0,0.0,446606570.5720344
B,2710,35,80,0,15768000.0,0.0,446606570.5720344
B,2711,35,80,0,15768000.0,0.0,446606570.5720344
B,2712,35,80,0,15768000.0,0.0,446606570.5720344
B,2713,35,80,0,15768000.0,0.0,446606570.5720344
B,2714,35,80,0,15768000.0,0.0,446606570.5720344
B,2715,35,80,0,15768000.0,0.0,446606570.5720344
B,2716,35,80,0,15768000.0,0.0,446606570.5720344
B,2717,35,80,0,15768000.0,0.0,446606570.5720344
B,2718,35,80,0,15768000.0,0.0,446606570.5720344
B,2719,35,80,0,15768000.0,0.0,446606570.5720344
B,2720,35,80,0,15768000.0,0.0,446606570.5720344
B,2721,35,80,0,15768000.0,0.0,446606570.5720344
B,2722,35,80,0,15768000.0,0.0,446606570.5720344
B,2723,35,80,0,15768000.0,0.0,446606570.5720344
B,2724,35,80,0,15768000.0,0.0,446606570.5720344
B,2725,35,80,0,15768000.0,0.0,446606570.5720344
B,2726,35,80,0,15768000.0,0.0,446606570.5720344
B,2727,35,80,0,15768000.0,0.0,446606570.5720344
B,2728,35,80,0,15768000.0,0.0,446606570.5720344
B,2729,35,80,0,15768000.0,0.0,446606570.5720344
B,2730,35,80,0,15768000.0,0.0,446606570.5720344
B,2731,35,80,0,15768000.0,0.0,446606570.5720344
B,2732,35,80,0,15768000.0,0.0,446606570.5720344
B,2733,35,80,0,15768000.0,0.0,446606570.5720344
B,2734,35,80,0,15768000.0,0.0,446606570.5720344
B,2735,35,80,0,15768000.0,0.0,446606570.5720344
B,2736,35,80,0,15768000.0,0.0,446606570.5720344
B,2737,35,80,0,15768000.0,0.0,446606570.5720344
B,2738,35,80,0,15768000.0,0.0,446606570.5720344
B,2739,35,80,0,15768000.0,0.0,446606570.5720344
B,2740,35,80,0,15768000.0,0.0,446606570.5720344
B,2741,35,80,0,15768000.0,0.0,446606570.5720344
B,2742,35,80,0,15768000.0,0.0,446606570.5720344
B,2743,35,80,0,15768000.0,0.0,446606570.5720344
B,2744,35,80,0,15768000.0,0.0,446606570.5720344
B,2745,35,80,0,15768000.0,0.0,446606570.5720344
B,2746,35,80,0,15768000.0,0.0,446606570.5720344
B,2747,35,80,0,15768000.0,0.0,446606570.5720344
B,2748,35,80,0,15768000.0,0.0,446606570.5720344
B,2749,35,80,0,15768000.0,0.0,446606570.5720344
B,2750,35,80,0,15768000.0,0.0,446606570.5720344
B,2751,35,80,0,15768000.0,0.0,446606570.5720344
B,2752,35,80,0,15768000.0,0.0,446606570.5720344
B,2753,35,80,0,15768000.0,0.0,446606570.5720344
B,2754,35,80,0,15768000.0,0.0,446606570.5720344
B,2755,35,80,0,15768000.0,0.0,446606570.5720344
B,2756,35,80,0,15768000.0,0.0,446606570.5720344
B,2757,35,80,0,15768000.0,0.0,446606570.5720344
B,2758,35,80,0,15768000.0,0.0,446606570.5720344
B,2759,35,80,0,15768000.0,0.0,446606570.5720344
B,2760,35,80,0,15768000.0,0.0,446606570.5720344
B,2761,35,80,0,15768000.0,0.0,446606570.5720344
B,2762,35,80,0,15768000.0,0.0,446606570.5720344
B,2763,35,80,0,15768000.0,0.0,446606570.5720344
B,2764,35,80,0,15768000.0,0.0,446606570.5720344
B,2765,35,80,0,15768000.0,0.0,446606570.5720344
B,2766,35,80,0,15768000.0,0.0,446606570.5720344
B,2767,35,80,0,15768000.0,0.0,446606570.5720344
B,2768,35,80,0,15768000.0,0.0,446606570.5720344
B,2769,35,80,0,15768000.0,0.0,446606570.5720344
B,2770,35,80,0,15768000.0,0.0,446606570.5720344
B,2771,35,80,0,15768000.0,0.0,446606570.5720344
B,2772,35,80,0,15768000.0,0.0,446606570.5720344
B,2773,35,80,0,15768000.0,0.0,446606570.5720344
B,2774,35,80,0,15768000.0,0.0,446606570.5720344
B,2775,35,80,0,15768000.0,0.0,446606570.5720344
B,2776,35,80,0,15768000.0,0.0,446606570.5720344
B,2777,35,80,0,15768000.0,0.0,446606570.5720344
B,2778,35,80,0,15768000.0,0.0,446606570.5720344
B,2779,35,80,0,15768000.0,0.0,446606570.5720344
B,2780,35,80,0,15768000.0,0.0,446606570.5720344
B,2781,35,80,0,15768000.0,0.0,446606570.5720344
B,2782,35,80,0,15768000.0,0.0,446606570.5720344
B,2783,35,80,0,15768000.0,0.0,446606570.5720344
B,2784,35,80,0,15768000.0,0.0,446606570.5720344
B,2785,35,80,0,15768000.0,0.0,446606570.5720344
B,2786,35,80,0,15768000.0,0.0,446606570.5720344
B,2787,35,80,0,15768000.0,0.0,446606570.5720344
B,2788,35,80,0,15768000.0,0.0,446606570.5720344
B,2789,35,80,0,15768000.0,0.0,446606570.5720344
B,2790,35,80,0,15768000.0,0.0,446606570.5720344
B,2791,35,80,0,15768000.0,0.0,446606570.5720344
B,2792,35,80,0,15768000.0,0.0,446606570.5720344
B,2793,35,80,0,15768000.0,0.0,446606570.5720344
B,2794,35,80,0,15768000.0,0.0,446606570.5720344
B,2795,35,80,0,15768000.0,0.0,446606570.5720344
B,2796,35,80,0,15768000.0,0.0,446606570.5720344
B,2797,35,80,0,15768000.0,0.0,446606570.5720344
B,2798,35,80,0,15768000.0,0.0,446606570.5720344
B,2799,35,80,0,15768000.0,0.0,446606570.5720344
B,2800,35,80,0,15768000.0,0.0,446606570.5720344
B,2801,35,80,0,15768000.0,0.0,446606570.5720344
B,2802,35,80,0,15768000.0,0.0,446606570.5720344
B,2803,35,80,0,15768000.0,0.0,446606570.5720344
B,2804,35,80,0,15768000.0,0.0,446606570.5720344
B,2805,35,80,0,15768000.0,0.0,446606570.5720344
B,2806,35,80,0,15768000.0,0.0,446606570.5720344
B,2807,35,80,0,15768000.0,0.0,446606570.5720344
B,2808,35,80,0,15768000.0,0.0,446606570.5720344
B,2809,35,80,0,15768000.0,0.0,446606570.5720344
B,2810,35,80,0,15768000.0,0.0,446606570.5720344
B,2811,35,80,0,15768000.0,0.0,446606570.5720344
B,2812,35,80,0,15768000.0,0.0,446606570.5720344
B,2813,35,80,0,15768000.0,0.0,446606570.5720344
B,2814,35,80,0,15768000.0,0.0,446606570.5720344
B,2815,35,80,0,15768000.0,0.0,446606570.5720344
B,2816,35,80,0,15768000.0,0.0,446606570.5720344
B,2817,35,80,0,15768000.0,0.0,446606570.5720344
B,2818,35,80,0,15768000.0,0.0,446606570.5720344
B,2819,35,80,0,15768000.0,0.0,446606570.5720344
B,2820,35,80,0,15768000.0,0.0,446606570.5720344
B,2821,35,80,0,15768000.0,0.0,446606570.5720344
B,2822,35,80,0,15768000.0,0.0,446606570.5720344
B,2823,35,80,0,15768000.0,0.0,446606570.5720344
B,2824,35,80,0,15768000.0,0.0,446606570.5720344
B,2825,35,80,0,15768000.0,0.0,446606570.5720344
B,2826,35,80,0,15768000.0,0.0,446606570.5720344
B,2827,35,80,0,15768000.0,0.0,446606570.5720344
B,2828,35,80,0,15768000.0,0.0,446606570.5720344
B,2829,35,80,0,15768000.0,0.0,446606570.5720344
B,2830,35,80,0,15768000.0,0.0,446606570.5720344
B,2831,35,80,0,15768000.0,0.0,446606570.5720344
B,2832,35,80,0,15768000.0,0.0,446606570.5720344
B,2833,35,80,0,15768000.0,0.0,446606570.5720344
B,2834,35,80,0,15768000.0,0.0,446606570.5720344
B,2835,35,80,0,15768000.0,0.0,446606570.5720344
B,2836,35,80,0,15768000.0,0.0,446606570.5720344
B,2837,35,80,0,15768000.0,0.0,446606570.5720344
B,2838,35,80,0,15768000.0,0.0,446606570.5720344
B,2839,35,80,0,15768000.0,0.0,446606570.5720344
B,2840,35,80,0,15768000.0,0.0,446606570.5720344
B,2841,35,80,0,15768000.0,0.0,446606570.5720344
B,2842,35,80,0,15768000.0,0.0,446606570.5720344
B,2843,35,80,0,15768000.0,0.0,446606570.5720344
B,2844,35,80,0,15768000.0,0.0,446606570.5720344
B,2845,35,80,0,15768000.0,0.0,446606570.5720344
B,2846,35,80,0,15768000.0,0.0,446606570.5720344
B,2847,35,80,0,15768000.0,0.0,446606570.5720344
B,2848,35,80,0,15768000.0,0.0,446606570.5720344
B,2849,35,80,0,15768000.0,0.0,446606570.5720344
B,2850,35,80,0,15768000.0,0.0,446606570.5720344
B,2851,35,80,0,15768000.0,0.0,446606570.5720344
B,2852,35,80,0,15768000.0,0.0,446606570.5720344
B,2853,35,80,0,15768000.0,0.0,446606570.5720344
B,2854,35,80,0,15768000.0,0.0,446606570.5720344
B,2855,35,80,0,15768000.0,0.0,446606570.5720344
B,2856,35,80,0,15768000.0,0.0,446606570.5720344
B,2857,35,80,0,15768000.0,0.0,446606570.5720344
B,2858,35,80,0,15768000.0,0.0,446606570.5720344
B,2859,35,80,0,15768000.0,0.0,446606570.5720344
B,2860,35,80,0,15768000.0,0.0,446606570.5720344
B,2861,35,80,0,15768000.0,0.0,446606570.5720344
B,2862,35,80,0,15768000.0,0.0,446606570.5720344
B,2863,35,80,0,15768000.0,0.0,446606570.5720344
B,2864,35,80,0,15768000.0,0.0,446606570.5720344
B,2865,35,80,0,15768000.0,0.0,446606570.5720344
B,2866,35,80,0,15768000.0,0.0,446606570.5720344
B,2867,35,80,0,15768000.0,0.0,446606570.5720344
B,2868,35,80,0,15768000.0,0.0,446606570.5720344
B,2869,35,80,0,15768000.0,0.0,446606570.5720344
B,2870,35,80,0,15768000.0,0.0,446606570.5720344
B,2871,35,80,0,15768000.0,0.0,446606570.5720344
B,2872,35,80,0,15768000.0,0.0,446606570.5720344
B,2873,35,80,0,15768000.0,0.0,446606570.5720344
B,2874,35,80,0,15768000.0,0.0,446606570.5720344
B,2875,35,80,0,15768000.0,0.0,446606570.5720344
B,2876,35,80,0,15768000.0,0.0,446606570.5720344
B,2877,35,80,0,15768000.0,0.0,446606570.5720344
B,2878,35,80,0,15768000.0,0.0,446606570.5720344
B,2879,35,80,0,15768000.0,0.0,446606570.5720344
B,2880,35,80,0,15768000.0,0.0,446606570.5720344
B,2881,35,80,0,15768000.0,0.0,446606570.5720344
B,2882,35,80,0,15768000.0,0.0,446606570.5720344
B,2883,35,80,0,15768000.0,0.0,446606570.5720344
B,2884,35,80,0,15768000.0,0.0,446606570.5720344
B,2885,35,80,0,15768000.0,0.0,446606570.5720344
B,2886,35,80,0,15768000.0,0.0,446606570.5720344
B,2887,35,80,0,15768000.0,0.0,446606570.5720344
B,2888,35,80,0,15768000.0,0.0,446606570.5720344
B,2889,35,80,0,15768000.0,0.0,446606570.5720344
B,2890,35,80,0,15768000.0,0.0,446606570.5720344
B,2891,35,80,0,15768000.0,0.0,446606570.5720344
B,2892,35,80,0,15768000.0,0.0,446606570.5720344
B,2893,35,80,0,15768000.0,0.0,446606570.5720344
B,2894,35,80,0,15768000.0,0.0,446606570.5720344
B,2895,35,80,0,15768000.0,0.0,446606570.5720344
B,2896,35,80,0,15768000.0,0.0,446606570.5720344
B,2897,35,80,0,15768000.0,0.0,446606570.5720344
B,2898,35,80,0,15768000.0,0.0,446606570.5720344
B,2899,35,80,0,15768000.0,0.0,446606570.5720344
B,2900,35,80,0,15768000.0,0.0,446606570.5720344
B,2901,35,80,0,15768000.0,0.0,446606570.5720344
B,2902,35,80,0,15768000.0,0.0,446606570.5720344
B,2903,35,80,0,15768000.0,0.0,446606570.5720344
B,2904,35,80,0,15768000.0,0.0,446606570.5720344
B,2905,35,80,0,15768000.0,0.0,446606570.5720344
B,2906,35,80,0,15768000.0,0.0,446606570.5720344
B,2907,35,80,0,15768000.0,0.0,446606570.5720344
B,2908,35,80,0,15768000.0,0.0,446606570.5720344
B,2909,35,80,0,15768000.0,0.0,446606570.5720344
B,2910,35,80,0,15768000.0,0.0,446606570.5720344
B,2911,35,80,0,15768000.0,0.0,446606570.5720344
B,2912,35,80,0,15768000.0,0.0,446606570.5720344
B,2913,35,80,0,15768000.0,0.0,446606570.5720344
B,2914,35,80,0,15768000.0,0.0,446606570.5720344
B,2915,35,80,0,15768000.0,0.0,446606570.5720344
B,2916,35,80,0,15768000.0,0.0,446606570.5720344
B,2917,35,80,0,15768000.0,0.0,446606570.5720344
B,2918,35,80,0,15768000.0,0.0,446606570.5720344
B,2919,35,80,0,15768000.0,0.0,446606570.5720344
B,2920,35,80,0,15768000.0,0.0,446606570.5720344
B,2921,35,80,0,15768000.0,0.0,446606570.5720344
B,2922,35,80,0,15768000.0,0.0,446606570.5720344
B,2923,35,80,0,15768000.0,0.0,446606570.5720344
B,2924,35,80,0,15768000.0,0.0,446606570.5720344
B,2925,35,80,0,15768000.0,0.0,446606570.5720344
B,2926,35,80,0,15768000.0,0.0,446606570.5720344
B,2927,35,80,0,15768000.0,0.0,446606570.5720344
B,2928,35,80,0,15768000.0,0.0,446606570.5720344
B,2929,35,80,0,15768000.0,0.0,446606570.5720344
B,2930,35,80,0,15768000.0,0.0,446606570.5720344
B,2931,35,80,0,15768000.0,0.0,446606570.5720344
B,2932,35,80,0,15768000.0,0.0,446606570.5720344
B,2933,35,80,0,15768000.0,0.0,446606570.5720344
B,2934,35,80,0,15768000.0,0.0,446606570.5720344
B,2935,35,80,0,15768000.0,0.0,446606570.5720344
B,2936,35,80,0,15768000.0,0.0,446606570.5720344
B,2937,35,80,0,15768000.0,0.0,446606570.5720344
B,2938,35,80,0,15768000.0,0.0,446606570.5720344
B,2939,35,80,0,15768000.0,0.0,446606570.5720344
B,2940,35,80,0,15768000.0,0.0,446606570.5720344
B,2941,35,80,0,15768000.0,0.0,446606570.5720344
B,2942,35,80,0,15768000.0,0.0,446606570.5720344
B,2943,35,80,0,15768000.0,0.0,446606570.5720344
B,2944,35,80,0,15768000.0,0.0,446606570.5720344
B,2945,35,80,0,15768000.0,0.0,446606570.5720344
B,2946,35,80,0,15768000.0,0.0,446606570.5720344
B,2947,35,80,0,15768000.0,0.0,446606570.5720344
B,2948,35,80,0,15768000.0,0.0,446606570.5720344
B,2949,35,80,0,15768000.0,0.0,446606570.5720344
B,2950,35,80,0,15768000.0,0.0,446606570.5720344
B,2951,35,80,0,15768000.0,0.0,446606570.5720344
B,2952,35,80,0,15768000.0,0.0,446606570.5720344
B,2953,35,80,0,15768000.0,0.0,446606570.5720344
B,2954,35,80,0,15768000.0,0.0,446606570.5720344
B,2955,35,80,0,15768000.0,0.0,446606570.5720344
B,2956,35,80,0,15768000.0,0.0,446606570.5720344
B,2957,35,80,0,15768000.0,0.0,446606570.5720344
B,2958,35,80,0,15768000.0,0.0,446606570.5720344
B,2959,35,80,0,15768000.0,0.0,446606570.5720344
B,2960,35,80,0,15768000.0,0.0,446606570.5720344
B,2961,35,80,0,15768000.0,0.0,446606570.5720344
B,2962,35,80,0,15768000.0,0.0,446606570.5720344
B,2963,35,80,0,15768000.0,0.0,446606570.5720344
B,2964,35,80,0,15768000.0,0.0,446606570.5720344
B,2965,35,80,0,15768000.0,0.0,446606570.5720344
B,2966,35,80,0,15768000.0,0.0,446606570.5720344
B,2967,35,80,0,15768000.0,0.0,446606570.5720344
B,2968,35,80,0,15768000.0,0.0,446606570.5720344
B,2969,35,80,0,15768000.0,0.0,446606570.5720344
B,2970,35,80,0,15768000.0,0.0,446606570.5720344
B,2971,35,80,0,15768000.0,0.0,446606570.5720344
B,2972,35,80,0,15768000.0,0.0,446606570.5720344
B,2973,35,80,0,15768000.0,0.0,446606570.5720344
B,2974,35,80,0,15768000.0,0.0,446606570.5720344
B,2975,35,80,0,15768000.0,0.0,446606570.5720344
B,2976,35,80,0,15768000.0,0.0,446606570.5720344
B,2977,35,80,0,15768000.0,0.0,446606570.5720344
B,2978,35,80,0,15768000.0,0.0,446606570.5720344
B,2979,35,80,0,15768000.0,0.0,446606570.5720344
B,2980,35,80,0,15768000.0,0.0,446606570.5720344
B,2981,35,80,0,15768000.0,0.0,446606570.5720344
B,2982,35,80,0,15768000.0,0.0,446606570.5720344
B,2983,35,80,0,15768000.0,0.0,446606570.5720344
B,2984,35,80,0,15768000.0,0.0,446606570.5720344
B,2985,35,80,0,15768000.0,0.0,446606570.5720344
B,2986,35,80,0,15768000.0,0.0,446606570.5720344
B,2987,35,80,0,15768000.0,0.0,446606570.5720344
B,2988,35,80,0,15768000.0,0.0,446606570.5720344
B,2989,35,80,0,15768000.0,0.0,446606570.5720344
B,2990,35,80,0,15768000.0,0.0,446606570.5720344
B,2991,35,80,0,15768000.0,0.0,446606570.5720344
B,2992,35,80,0,15768000.0,0.0,446606570.5720344
B,2993,35,80,0,15768000.0,0.0,446606570.5720344
B,2994,35,80,0,15768000.0,0.0,446606570.5720344
B,2995,35,80,0,15768000.0,0.0,446606570.5720344
B,2996,35,80,0,15768000.0,0.0,446606570.5720344
B,2997,35,80,0,15768000.0,0.0,446606570.5720344
B,2998,35,80,0,15768000.0,0.0,446606570.5720344
B,2999,35,80,0,15768000.0,0.0,446606570.5720344
B,3000,35,80,0,15768000.0,0.0,446606570.5720344
B,3001,35,80,0,15768000.0,0.0,446606570.5720344
B,3002,35,80,0,15768000.0,0.0,446606570.5720344
B,3003,35,80,0,15768000.0,0.0,446606570.5720344
B,3004,35,80,0,15768000.0,0.0,446606570.5720344
B,3005,35,80,0,15768000.0,0.0,446606570.5720344
B,3006,35,80,0,15768000.0,0.0,446606570.5720344
B,3007,35,80,0,15768000.0,0.0,446606570.5720344
B,3008,35,80,0,15768000.0,0.0,446606570.5720344
B,3009,35,80,0,15768000.0,0.0,446606570.5720344
B,3010,35,80,0,15768000.0,0.0,446606570.5720344
B,3011,35,80,0,15768000.0,0.0,446606570.5720344
B,3012,35,80,0,15768000.0,0.0,446606570.5720344
B,3013,35,80,0,15768000.0,0.0,446606570.5720344
B,3014,35,80,0,15768000.0,0.0,446606570.5720344
B,3015,35,80,0,15768000.0,0.0,446606570.5720344
B,3016,35,80,0,15768000.0,0.0,446606570.5720344
B,3017,35,80,0,15768000.0,0.0,446606570.5720344
B,3018,35,80,0,15768000.0,0.0,446606570.5720344
B,3019,35,80,0,15768000.0,0.0,446606570.5720344
B,3020,35,80,0,15768000.0,0.0,446606570.5720344
B,3021,35,80,0,15768000.0,0.0,446606570.5720344
B,3022,35,80,0,15768000.0,0.0,446606570.5720344
B,3023,35,80,0,15768000.0,0.0,446606570.5720344
B,3024,35,80,0,15768000.0,0.0,446606570.5720344
B,3025,35,80,0,15768000.0,0.0,446606570.5720344
B,3026,35,80,0,15768000.0,0.0,446606570.5720344
B,3027,35,80,0,15768000.0,0.0,446606570.5720344
B,3028,35,80,0,15768000.0,0.0,446606570.5720344
B,3029,35,80,0,15768000.0,0.0,446606570.5720344
B,3030,35,80,0,15768000.0,0.0,446606570.5720344
B,3031,35,80,0,15768000.0,0.0,446606570.5720344
B,3032,35,80,0,15768000.0,0.0,446606570.5720344
B,3033,35,80,0,15768000.0,0.0,446606570.5720344
B,3034,35,80,0,15768000.0,0.0,446606570.5720344
B,3035,35,80,0,15768000.0,0.0,446606570.5720344
B,3036,35,80,0,15768000.0,0.0,446606570.5720344
B,3037,35,80,0,15768000.0,0.0,446606570.5720344
B,3038,35,80,0,15768000.0,0.0,446606570.5720344
B,3039,35,80,0,15768000.0,0.0,446606570.5720344
B,3040,35,80,0,15768000.0,0.0,446606570.5720344
B,3041,35,80,0,15768000.0,0.0,446606570.5720344
B,3042,35,80,0,15768000.0,0.0,446606570.5720344
B,3043,35,80,0,15768000.0,0.0,446606570.5720344
B,3044,35,80,0,15768000.0,0.0,446606570.5720344
B,3045,35,80,0,15768000.0,0.0,446606570.5720344
B,3046,35,80,0,15768000.0,0.0,446606570.5720344
B,3047,35,80,0,15768000.0,0.0,446606570.5720344
B,3048,35,80,0,15768000.0,0.0,446606570.5720344
B,3049,35,80,0,15768000.0,0.0,446606570.5720344
B,3050,35,80,0,15768000.0,0.0,446606570.5720344
B,3051,35,80,0,15768000.0,0.0,446606570.5720344
B,3052,35,80,0,15768000.0,0.0,446606570.5720344
B,3053,35,80,0,15768000.0,0.0,446606570.5720344
B,3054,35,80,0,15768000.0,0.0,446606570.5720344
B,3055,35,80,0,15768000.0,0.0,446606570.5720344
B,3056,35,80,0,15768000.0,0.0,446606570.5720344
B,3057,35,80,0,15768000.0,0.0,446606570.5720344
B,3058,35,80,0,15768000.0,0.0,446606570.5720344
B,3059,35,80,0,15768000.0,0.0,446606570.5720344
B,3060,35,80,0,15768000.0,0.0,446606570.5720344
B,3061,35,80,0,15768000.0,0.0,446606570.5720344
B,3062,35,80,0,15768000.0,0.0,446606570.5720344
B,3063,35,80,0,15768000.0,0.0,446606570.5720344
B,3064,35,80,0,15768000.0,0.0,446606570.5720344
B,3065,35,80,0,15768000.0,0.0,446606570.5720344
B,3066,35,80,0,15768000.0,0.0,446606570.5720344
B,3067,35,80,0,15768000.0,0.0,446606570.5720344
B,3068,35,80,0,15768000.0,0.0,446606570.5720344
B,3069,35,80,0,15768000.0,0.0,446606570.5720344
B,3070,35,80,0,15768000.0,0.0,446606570.5720344
B,3071,35,80,0,15768000.0,0.0,446606570.5720344
B,3072,35,80,0,15768000.0,0.0,446606570.5720344
B,3073,35,80,0,15768000.0,0.0,446606570.5720344
B,3074,35,80,0,15768000.0,0.0,446606570.5720344
B,3075,35,80,0,15768000.0,0.0,446606570.5720344
B,3076,35,80,0,15768000.0,0.0,446606570.5720344
B,3077,35,80,0,15768000.0,0.0,446606570.5720344
B,3078,35,80,0,15768000.0,0.0,446606570.5720344
B,3079,35,80,0,15768000.0,0.0,446606570.5720344
B,3080,35,80,0,15768000.0,0.0,446606570.5720344
B,3081,35,80,0,15768000.0,0.0,446606570.5720344
B,3082,35,80,0,15768000.0,0.0,446606570.5720344
B,3083,35,80,0,15768000.0,0.0,446606570.5720344
B,3084,35,80,0,15768000.0,0.0,446606570.5720344
B,3085,35,80,0,15768000.0,0.0,446606570.5720344
B,3086,35,80,0,15768000.0,0.0,446606570.5720344
B,3087,35,80,0,15768000.0,0.0,446606570.5720344
B,3088,35,80,0,15768000.0,0.0,446606570.5720344
B,3089,35,80,0,15768000.0,0.0,446606570.5720344
B,3090,35,80,0,15768000.0,0.0,446606570.5720344
B,3091,35,80,0,15768000.0,0.0,446606570.5720344
B,3092,35,80,0,15768000.0,0.0,446606570.5720344
B,3093,35,80,0,15768000.0,0.0,446606570.5720344
B,3094,35,80,0,15768000.0,0.0,446606570.5720344
B,3095,35,80,0,15768000.0,0.0,446606570.5720344
B,3096,35,80,0,15768000.0,0.0,446606570.5720344
B,3097,35,80,0,15768000.0,0.0,446606570.5720344
B,3098,35,80,0,15768000.0,0.0,446606570.5720344
B,3099,35,80,0,15768000.0,0.0,446606570.5720344
B,3100,35,80,0,15768000.0,0.0,446606570.5720344
B,3101,35,80,0,15768000.0,0.0,446606570.5720344
B,3102,35,80,0,15768000.0,0.0,446606570.5720344
B,3103,35,80,0,15768000.0,0.0,446606570.5720344
B,3104,35,80,0,15768000.0,0.0,446606570.5720344
B,3105,35,80,0,15768000.0,0.0,446606570.5720344
B,3106,35,80,0,15768000.0,0.0,446606570.5720344
B,3107,35,80,0,15768000.0,0.0,446606570.5720344
B,3108,35,80,0,15768000.0,0.0,446606570.5720344
B,3109,35,80,0,15768000.0,0.0,446606570.5720344
B,3110,35,80,0,15768000.0,0.0,446606570.5720344
B,3111,35,80,0,15768000.0,0.0,446606570.5720344
B,3112,35,80,0,15768000.0,0.0,446606570.5720344
B,3113,35,80,0,15768000.0,0.0,446606570.5720344
B,3114,35,80,0,15768000.0,0.0,446606570.5720344
B,3115,35,80,0,15768000.0,0.0,446606570.5720344
B,3116,35,80,0,15768000.0,0.0,446606570.5720344
B,3117,35,80,0,15768000.0,0.0,446606570.5720344
B,3118,35,80,0,15768000.0,0.0,446606570.5720344
B,3119,35,80,0,15768000.0,0.0,446606570.5720344
B,3120,35,80,0,15768000.0,0.0,446606570.5720344
B,3121,35,80,0,15768000.0,0.0,446606570.5720344
B,3122,35,80,0,15768000.0,0.0,446606570.5720344
B,3123,35,80,0,15768000.0,0.0,446606570.5720344
B,3124,35,80,0,15768000.0,0.0,446606570.5720344
B,3125,35,80,0,15768000.0,0.0,446606570.5720344
B,3126,35,80,0,15768000.0,0.0,446606570.5720344
B,3127,35,80,0,15768000.0,0.0,446606570.5720344
B,3128,35,80,0,15768000.0,0.0,446606570.5720344
B,3129,35,80,0,15768000.0,0.0,446606570.5720344
B,3130,35,80,0,15768000.0,0.0,446606570.5720344
B,3131,35,80,0,15768000.0,0.0,446606570.5720344
B,3132,35,80,0,15768000.0,0.0,446606570.5720344
B,3133,35,80,0,15768000.0,0.0,446606570.5720344
B,3134,35,80,0,15768000.0,0.0,446606570.5720344
B,3135,35,80,0,15768000.0,0.0,446606570.5720344
B,3136,35,80,0,15768000.0,0.0,446606570.5720344
B,3137,35,80,0,15768000.0,0.0,446606570.5720344
B,3138,35,80,0,15768000.0,0.0,446606570.5720344
B,3139,35,80,0,15768000.0,0.0,446606570.5720344
B,3140,35,80,0,15768000.0,0.0,446606570.5720344
B,3141,35,80,0,15768000.0,0.0,446606570.5720344
B,3142,35,80,0,15768000.0,0.0,446606570.5720344
B,3143,35,80,0,15768000.0,0.0,446606570.5720344
B,3144,35,80,0,15768000.0,0.0,446606570.5720344
B,3145,35,80,0,15768000.0,0.0,446606570.5720344
B,3146,35,80,0,15768000.0,0.0,446606570.5720344
B,3147,35,80,0,15768000.0,0.0,446606570.5720344
B,3148,35,80,0,15768000.0,0.0,446606570.5720344
B,3149,35,80,0,15768000.0,0.0,446606570.5720344
B,3150,35,80,0,15768000.0,0.0,446606570.5720344
B,3151,35,80,0,15768000.0,0.0,446606570.5720344
B,3152,35,80,0,15768000.0,0.0,446606570.5720344
B,3153,35,80,0,15768000.0,0.0,446606570.5720344
B,3154,35,80,0,15768000.0,0.0,446606570.5720344
B,3155,35,80,0,15768000.0,0.0,446606570.5720344
B,3156,35,80,0,15768000.0,0.0,446606570.5720344
B,3157,35,80,0,15768000.0,0.0,446606570.5720344
B,3158,35,80,0,15768000.0,0.0,446606570.5720344
B,3159,35,80,0,15768000.0,0.0,446606570.5720344
B,3160,35,80,0,15768000.0,0.0,446606570.5720344
B,3161,35,80,0,15768000.0,0.0,446606570.5720344
B,3162,35,80,0,15768000.0,0.0,446606570.5720344
B,3163,35,80,0,15768000.0,0.0,446606570.5720344
B,3164,35,80,0,15768000.0,0.0,446606570.5720344
B,3165,35,80,0,15768000.0,0.0,446606570.5720344
B,3166,35,80,0,15768000.0,0.0,446606570.5720344
B,3167,35,80,0,15768000.0,0.0,446606570.5720344
B,3168,35,80,0,15768000.0,0.0,446606570.5720344
B,3169,35,80,0,15768000.0,0.0,446606570.5720344
B,3170,35,80,0,15768000.0,0.0,446606570.5720344
B,3171,35,80,0,15768000.0,0.0,446606570.5720344
B,3172,35,80,0,15768000.0,0.0,446606570.5720344
B,3173,35,80,0,15768000.0,0.0,446606570.5720344
B,3174,35,80,0,15768000.0,0.0,446606570.5720344
B,3175,35,80,0,15768000.0,0.0,446606570.5720344
B,3176,35,80,0,15768000.0,0.0,446606570.5720344
B,3177,35,80,0,15768000.0,0.0,446606570.5720344
B,3178,35,80,0,15768000.0,0.0,446606570.5720344
B,3179,35,80,0,15768000.0,0.0,446606570.5720344
B,3180,35,80,0,15768000.0,0.0,446606570.5720344
B,3181,35,80,0,15768000.0,0.0,446606570.5720344
B,3182,35,80,0,15768000.0,0.0,446606570.5720344
B,3183,35,80,0,15768000.0,0.0,446606570.5720344
B,3184,35,80,0,15768000.0,0.0,446606570.5720344
B,3185,35,80,0,15768000.0,0.0,446606570.5720344
B,3186,35,80,0,15768000.0,0.0,446606570.5720344
B,3187,35,80,0,15768000.0,0.0,446606570.5720344
B,3188,35,80,0,15768000.0,0.0,446606570.5720344
B,3189,35,80,0,15768000.0,0.0,446606570.5720344
B,3190,35,80,0,15768000.0,0.0,446606570.5720344
B,3191,35,80,0,15768000.0,0.0,446606570.5720344
B,3192,35,80,0,15768000.0,0.0,446606570.5720344
B,3193,35,80,0,15768000.0,0.0,446606570.5720344
B,3194,35,80,0,15768000.0,0.0,446606570.5720344
B,3195,35,80,0,15768000.0,0.0,446606570.5720344
B,3196,35,80,0,15768000.0,0.0,446606570.5720344
B,3197,35,80,0,15768000.0,0.0,446606570.5720344
B,3198,35,80,0,15768000.0,0.0,446606570.5720344
B,3199,35,80,0,15768000.0,0.0,446606570.5720344
B,3200,35,80,0,15768000.0,0.0,446606570.5720344
B,3201,35,80,0,15768000.0,0.0,446606570.5720344
B,3202,35,80,0,15768000.0,0.0,446606570.5720344
B,3203,35,80,0,15768000.0,0.0,446606570.5720344
B,3204,35,80,0,15768000.0,0.0,446606570.5720344
B,3205,35,80,0,15768000.0,0.0,446606570.5720344
B,3206,35,80,0,15768000.0,0.0,446606570.5720344
B,3207,35,80,0,15768000.0,0.0,446606570.5720344
B,3208,35,80,0,15768000.0,0.0,446606570.5720344
B,3209,35,80,0,15768000.0,0.0,446606570.5720344
B,3210,35,80,0,15768000.0,0.0,446606570.5720344
B,3211,35,80,0,15768000.0,0.0,446606570.5720344
B,3212,35,80,0,15768000.0,0.0,446606570.5720344
B,3213,35,80,0,15768000.0,0.0,446606570.5720344
B,3214,35,80,0,15768000.0,0.0,446606570.5720344
B,3215,35,80,0,15768000.0,0.0,446606570.5720344
B,3216,35,80,0,15768000.0,0.0,446606570.5720344
B,3217,35,80,0,15768000.0,0.0,446606570.5720344
B,3218,35,80,0,15768000.0,0.0,446606570.5720344
B,3219,35,80,0,15768000.0,0.0,446606570.5720344
B,3220,35,80,0,15768000.0,0.0,446606570.5720344
B,3221,35,80,0,15768000.0,0.0,446606570.5720344
B,3222,35,80,0,15768000.0,0.0,446606570.5720344
B,3223,35,80,0,15768000.0,0.0,446606570.5720344
B,3224,35,80,0,15768000.0,0.0,446606570.5720344
B,3225,35,80,0,15768000.0,0.0,446606570.5720344
B,3226,35,80,0,15768000.0,0.0,446606570.5720344
B,3227,35,80,0,15768000.0,0.0,446606570.5720344
B,3228,35,80,0,15768000.0,0.0,446606570.5720344
B,3229,35,80,0,15768000.0,0.0,446606570.5720344
B,3230,35,80,0,15768000.0,0.0,446606570.5720344
B,3231,35,80,0,15768000.0,0.0,446606570.5720344
B,3232,35,80,0,15768000.0,0.0,446606570.5720344
B,3233,35,80,0,15768000.0,0.0,446606570.5720344
B,3234,35,80,0,15768000.0,0.0,446606570.5720344
B,3235,35,80,0,15768000.0,0.0,446606570.5720344
B,3236,35,80,0,15768000.0,0.0,446606570.5720344
B,3237,35,80,0,15768000.0,0.0,446606570.5720344
B,3238,35,80,0,15768000.0,0.0,446606570.5720344
B,3239,35,80,0,15768000.0,0.0,446606570.5720344
B,3240,35,80,0,15768000.0,0.0,446606570.5720344
B,3241,35,80,0,15768000.0,0.0,446606570.5720344
B,3242,35,80,0,15768000.0,0.0,446606570.5720344
B,3243,35,80,0,15768000.0,0.0,446606570.5720344
B,3244,35,80,0,15768000.0,0.0,446606570.5720344
B,3245,35,80,0,15768000.0,0.0,446606570.5720344
B,3246,35,80,0,15768000.0,0.0,446606570.5720344
B,3247,35,80,0,15768000.0,0.0,446606570.5720344
B,3248,35,80,0,15768000.0,0.0,446606570.5720344
B,3249,35,80,0,15768000.0,0.0,446606570.5720344
B,3250,35,80,0,15768000.0,0.0,446606570.5720344
B,3251,35,80,0,15768000.0,0.0,446606570.5720344
B,3252,35,80,0,15768000.0,0.0,446606570.5720344
B,3253,35,80,0,15768000.0,0.0,446606570.5720344
B,3254,35,80,0,15768000.0,0.0,446606570.5720344
B,3255,35,80,0,15768000.0,0.0,446606570.5720344
B,3256,35,80,0,15768000.0,0.0,446606570.5720344
B,3257,35,80,0,15768000.0,0.0,446606570.5720344
B,3258,35,80,0,15768000.0,0.0,446606570.5720344
B,3259,35,80,0,15768000.0,0.0,446606570.5720344
B,3260,35,80,0,15768000.0,0.0,446606570.5720344
B,3261,35,80,0,15768000.0,0.0,446606570.5720344
B,3262,35,80,0,15768000.0,0.0,446606570.5720344
B,3263,35,80,0,15768000.0,0.0,446606570.5720344
B,3264,35,80,0,15768000.0,0.0,446606570.5720344
B,3265,35,80,0,15768000.0,0.0,446606570.5720344
B,3266,35,80,0,15768000.0,0.0,446606570.5720344
B,3267,35,80,0,15768000.0,0.0,446606570.5720344
B,3268,35,80,0,15768000.0,0.0,446606570.5720344
B,3269,35,80,0,15768000.0,0.0,446606570.5720344
B,3270,35,80,0,15768000.0,0.0,446606570.5720344
B,3271,35,80,0,15768000.0,0.0,446606570.5720344
B,3272,35,80,0,15768000.0,0.0,446606570.5720344
B,3273,35,80,0,15768000.0,0.0,446606570.5720344
B,3274,35,80,0,15768000.0,0.0,446606570.5720344
B,3275,35,80,0,15768000.0,0.0,446606570.5720344
B,3276,35,80,0,15768000.0,0.0,446606570.5720344
B,3277,35,80,0,15768000.0,0.0,446606570.5720344
B,3278,35,80,0,15768000.0,0.0,446606570.5720344
B,3279,35,80,0,15768000.0,0.0,446606570.5720344
B,3280,35,80,0,15768000.0,0.0,446606570.5720344
B,3281,35,80,0,15768000.0,0.0,446606570.5720344
B,3282,35,80,0,15768000.0,0.0,446606570.5720344
B,3283,35,80,0,15768000.0,0.0,446606570.5720344
B,3284,35,80,0,15768000.0,0.0,446606570.5720344
B,3285,35,80,0,15768000.0,0.0,446606570.5720344
B,3286,35,80,0,15768000.0,0.0,446606570.5720344
B,3287,35,80,0,15768000.0,0.0,446606570.5720344
B,3288,35,80,0,15768000.0,0.0,446606570.5720344
B,3289,35,80,0,15768000.0,0.0,446606570.5720344
B,3290,35,80,0,15768000.0,0.0,446606570.5720344
B,3291,35,80,0,15768000.0,0.0,446606570.5720344
B,3292,35,80,0,15768000.0,0.0,446606570.5720344
B,3293,35,80,0,15768000.0,0.0,446606570.5720344
B,3294,35,80,0,15768000.0,0.0,446606570.5720344
B,3295,35,80,0,15768000.0,0.0,446606570.5720344
B,3296,35,80,0,15768000.0,0.0,446606570.5720344
B,3297,35,80,0,15768000.0,0.0,446606570.5720344
B,3298,35,80,0,15768000.0,0.0,446606570.5720344
B,3299,35,80,0,15768000.0,0.0,446606570.5720344
B,3300,35,80,0,15768000.0,0.0,446606570.5720344
B,3301,35,80,0,15768000.0,0.0,446606570.5720344
B,3302,35,80,0,15768000.0,0.0,446606570.5720344
B,3303,35,80,0,15768000.0,0.0,446606570.5720344
B,3304,35,80,0,15768000.0,0.0,446606570.5720344
B,3305,35,80,0,15768000.0,0.0,446606570.5720344
B,3306,35,80,0,15768000.0,0.0,446606570.5720344
B,3307,35,80,0,15768000.0,0.0,446606570.5720344
B,3308,35,80,0,15768000.0,0.0,446606570.5720344
B,3309,35,80,0,15768000.0,0.0,446606570.5720344
B,3310,35,80,0,15768000.0,0.0,446606570.5720344
B,3311,35,80,0,15768000.0,0.0,446606570.5720344
B,3312,35,80,0,15768000.0,0.0,446606570.5720344
B,3313,35,80,0,15768000.0,0.0,446606570.5720344
B,3314,35,80,0,15768000.0,0.0,446606570.5720344
B,3315,35,80,0,15768000.0,0.0,446606570.5720344
B,3316,35,80,0,15768000.0,0.0,446606570.5720344
B,3317,35,80,0,15768000.0,0.0,446606570.5720344
B,3318,35,80,0,15768000.0,0.0,446606570.5720344
B,3319,35,80,0,15768000.0,0.0,446606570.5720344
B,3320,35,80,0,15768000.0,0.0,446606570.5720344
B,3321,35,80,0,15768000.0,0.0,446606570.5720344
B,3322,35,80,0,15768000.0,0.0,446606570.5720344
B,3323,35,80,0,15768000.0,0.0,446606570.5720344
B,3324,35,80,0,15768000.0,0.0,446606570.5720344
B,3325,35,80,0,15768000.0,0.0,446606570.5720344
B,3326,35,80,0,15768000.0,0.0,446606570.5720344
B,3327,35,80,0,15768000.0,0.0,446606570.5720344
B,3328,35,80,0,15768000.0,0.0,446606570.5720344
B,3329,35,80,0,15768000.0,0.0,446606570.5720344
B,3330,35,80,0,15768000.0,0.0,446606570.5720344
B,3331,35,80,0,15768000.0,0.0,446606570.5720344
B,3332,35,80,0,15768000.0,0.0,446606570.5720344
B,3333,35,80,0,15768000.0,0.0,446606570.5720344
B,3334,35,80,0,15768000.0,0.0,446606570.5720344
B,3335,35,80,0,15768000.0,0.0,446606570.5720344
B,3336,35,80,0,15768000.0,0.0,446606570.5720344
B,3337,35,80,0,15768000.0,0.0,446606570.5720344
B,3338,35,80,0,15768000.0,0.0,446606570.5720344
B,3339,35,80,0,15768000.0,0.0,446606570.5720344
B,3340,35,80,0,15768000.0,0.0,446606570.5720344
B,3341,35,80,0,15768000.0,0.0,446606570.5720344
B,3342,35,80,0,15768000.0,0.0,446606570.5720344
B,3343,35,80,0,15768000.0,0.0,446606570.5720344
B,3344,35,80,0,15768000.0,0.0,446606570.5720344
B,3345,35,80,0,15768000.0,0.0,446606570.5720344
B,3346,35,80,0,15768000.0,0.0,446606570.5720344
B,3347,35,80,0,15768000.0,0.0,446606570.5720344
B,3348,35,80,0,15768000.0,0.0,446606570.5720344
B,3349,35,80,0,15768000.0,0.0,446606570.5720344
B,3350,35,80,0,15768000.0,0.0,446606570.5720344
B,3351,35,80,0,15768000.0,0.0,446606570.5720344
B,3352,35,80,0,15768000.0,0.0,446606570.5720344
B,3353,35,80,0,15768000.0,0.0,446606570.5720344
B,3354,35,80,0,15768000.0,0.0,446606570.5720344
B,3355,35,80,0,15768000.0,0.0,446606570.5720344
B,3356,35,80,0,15768000.0,0.0,446606570.5720344
B,3357,35,80,0,15768000.0,0.0,446606570.5720344
B,3358,35,80,0,15768000.0,0.0,446606570.5720344
B,3359,35,80,0,15768000.0,0.0,446606570.5720344
B,3360,35,80,0,15768000.0,0.0,446606570.5720344
B,3361,35,80,0,15768000.0,0.0,446606570.5720344
B,3362,35,80,0,15768000.0,0.0,446606570.5720344
B,3363,35,80,0,15768000.0,0.0,446606570.5720344
B,3364,35,80,0,15768000.0,0.0,446606570.5720344
B,3365,35,80,0,15768000.0,0.0,446606570.5720344
B,3366,35,80,0,15768000.0,0.0,446606570.5720344
B,3367,35,80,0,15768000.0,0.0,446606570.5720344
B,3368,35,80,0,15768000.0,0.0,446606570.5720344
B,3369,35,80,0,15768000.0,0.0,446606570.5720344
B,3370,35,80,0,15768000.0,0.0,446606570.5720344
B,3371,35,80,0,15768000.0,0.0,446606570.5720344
B,3372,35,80,0,15768000.0,0.0,446606570.5720344
B,3373,35,80,0,15768000.0,0.0,446606570.5720344
B,3374,35,80,0,15768000.0,0.0,446606570.5720344
B,3375,35,80,0,15768000.0,0.0,446606570.5720344
B,3376,35,80,0,15768000.0,0.0,446606570.5720344
B,3377,35,80,0,15768000.0,0.0,446606570.5720344
B,3378,35,80,0,15768000.0,0.0,446606570.5720344
B,3379,35,80,0,15768000.0,0.0,446606570.5720344
B,3380,35,80,0,15768000.0,0.0,446606570.5720344
B,3381,35,80,0,15768000.0,0.0,446606570.5720344
B,3382,35,80,0,15768000.0,0.0,446606570.5720344
B,3383,35,80,0,15768000.0,0.0,446606570.5720344
B,3384,35,80,0,15768000.0,0.0,446606570.5720344
B,3385,35,80,0,15768000.0,0.0,446606570.5720344
B,3386,35,80,0,15768000.0,0.0,446606570.5720344
B,3387,35,80,0,15768000.0,0.0,446606570.5720344
B,3388,35,80,0,15768000.0,0.0,446606570.5720344
B,3389,35,80,0,15768000.0,0.0,446606570.5720344
B,3390,35,80,0,15768000.0,0.0,446606570.5720344
B,3391,35,80,0,15768000.0,0.0,446606570.5720344
B,3392,35,80,0,15768000.0,0.0,446606570.5720344
B,3393,35,80,0,15768000.0,0.0,446606570.5720344
B,3394,35,80,0,15768000.0,0.0,446606570.5720344
B,3395,35,80,0,15768000.0,0.0,446606570.5720344
B,3396,35,80,0,15768000.0,0.0,446606570.5720344
B,3397,35,80,0,15768000.0,0.0,446606570.5720344
B,3398,35,80,0,15768000.0,0.0,446606570.5720344
B,3399,35,80,0,15768000.0,0.0,446606570.5720344
B,3400,35,80,0,15768000.0,0.0,446606570.5720344
B,3401,35,80,0,15768000.0,0.0,446606570.5720344
B,3402,35,80,0,15768000.0,0.0,446606570.5720344
B,3403,35,80,0,15768000.0,0.0,446606570.5720344
B,3404,35,80,0,15768000.0,0.0,446606570.5720344
B,3405,35,80,0,15768000.0,0.0,446606570.5720344
B,3406,35,80,0,15768000.0,0.0,446606570.5720344
B,3407,35,80,0,15768000.0,0.0,446606570.5720344
B,3408,35,80,0,15768000.0,0.0,446606570.5720344
B,3409,35,80,0,15768000.0,0.0,446606570.5720344
B,3410,35,80,0,15768000.0,0.0,446606570.5720344
B,3411,35,80,0,15768000.0,0.0,446606570.5720344
B,3412,35,80,0,15768000.0,0.0,446606570.5720344
B,3413,35,80,0,15768000.0,0.0,446606570.5720344
B,3414,35,80,0,15768000.0,0.0,446606570.5720344
B,3415,35,80,0,15768000.0,0.0,446606570.5720344
B,3416,35,80,0,15768000.0,0.0,446606570.5720344
B,3417,35,80,0,15768000.0,0.0,446606570.5720344
B,3418,35,80,0,15768000.0,0.0,446606570.5720344
B,3419,35,80,0,15768000.0,0.0,446606570.5720344
B,3420,35,80,0,15768000.0,0.0,446606570.5720344
B,3421,35,80,0,15768000.0,0.0,446606570.5720344
B,3422,35,80,0,15768000.0,0.0,446606570.5720344
B,3423,35,80,0,15768000.0,0.0,446606570.5720344
B,3424,35,80,0,15768000.0,0.0,446606570.5720344
B,3425,35,80,0,15768000.0,0.0,446606570.5720344
B,3426,35,80,0,15768000.0,0.0,446606570.5720344
B,3427,35,80,0,15768000.0,0.0,446606570.5720344
B,3428,35,80,0,15768000.0,0.0,446606570.5720344
B,3429,35,80,0,15768000.0,0.0,446606570.5720344
B,3430,35,80,0,15768000.0,0.0,446606570.5720344
B,3431,35,80,0,15768000.0,0.0,446606570.5720344
B,3432,35,80,0,15768000.0,0.0,446606570.5720344
B,3433,35,80,0,15768000.0,0.0,446606570.5720344
B,3434,35,80,0,15768000.0,0.0,446606570.5720344
B,3435,35,80,0,15768000.0,0.0,446606570.5720344
B,3436,35,80,0,15768000.0,0.0,446606570.5720344
B,3437,35,80,0,15768000.0,0.0,446606570.5720344
B,3438,35,80,0,15768000.0,0.0,446606570.5720344
B,3439,35,80,0,15768000.0,0.0,446606570.5720344
B,3440,35,80,0,15768000.0,0.0,446606570.5720344
B,3441,35,80,0,15768000.0,0.0,446606570.5720344
B,3442,35,80,0,15768000.0,0.0,446606570.5720344
B,3443,35,80,0,15768000.0,0.0,446606570.5720344
B,3444,35,80,0,15768000.0,0.0,446606570.5720344
B,3445,35,80,0,15768000.0,0.0,446606570.5720344
B,3446,35,80,0,15768000.0,0.0,446606570.5720344
B,3447,35,80,0,15768000.0,0.0,446606570.5720344
B,3448,35,80,0,15768000.0,0.0,446606570.5720344
B,3449,35,80,0,15768000.0,0.0,446606570.5720344
B,3450,35,80,0,15768000.0,0.0,446606570.5720344
B,3451,35,80,0,15768000.0,0.0,446606570.5720344
B,3452,35,80,0,15768000.0,0.0,446606570.5720344
B,3453,35,80,0,15768000.0,0.0,446606570.5720344
B,3454,35,80,0,15768000.0,0.0,446606570.5720344
B,3455,35,80,0,15768000.0,0.0,446606570.5720344
B,3456,35,80,0,15768000.0,0.0,446606570.5720344
B,3457,35,80,0,15768000.0,0.0,446606570.5720344
B,3458,35,80,0,15768000.0,0.0,446606570.5720344
B,3459,35,80,0,15768000.0,0.0,446606570.5720344
B,3460,35,80,0,15768000.0,0.0,446606570.5720344
B,3461,35,80,0,15768000.0,0.0,446606570.5720344
B,3462,35,80,0,15768000.0,0.0,446606570.5720344
B,3463,35,80,0,15768000.0,0.0,446606570.5720344
B,3464,35,80,0,15768000.0,0.0,446606570.5720344
B,3465,35,80,0,15768000.0,0.0,446606570.5720344
B,3466,35,80,0,15768000.0,0.0,446606570.5720344
B,3467,35,80,0,15768000.0,0.0,446606570.5720344
B,3468,35,80,0,15768000.0,0.0,446606570.5720344
B,3469,35,80,0,15768000.0,0.0,446606570.5720344
B,3470,35,80,0,15768000.0,0.0,446606570.5720344
B,3471,35,80,0,15768000.0,0.0,446606570.5720344
B,3472,35,80,0,15768000.0,0.0,446606570.5720344
B,3473,35,80,0,15768000.0,0.0,446606570.5720344
B,3474,35,80,0,15768000.0,0.0,446606570.5720344
B,3475,35,80,0,15768000.0,0.0,446606570.5720344
B,3476,35,80,0,15768000.0,0.0,446606570.5720344
B,3477,35,80,0,15768000.0,0.0,446606570.5720344
B,3478,35,80,0,15768000.0,0.0,446606570.5720344
B,3479,35,80,0,15768000.0,0.0,446606570.5720344
B,3480,35,80,0,15768000.0,0.0,446606570.5720344
B,3481,35,80,0,15768000.0,0.0,446606570.5720344
B,3482,35,80,0,15768000.0,0.0,446606570.5720344
B,3483,35,80,0,15768000.0,0.0,446606570.5720344
B,3484,35,80,0,15768000.0,0.0,446606570.5720344
B,3485,35,80,0,15768000.0,0.0,446606570.5720344
B,3486,35,80,0,15768000.0,0.0,446606570.5720344
B,3487,35,80,0,15768000.0,0.0,446606570.5720344
B,3488,35,80,0,15768000.0,0.0,446606570.5720344
B,3489,35,80,0,15768000.0,0.0,446606570.5720344
B,3490,35,80,0,15768000.0,0.0,446606570.5720344
B,3491,35,80,0,15768000.0,0.0,446606570.5720344
B,3492,35,80,0,15768000.0,0.0,446606570.5720344
B,3493,35,80,0,15768000.0,0.0,446606570.5720344
B,3494,35,80,0,15768000.0,0.0,446606570.5720344
B,3495,35,80,0,15768000.0,0.0,446606570.5720344
B,3496,35,80,0,15768000.0,0.0,446606570.5720344
B,3497,35,80,0,15768000.0,0.0,446606570.5720344
B,3498,35,80,0,15768000.0,0.0,446606570.5720344
B,3499,35,80,0,15768000.0,0.0,446606570.5720344
B,3500,35,80,0,15768000.0,0.0,446606570.5720344
B,3501,35,80,0,15768000.0,0.0,446606570.5720344
B,3502,35,80,0,15768000.0,0.0,446606570.5720344
B,3503,35,80,0,15768000.0,0.0,446606570.5720344
B,3504,35,80,0,15768000.0,0.0,446606570.5720344
B,3505,35,80,0,15768000.0,0.0,446606570.5720344
B,3506,35,80,0,15768000.0,0.0,446606570.5720344
B,3507,35,80,0,15768000.0,0.0,446606570.5720344
B,3508,35,80,0,15768000.0,0.0,446606570.5720344
B,3509,35,80,0,15768000.0,0.0,446606570.5720344
B,3510,35,80,0,15768000.0,0.0,446606570.5720344
B,3511,35,80,0,15768000.0,0.0,446606570.5720344
B,3512,35,80,0,15768000.0,0.0,446606570.5720344
B,3513,35,80,0,15768000.0,0.0,446606570.5720344
B,3514,35,80,0,15768000.0,0.0,446606570.5720344
B,3515,35,80,0,15768000.0,0.0,446606570.5720344
B,3516,35,80,0,15768000.0,0.0,446606570.5720344
B,3517,35,80,0,15768000.0,0.0,446606570.5720344
B,3518,35,80,0,15768000.0,0.0,446606570.5720344
B,3519,35,80,0,15768000.0,0.0,446606570.5720344
B,3520,35,80,0,15768000.0,0.0,446606570.5720344
B,3521,35,80,0,15768000.0,0.0,446606570.5720344
B,3522,35,80,0,15768000.0,0.0,446606570.5720344
B,3523,35,80,0,15768000.0,0.0,446606570.5720344
B,3524,35,80,0,15768000.0,0.0,446606570.5720344
B,3525,35,80,0,15768000.0,0.0,446606570.5720344
B,3526,35,80,0,15768000.0,0.0,446606570.5720344
B,3527,35,80,0,15768000.0,0.0,446606570.5720344
B,3528,35,80,0,15768000.0,0.0,446606570.5720344
B,3529,35,80,0,15768000.0,0.0,446606570.5720344
B,3530,35,80,0,15768000.0,0.0,446606570.5720344
B,3531,35,80,0,15768000.0,0.0,446606570.5720344
B,3532,35,80,0,15768000.0,0.0,446606570.5720344
B,3533,35,80,0,15768000.0,0.0,446606570.5720344
B,3534,35,80,0,15768000.0,0.0,446606570.5720344
B,3535,35,80,0,15768000.0,0.0,446606570.5720344
B,3536,35,80,0,15768000.0,0.0,446606570.5720344
B,3537,35,80,0,15768000.0,0.0,446606570.5720344
B,3538,35,80,0,15768000.0,0.0,446606570.5720344
B,3539,35,80,0,15768000.0,0.0,446606570.5720344
B,3540,35,80,0,15768000.0,0.0,446606570.5720344
B,3541,35,80,0,15768000.0,0.0,446606570.5720344
B,3542,35,80,0,15768000.0,0.0,446606570.5720344
B,3543,35,80,0,15768000.0,0.0,446606570.5720344
B,3544,35,80,0,15768000.0,0.0,446606570.5720344
B,3545,35,80,0,15768000.0,0.0,446606570.5720344
B,3546,35,80,0,15768000.0,0.0,446606570.5720344
B,3547,35,80,0,15768000.0,0.0,446606570.5720344
B,3548,35,80,0,15768000.0,0.0,446606570.5720344
B,3549,35,80,0,15768000.0,0.0,446606570.5720344
B,3550,35,80,0,15768000.0,0.0,446606570.5720344
B,3551,35,80,0,15768000.0,0.0,446606570.5720344
B,3552,35,80,0,15768000.0,0.0,446606570.5720344
B,3553,35,80,0,15768000.0,0.0,446606570.5720344
B,3554,35,80,0,15768000.0,0.0,446606570.5720344
B,3555,35,80,0,15768000.0,0.0,446606570.5720344
B,3556,35,80,0,15768000.0,0.0,446606570.5720344
B,3557,35,80,0,15768000.0,0.0,446606570.5720344
B,3558,35,80,0,15768000.0,0.0,446606570.5720344
B,3559,35,80,0,15768000.0,0.0,446606570.5720344
B,3560,35,80,0,15768000.0,0.0,446606570.5720344
B,3561,35,80,0,15768000.0,0.0,446606570.5720344
B,3562,35,80,0,15768000.0,0.0,446606570.5720344
B,3563,35,80,0,15768000.0,0.0,446606570.5720344
B,3564,35,80,0,15768000.0,0.0,446606570.5720344
B,3565,35,80,0,15768000.0,0.0,446606570.5720344
B,3566,35,80,0,15768000.0,0.0,446606570.5720344
B,3567,35,80,0,15768000.0,0.0,446606570.5720344
B,3568,35,80,0,15768000.0,0.0,446606570.5720344
B,3569,35,80,0,15768000.0,0.0,446606570.5720344
B,3570,35,80,0,15768000.0,0.0,446606570.5720344
B,3571,35,80,0,15768000.0,0.0,446606570.5720344
B,3572,35,80,0,15768000.0,0.0,446606570.5720344
B,3573,35,80,0,15768000.0,0.0,446606570.5720344
B,3574,35,80,0,15768000.0,0.0,446606570.5720344
B,3575,35,80,0,15768000.0,0.0,446606570.5720344
B,3576,35,80,0,15768000.0,0.0,446606570.5720344
B,3577,35,80,0,15768000.0,0.0,446606570.5720344
B,3578,35,80,0,15768000.0,0.0,446606570.5720344
B,3579,35,80,0,15768000.0,0.0,446606570.5720344
B,3580,35,80,0,15768000.0,0.0,446606570.5720344
B,3581,35,80,0,15768000.0,0.0,446606570.5720344
B,3582,35,80,0,15768000.0,0.0,446606570.5720344
B,3583,35,80,0,15768000.0,0.0,446606570.5720344
B,3584,35,80,0,15768000.0,0.0,446606570.5720344
B,3585,35,80,0,15768000.0,0.0,446606570.5720344
B,3586,35,80,0,15768000.0,0.0,446606570.5720344
B,3587,35,80,0,15768000.0,0.0,446606570.5720344
B,3588,35,80,0,15768000.0,0.0,446606570.5720344
B,3589,35,80,0,15768000.0,0.0,446606570.5720344
B,3590,35,80,0,15768000.0,0.0,446606570.5720344
B,3591,35,80,0,15768000.0,0.0,446606570.5720344
B,3592,35,80,0,15768000.0,0.0,446606570.5720344
B,3593,35,80,0,15768000.0,0.0,446606570.5720344
B,3594,35,80,0,15768000.0,0.0,446606570.5720344
B,3595,35,80,0,15768000.0,0.0,446606570.5720344
B,3596,35,80,0,15768000.0,0.0,446606570.5720344
B,3597,35,80,0,15768000.0,0.0,446606570.5720344
B,3598,35,80,0,15768000.0,0.0,446606570.5720344
B,3599,35,80,0,15768000.0,0.0,446606570.5720344
B,3600,35,80,0,15768000.0,0.0,446606570.5720344
B,3601,35,80,0,15768000.0,0.0,446606570.5720344
B,3602,35,80,0,15768000.0,0.0,446606570.5720344
B,3603,35,80,0,15768000.0,0.0,446606570.5720344
B,3604,35,80,0,15768000.0,0.0,446606570.5720344
B,3605,35,80,0,15768000.0,0.0,446606570.5720344
B,3606,35,80,0,15768000.0,0.0,446606570.5720344
B,3607,35,80,0,15768000.0,0.0,446606570.5720344
B,3608,35,80,0,15768000.0,0.0,446606570.5720344
B,3609,35,80,0,15768000.0,0.0,446606570.5720344
B,3610,35,80,0,15768000.0,0.0,446606570.5720344
B,3611,35,80,0,15768000.0,0.0,446606570.5720344
B,3612,35,80,0,15768000.0,0.0,446606570.5720344
B,3613,35,80,0,15768000.0,0.0,446606570.5720344
B,3614,35,80,0,15768000.0,0.0,446606570.5720344
B,3615,35,80,0,15768000.0,0.0,446606570.5720344
B,3616,35,80,0,15768000.0,0.0,446606570.5720344
B,3617,35,80,0,15768000.0,0.0,446606570.5720344
B,3618,35,80,0,15768000.0,0.0,446606570.5720344
B,3619,35,80,0,15768000.0,0.0,446606570.5720344
B,3620,35,80,0,15768000.0,0.0,446606570.5720344
B,3621,35,80,0,15768000.0,0.0,446606570.5720344
B,3622,35,80,0,15768000.0,0.0,446606570.5720344
B,3623,35,80,0,15768000.0,0.0,446606570.5720344
B,3624,35,80,0,15768000.0,0.0,446606570.5720344
B,3625,35,80,0,15768000.0,0.0,446606570.5720344
B,3626,35,80,0,15768000.0,0.0,446606570.5720344
B,3627,35,80,0,15768000.0,0.0,446606570.5720344
B,3628,35,80,0,15768000.0,0.0,446606570.5720344
B,3629,35,80,0,15768000.0,0.0,446606570.5720344
B,3630,35,80,0,15768000.0,0.0,446606570.5720344
B,3631,35,80,0,15768000.0,0.0,446606570.5720344
B,3632,35,80,0,15768000.0,0.0,446606570.5720344
B,3633,35,80,0,15768000.0,0.0,446606570.5720344
B,3634,35,80,0,15768000.0,0.0,446606570.5720344
B,3635,35,80,0,15768000.0,0.0,446606570.5720344
B,3636,35,80,0,15768000.0,0.0,446606570.5720344
B,3637,35,80,0,15768000.0,0.0,446606570.5720344
B,3638,35,80,0,15768000.0,0.0,446606570.5720344
B,3639,35,80,0,15768000.0,0.0,446606570.5720344
B,3640,35,80,0,15768000.0,0.0,446606570.5720344
B,3641,35,80,0,15768000.0,0.0,446606570.5720344
B,3642,35,80,0,15768000.0,0.0,446606570.5720344
B,3643,35,80,0,15768000.0,0.0,446606570.5720344
B,3644,35,80,0,15768000.0,0.0,446606570.5720344
B,3645,35,80,0,15768000.0,0.0,446606570.5720344
B,3646,35,80,0,15768000.0,0.0,446606570.5720344
B,3647,35,80,0,15768000.0,0.0,446606570.5720344
B,3648,35,80,0,15768000.0,0.0,446606570.5720344
B,3649,35,80,0,15768000.0,0.0,446606570.5720344
B,3650,35,80,0,15768000.0,0.0,446606570.5720344
B,3651,35,80,0,15768000.0,0.0,446606570.5720344
B,3652,35,80,0,15768000.0,0.0,446606570.5720344
B,3653,35,80,0,15768000.0,0.0,446606570.5720344
B,3654,35,80,0,15768000.0,0.0,446606570.5720344
B,3655,35,80,0,15768000.0,0.0,446606570.5720344
B,3656,35,80,0,15768000.0,0.0,446606570.5720344
B,3657,35,80,0,15768000.0,0.0,446606570.5720344
B,3658,35,80,0,15768000.0,0.0,446606570.5720344
B,3659,35,80,0,15768000.0,0.0,446606570.5720344
B,3660,35,80,0,15768000.0,0.0,446606570.5720344
B,3661,35,80,0,15768000.0,0.0,446606570.5720344
B,3662,35,80,0,15768000.0,0.0,446606570.5720344
B,3663,35,80,0,15768000.0,0.0,446606570.5720344
B,3664,35,80,0,15768000.0,0.0,446606570.5720344
B,3665,35,80,0,15768000.0,0.0,446606570.5720344
B,3666,35,80,0,15768000.0,0.0,446606570.5720344
B,3667,35,80,0,15768000.0,0.0,446606570.5720344
B,3668,35,80,0,15768000.0,0.0,446606570.5720344
B,3669,35,80,0,15768000.0,0.0,446606570.5720344
B,3670,35,80,0,15768000.0,0.0,446606570.5720344
B,3671,35,80,0,15768000.0,0.0,446606570.5720344
B,3672,35,80,0,15768000.0,0.0,446606570.5720344
B,3673,35,80,0,15768000.0,0.0,446606570.5720344
B,3674,35,80,0,15768000.0,0.0,446606570.5720344
B,3675,35,80,0,15768000.0,0.0,446606570.5720344
B,3676,35,80,0,15768000.0,0.0,446606570.5720344
B,3677,35,80,0,15768000.0,0.0,446606570.5720344
B,3678,35,80,0,15768000.0,0.0,446606570.5720344
B,3679,35,80,0,15768000.0,0.0,446606570.5720344
B,3680,35,80,0,15768000.0,0.0,446606570.5720344
B,3681,35,80,0,15768000.0,0.0,446606570.5720344
B,3682,35,80,0,15768000.0,0.0,446606570.5720344
B,3683,35,80,0,15768000.0,0.0,446606570.5720344
B,3684,35,80,0,15768000.0,0.0,446606570.5720344
B,3685,35,80,0,15768000.0,0.0,446606570.5720344
B,3686,35,80,0,15768000.0,0.0,446606570.5720344
B,3687,35,80,0,15768000.0,0.0,446606570.5720344
B,3688,35,80,0,15768000.0,0.0,446606570.5720344
B,3689,35,80,0,15768000.0,0.0,446606570.5720344
B,3690,35,80,0,15768000.0,0.0,446606570.5720344
B,3691,35,80,0,15768000.0,0.0,446606570.5720344
B,3692,35,80,0,15768000.0,0.0,446606570.5720344
B,3693,35,80,0,15768000.0,0.0,446606570.5720344
B,3694,35,80,0,15768000.0,0.0,446606570.5720344
B,3695,35,80,0,15768000.0,0.0,446606570.5720344
B,3696,35,80,0,15768000.0,0.0,446606570.5720344
B,3697,35,80,0,15768000.0,0.0,446606570.5720344
B,3698,35,80,0,15768000.0,0.0,446606570.5720344
B,3699,35,80,0,15768000.0,0.0,446606570.5720344
B,3700,35,80,0,15768000.0,0.0,446606570.5720344
B,3701,35,80,0,15768000.0,0.0,446606570.5720344
B,3702,35,80,0,15768000.0,0.0,446606570.5720344
B,3703,35,80,0,15768000.0,0.0,446606570.5720344
B,3704,35,80,0,15768000.0,0.0,446606570.5720344
B,3705,35,80,0,15768000.0,0.0,446606570.5720344
B,3706,35,80,0,15768000.0,0.0,446606570.5720344
B,3707,35,80,0,15768000.0,0.0,446606570.5720344
B,3708,35,80,0,15768000.0,0.0,446606570.5720344
B,3709,35,80,0,15768000.0,0.0,446606570.5720344
B,3710,35,80,0,15768000.0,0.0,446606570.5720344
B,3711,35,80,0,15768000.0,0.0,446606570.5720344
B,3712,35,80,0,15768000.0,0.0,446606570.5720344
B,3713,35,80,0,15768000.0,0.0,446606570.5720344
B,3714,35,80,0,15768000.0,0.0,446606570.5720344
B,3715,35,80,0,15768000.0,0.0,446606570.5720344
B,3716,35,80,0,15768000.0,0.0,446606570.5720344
B,3717,35,80,0,15768000.0,0.0,446606570.5720344
B,3718,35,80,0,15768000.0,0.0,446606570.5720344
B,3719,35,80,0,15768000.0,0.0,446606570.5720344
B,3720,35,80,0,15768000.0,0.0,446606570.5720344
B,3721,35,80,0,15768000.0,0.0,446606570.5720344
B,3722,35,80,0,15768000.0,0.0,446606570.5720344
B,3723,35,80,0,15768000.0,0.0,446606570.5720344
B,3724,35,80,0,15768000.0,0.0,446606570.5720344
B,3725,35,80,0,15768000.0,0.0,446606570.5720344
B,3726,35,80,0,15768000.0,0.0,446606570.5720344
B,3727,35,80,0,15768000.0,0.0,446606570.5720344
B,3728,35,80,0,15768000.0,0.0,446606570.5720344
B,3729,35,80,0,15768000.0,0.0,446606570.5720344
B,3730,35,80,0,15768000.0,0.0,446606570.5720344
B,3731,35,80,0,15768000.0,0.0,446606570.5720344
B,3732,35,80,0,15768000.0,0.0,446606570.5720344
B,3733,35,80,0,15768000.0,0.0,446606570.5720344
B,3734,35,80,0,15768000.0,0.0,446606570.5720344
B,3735,35,80,0,15768000.0,0.0,446606570.5720344
B,3736,35,80,0,15768000.0,0.0,446606570.5720344
B,3737,35,80,0,15768000.0,0.0,446606570.5720344
B,3738,35,80,0,15768000.0,0.0,446606570.5720344
B,3739,35,80,0,15768000.0,0.0,446606570.5720344
B,3740,35,80,0,15768000.0,0.0,446606570.5720344
B,3741,35,80,0,15768000.0,0.0,446606570.5720344
B,3742,35,80,0,15768000.0,0.0,446606570.5720344
B,3743,35,80,0,15768000.0,0.0,446606570.5720344
B,3744,35,80,0,15768000.0,0.0,446606570.5720344
B,3745,35,80,0,15768000.0,0.0,446606570.5720344
B,3746,35,80,0,15768000.0,0.0,446606570.5720344
B,3747,35,80,0,15768000.0,0.0,446606570.5720344
B,3748,35,80,0,15768000.0,0.0,446606570.5720344
B,3749,35,80,0,15768000.0,0.0,446606570.5720344
B,3750,35,80,0,15768000.0,0.0,446606570.5720344
B,3751,35,80,0,15768000.0,0.0,446606570.5720344
B,3752,35,80,0,15768000.0,0.0,446606570.5720344
B,3753,35,80,0,15768000.0,0.0,446606570.5720344
B,3754,35,80,0,15768000.0,0.0,446606570.5720344
B,3755,35,80,0,15768000.0,0.0,446606570.5720344
B,3756,35,80,0,15768000.0,0.0,446606570.5720344
B,3757,35,80,0,15768000.0,0.0,446606570.5720344
B,3758,35,80,0,15768000.0,0.0,446606570.5720344
B,3759,35,80,0,15768000.0,0.0,446606570.5720344
B,3760,35,80,0,15768000.0,0.0,446606570.5720344
B,3761,35,80,0,15768000.0,0.0,446606570.5720344
B,3762,35,80,0,15768000.0,0.0,446606570.5720344
B,3763,35,80,0,15768000.0,0.0,446606570.5720344
B,3764,35,80,0,15768000.0,0.0,446606570.5720344
B,3765,35,80,0,15768000.0,0.0,446606570.5720344
B,3766,35,80,0,15768000.0,0.0,446606570.5720344
B,3767,35,80,0,15768000.0,0.0,446606570.5720344
B,3768,35,80,0,15768000.0,0.0,446606570.5720344
B,3769,35,80,0,15768000.0,0.0,446606570.5720344
B,3770,35,80,0,15768000.0,0.0,446606570.5720344
B,3771,35,80,0,15768000.0,0.0,446606570.5720344
B,3772,35,80,0,15768000.0,0.0,446606570.5720344
B,3773,35,80,0,15768000.0,0.0,446606570.5720344
B,3774,35,80,0,15768000.0,0.0,446606570.5720344
B,3775,35,80,0,15768000.0,0.0,446606570.5720344
B,3776,35,80,0,15768000.0,0.0,446606570.5720344
B,3777,35,80,0,15768000.0,0.0,446606570.5720344
B,3778,35,80,0,15768000.0,0.0,446606570.5720344
B,3779,35,80,0,15768000.0,0.0,446606570.5720344
B,3780,35,80,0,15768000.0,0.0,446606570.5720344
B,3781,35,80,0,15768000.0,0.0,446606570.5720344
B,3782,35,80,0,15768000.0,0.0,446606570.5720344
B,3783,35,80,0,15768000.0,0.0,446606570.5720344
B,3784,35,80,0,15768000.0,0.0,446606570.5720344
B,3785,35,80,0,15768000.0,0.0,446606570.5720344
B,3786,35,80,0,15768000.0,0.0,446606570.5720344
B,3787,35,80,0,15768000.0,0.0,446606570.5720344
B,3788,35,80,0,15768000.0,0.0,446606570.5720344
B,3789,35,80,0,15768000.0,0.0,446606570.5720344
B,3790,35,80,0,15768000.0,0.0,446606570.5720344
B,3791,35,80,0,15768000.0,0.0,446606570.5720344
B,3792,35,80,0,15768000.0,0.0,446606570.5720344
B,3793,35,80,0,15768000.0,0.0,446606570.5720344
B,3794,35,80,0,15768000.0,0.0,446606570.5720344
B,3795,35,80,0,15768000.0,0.0,446606570.5720344
B,3796,35,80,0,15768000.0,0.0,446606570.5720344
B,3797,35,80,0,15768000.0,0.0,446606570.5720344
B,3798,35,80,0,15768000.0,0.0,446606570.5720344
B,3799,35,80,0,15768000.0,0.0,446606570.5720344
B,3800,35,80,0,15768000.0,0.0,446606570.5720344
B,3801,35,80,0,15768000.0,0.0,446606570.5720344
B,3802,35,80,0,15768000.0,0.0,446606570.5720344
B,3803,35,80,0,15768000.0,0.0,446606570.5720344
B,3804,35,80,0,15768000.0,0.0,446606570.5720344
B,3805,35,80,0,15768000.0,0.0,446606570.5720344
B,3806,35,80,0,15768000.0,0.0,446606570.5720344
B,3807,35,80,0,15768000.0,0.0,446606570.5720344
B,3808,35,80,0,15768000.0,0.0,446606570.5720344
B,3809,35,80,0,15768000.0,0.0,446606570.5720344
B,3810,35,80,0,15768000.0,0.0,446606570.5720344
B,3811,35,80,0,15768000.0,0.0,446606570.5720344
B,3812,35,80,0,15768000.0,0.0,446606570.5720344
B,3813,35,80,0,15768000.0,0.0,446606570.5720344
B,3814,35,80,0,15768000.0,0.0,446606570.5720344
B,3815,35,80,0,15768000.0,0.0,446606570.5720344
B,3816,35,80,0,15768000.0,0.0,446606570.5720344
B,3817,35,80,0,15768000.0,0.0,446606570.5720344
B,3818,35,80,0,15768000.0,0.0,446606570.5720344
B,3819,35,80,0,15768000.0,0.0,446606570.5720344
B,3820,35,80,0,15768000.0,0.0,446606570.5720344
B,3821,35,80,0,15768000.0,0.0,446606570.5720344
B,3822,35,80,0,15768000.0,0.0,446606570.5720344
B,3823,35,80,0,15768000.0,0.0,446606570.5720344
B,3824,35,80,0,15768000.0,0.0,446606570.5720344
B,3825,35,80,0,15768000.0,0.0,446606570.5720344
B,3826,35,80,0,15768000.0,0.0,446606570.5720344
B,3827,35,80,0,15768000.0,0.0,446606570.5720344
B,3828,35,80,0,15768000.0,0.0,446606570.5720344
B,3829,35,80,0,15768000.0,0.0,446606570.5720344
B,3830,35,80,0,15768000.0,0.0,446606570.5720344
B,3831,35,80,0,15768000.0,0.0,446606570.5720344
B,3832,35,80,0,15768000.0,0.0,446606570.5720344
B,3833,35,80,0,15768000.0,0.0,446606570.5720344
B,3834,35,80,0,15768000.0,0.0,446606570.5720344
B,3835,35,80,0,15768000.0,0.0,446606570.5720344
B,3836,35,80,0,15768000.0,0.0,446606570.5720344
B,3837,35,80,0,15768000.0,0.0,446606570.5720344
B,3838,35,80,0,15768000.0,0.0,446606570.5720344
B,3839,35,80,0,15768000.0,0.0,446606570.5720344
B,3840,35,80,0,15768000.0,0.0,446606570.5720344
B,3841,35,80,0,15768000.0,0.0,446606570.5720344
B,3842,35,80,0,15768000.0,0.0,446606570.5720344
B,3843,35,80,0,15768000.0,0.0,446606570.5720344
B,3844,35,80,0,15768000.0,0.0,446606570.5720344
B,3845,35,80,0,15768000.0,0.0,446606570.5720344
B,3846,35,80,0,15768000.0,0.0,446606570.5720344
B,3847,35,80,0,15768000.0,0.0,446606570.5720344
B,3848,35,80,0,15768000.0,0.0,446606570.5720344
B,3849,35,80,0,15768000.0,0.0,446606570.5720344
B,3850,35,80,0,15768000.0,0.0,446606570.5720344
B,3851,35,80,0,15768000.0,0.0,446606570.5720344
B,3852,35,80,0,15768000.0,0.0,446606570.5720344
B,3853,35,80,0,15768000.0,0.0,446606570.5720344
B,3854,35,80,0,15768000.0,0.0,446606570.5720344
B,3855,35,80,0,15768000.0,0.0,446606570.5720344
B,3856,35,80,0,15768000.0,0.0,446606570.5720344
B,3857,35,80,0,15768000.0,0.0,446606570.5720344
B,3858,35,80,0,15768000.0,0.0,446606570.5720344
B,3859,35,80,0,15768000.0,0.0,446606570.5720344
B,3860,35,80,0,15768000.0,0.0,446606570.5720344
B,3861,35,80,0,15768000.0,0.0,446606570.5720344
B,3862,35,80,0,15768000.0,0.0,446606570.5720344
B,3863,35,80,0,15768000.0,0.0,446606570.5720344
B,3864,35,80,0,15768000.0,0.0,446606570.5720344
B,3865,35,80,0,15768000.0,0.0,446606570.5720344
B,3866,35,80,0,15768000.0,0.0,446606570.5720344
B,3867,35,80,0,15768000.0,0.0,446606570.5720344
B,3868,35,80,0,15768000.0,0.0,446606570.5720344
B,3869,35,80,0,15768000.0,0.0,446606570.5720344
B,3870,35,80,0,15768000.0,0.0,446606570.5720344
B,3871,35,80,0,15768000.0,0.0,446606570.5720344
B,3872,35,80,0,15768000.0,0.0,446606570.5720344
B,3873,35,80,0,15768000.0,0.0,446606570.5720344
B,3874,35,80,0,15768000.0,0.0,446606570.5720344
B,3875,35,80,0,15768000.0,0.0,446606570.5720344
B,3876,35,80,0,15768000.0,0.0,446606570.5720344
B,3877,35,80,0,15768000.0,0.0,446606570.5720344
B,3878,35,80,0,15768000.0,0.0,446606570.5720344
B,3879,35,80,0,15768000.0,0.0,446606570.5720344
B,3880,35,80,0,15768000.0,0.0,446606570.5720344
B,3881,35,80,0,15768000.0,0.0,446606570.5720344
B,3882,35,80,0,15768000.0,0.0,446606570.5720344
B,3883,35,80,0,15768000.0,0.0,446606570.5720344
B,3884,35,80,0,15768000.0,0.0,446606570.5720344
B,3885,35,80,0,15768000.0,0.0,446606570.5720344
B,3886,35,80,0,15768000.0,0.0,446606570.5720344
B,3887,35,80,0,15768000.0,0.0,446606570.5720344
B,3888,35,80,0,15768000.0,0.0,446606570.5720344
B,3889,35,80,0,15768000.0,0.0,446606570.5720344
B,3890,35,80,0,15768000.0,0.0,446606570.5720344
B,3891,35,80,0,15768000.0,0.0,446606570.5720344
B,3892,35,80,0,15768000.0,0.0,446606570.5720344
B,3893,35,80,0,15768000.0,0.0,446606570.5720344
B,3894,35,80,0,15768000.0,0.0,446606570.5720344
B,3895,35,80,0,15768000.0,0.0,446606570.5720344
B,3896,35,80,0,15768000.0,0.0,446606570.5720344
B,3897,35,80,0,15768000.0,0.0,446606570.5720344
B,3898,35,80,0,15768000.0,0.0,446606570.5720344
B,3899,35,80,0,15768000.0,0.0,446606570.5720344
B,3900,35,80,0,15768000.0,0.0,446606570.5720344
B,3901,35,80,0,15768000.0,0.0,446606570.5720344
B,3902,35,80,0,15768000.0,0.0,446606570.5720344
B,3903,35,80,0,15768000.0,0.0,446606570.5720344
B,3904,35,80,0,15768000.0,0.0,446606570.5720344
B,3905,35,80,0,15768000.0,0.0,446606570.5720344
B,3906,35,80,0,15768000.0,0.0,446606570.5720344
B,3907,35,80,0,15768000.0,0.0,446606570.5720344
B,3908,35,80,0,15768000.0,0.0,446606570.5720344
B,3909,35,80,0,15768000.0,0.0,446606570.5720344
B,3910,35,80,0,15768000.0,0.0,446606570.5720344
B,3911,35,80,0,15768000.0,0.0,446606570.5720344
B,3912,35,80,0,15768000.0,0.0,446606570.5720344
B,3913,35,80,0,15768000.0,0.0,446606570.5720344
B,3914,35,80,0,15768000.0,0.0,446606570.5720344
B,3915,35,80,0,15768000.0,0.0,446606570.5720344
B,3916,35,80,0,15768000.0,0.0,446606570.5720344
B,3917,35,80,0,15768000.0,0.0,446606570.5720344
B,3918,35,80,0,15768000.0,0.0,446606570.5720344
B,3919,35,80,0,15768000.0,0.0,446606570.5720344
B,3920,35,80,0,15768000.0,0.0,446606570.5720344
B,3921,35,80,0,15768000.0,0.0,446606570.5720344
B,3922,35,80,0,15768000.0,0.0,446606570.5720344
B,3923,35,80,0,15768000.0,0.0,446606570.5720344
B,3924,35,80,0,15768000.0,0.0,446606570.5720344
B,3925,35,80,0,15768000.0,0.0,446606570.5720344
B,3926,35,80,0,15768000.0,0.0,446606570.5720344
B,3927,35,80,0,15768000.0,0.0,446606570.5720344
B,3928,35,80,0,15768000.0,0.0,446606570.5720344
B,3929,35,80,0,15768000.0,0.0,446606570.5720344
B,3930,35,80,0,15768000.0,0.0,446606570.5720344
B,3931,35,80,0,15768000.0,0.0,446606570.5720344
B,3932,35,80,0,15768000.0,0.0,446606570.5720344
B,3933,35,80,0,15768000.0,0.0,446606570.5720344
B,3934,35,80,0,15768000.0,0.0,446606570.5720344
B,3935,35,80,0,15768000.0,0.0,446606570.5720344
B,3936,35,80,0,15768000.0,0.0,446606570.5720344
B,3937,35,80,0,15768000.0,0.0,446606570.5720344
B,3938,35,80,0,15768000.0,0.0,446606570.5720344
B,3939,35,80,0,15768000.0,0.0,446606570.5720344
B,3940,35,80,0,15768000.0,0.0,446606570.5720344
B,3941,35,80,0,15768000.0,0.0,446606570.5720344
B,3942,35,80,0,15768000.0,0.0,446606570.5720344
B,3943,35,80,0,15768000.0,0.0,446606570.5720344
B,3944,35,80,0,15768000.0,0.0,446606570.5720344
B,3945,35,80,0,15768000.0,0.0,446606570.5720344
B,3946,35,80,0,15768000.0,0.0,446606570.5720344
B,3947,35,80,0,15768000.0,0.0,446606570.5720344
B,3948,35,80,0,15768000.0,0.0,446606570.5720344
B,3949,35,80,0,15768000.0,0.0,446606570.5720344
B,3950,35,80,0,15768000.0,0.0,446606570.5720344
B,3951,35,80,0,15768000.0,0.0,446606570.5720344
B,3952,35,80,0,15768000.0,0.0,446606570.5720344
B,3953,35,80,0,15768000.0,0.0,446606570.5720344
B,3954,35,80,0,15768000.0,0.0,446606570.5720344
B,3955,35,80,0,15768000.0,0.0,446606570.5720344
B,3956,35,80,0,15768000.0,0.0,446606570.5720344
B,3957,35,80,0,15768000.0,0.0,446606570.5720344
B,3958,35,80,0,15768000.0,0.0,446606570.5720344
B,3959,35,80,0,15768000.0,0.0,446606570.5720344
B,3960,35,80,0,15768000.0,0.0,446606570.5720344
B,3961,35,80,0,15768000.0,0.0,446606570.5720344
B,3962,35,80,0,15768000.0,0.0,446606570.5720344
B,3963,35,80,0,15768000.0,0.0,446606570.5720344
B,3964,35,80,0,15768000.0,0.0,446606570.5720344
B,3965,35,80,0,15768000.0,0.0,446606570.5720344
B,3966,35,80,0,15768000.0,0.0,446606570.5720344
B,3967,35,80,0,15768000.0,0.0,446606570.5720344
B,3968,35,80,0,15768000.0,0.0,446606570.5720344
B,3969,35,80,0,15768000.0,0.0,446606570.5720344
B,3970,35,80,0,15768000.0,0.0,446606570.5720344
B,3971,35,80,0,15768000.0,0.0,446606570.5720344
B,3972,35,80,0,15768000.0,0.0,446606570.5720344
B,3973,35,80,0,15768000.0,0.0,446606570.5720344
B,3974,35,80,0,15768000.0,0.0,446606570.5720344
B,3975,35,80,0,15768000.0,0.0,446606570.5720344
B,3976,35,80,0,15768000.0,0.0,446606570.5720344
B,3977,35,80,0,15768000.0,0.0,446606570.5720344
B,3978,35,80,0,15768000.0,0.0,446606570.5720344
B,3979,35,80,0,15768000.0,0.0,446606570.5720344
B,3980,35,80,0,15768000.0,0.0,446606570.5720344
B,3981,35,80,0,15768000.0,0.0,446606570.5720344
B,3982,35,80,0,15768000.0,0.0,446606570.5720344
B,3983,35,80,0,15768000.0,0.0,446606570.5720344
B,3984,35,80,0,15768000.0,0.0,446606570.5720344
B,3985,35,80,0,15768000.0,0.0,446606570.5720344
B,3986,35,80,0,15768000.0,0.0,446606570.5720344
B,3987,35,80,0,15768000.0,0.0,446606570.5720344
B,3988,35,80,0,15768000.0,0.0,446606570.5720344
B,3989,35,80,0,15768000.0,0.0,446606570.5720344
B,3990,35,80,0,15768000.0,0.0,446606570.5720344
B,3991,35,80,0,15768000.0,0.0,446606570.5720344
B,3992,35,80,0,15768000.0,0.0,446606570.5720344
B,3993,35,80,0,15768000.0,0.0,446606570.5720344
B,3994,35,80,0,15768000.0,0.0,446606570.5720344
B,3995,35,80,0,15768000.0,0.0,446606570.5720344
B,3996,35,80,0,15768000.0,0.0,446606570.5720344
B,3997,35,80,0,15768000.0,0.0,446606570.5720344
B,3998,35,80,0,15768000.0,0.0,446606570.5720344
B,3999,35,80,0,15768000.0,0.0,446606570.5720344
B,4000,35,80,0,15768000.0,0.0,446606570.5720344
B,4001,35,80,0,15768000.0,0.0,446606570.5720344
B,4002,35,80,0,15768000.0,0.0,446606570.5720344
B,4003,35,80,0,15768000.0,0.0,446606570.5720344
B,4004,35,80,0,15768000.0,0.0,446606570.5720344
B,4005,35,80,0,15768000.0,0.0,446606570.5720344
B,4006,35,80,0,15768000.0,0.0,446606570.5720344
B,4007,35,80,0,15768000.0,0.0,446606570.5720344
B,4008,35,80,0,15768000.0,0.0,446606570.5720344
B,4009,35,80,0,15768000.0,0.0,446606570.5720344
B,4010,35,80,0,15768000.0,0.0,446606570.5720344
B,4011,35,80,0,15768000.0,0.0,446606570.5720344
B,4012,35,80,0,15768000.0,0.0,446606570.5720344
B,4013,35,80,0,15768000.0,0.0,446606570.5720344
B,4014,35,80,0,15768000.0,0.0,446606570.5720344
B,4015,35,80,0,15768000.0,0.0,446606570.5720344
B,4016,35,80,0,15768000.0,0.0,446606570.5720344
B,4017,35,80,0,15768000.0,0.0,446606570.5720344
B,4018,35,80,0,15768000.0,0.0,446606570.5720344
B,4019,35,80,0,15768000.0,0.0,446606570.5720344
B,4020,35,80,0,15768000.0,0.0,446606570.5720344
B,4021,35,80,0,15768000.0,0.0,446606570.5720344
B,4022,35,80,0,15768000.0,0.0,446606570.5720344
B,4023,35,80,0,15768000.0,0.0,446606570.5720344
B,4024,35,80,0,15768000.0,0.0,446606570.5720344
B,4025,35,80,0,15768000.0,0.0,446606570.5720344
B,4026,35,80,0,15768000.0,0.0,446606570.5720344
B,4027,35,80,0,15768000.0,0.0,446606570.5720344
B,4028,35,80,0,15768000.0,0.0,446606570.5720344
B,4029,35,80,0,15768000.0,0.0,446606570.5720344
B,4030,35,80,0,15768000.0,0.0,446606570.5720344
B,4031,35,80,0,15768000.0,0.0,446606570.5720344
B,4032,35,80,0,15768000.0,0.0,446606570.5720344
B,4033,35,80,0,15768000.0,0.0,446606570.5720344
B,4034,35,80,0,15768000.0,0.0,446606570.5720344
B,4035,35,80,0,15768000.0,0.0,446606570.5720344
B,4036,35,80,0,15768000.0,0.0,446606570.5720344
B,4037,35,80,0,15768000.0,0.0,446606570.5720344
B,4038,35,80,0,15768000.0,0.0,446606570.5720344
B,4039,35,80,0,15768000.0,0.0,446606570.5720344
B,4040,35,80,0,15768000.0,0.0,446606570.5720344
B,4041,35,80,0,15768000.0,0.0,446606570.5720344
B,4042,35,80,0,15768000.0,0.0,446606570.5720344
B,4043,35,80,0,15768000.0,0.0,446606570.5720344
B,4044,35,80,0,15768000.0,0.0,446606570.5720344
B,4045,35,80,0,15768000.0,0.0,446606570.5720344
B,4046,35,80,0,15768000.0,0.0,446606570.5720344
B,4047,35,80,0,15768000.0,0.0,446606570.5720344
B,4048,35,80,0,15768000.0,0.0,446606570.5720344
B,4049,35,80,0,15768000.0,0.0,446606570.5720344
B,4050,35,80,0,15768000.0,0.0,446606570.5720344
B,4051,35,80,0,15768000.0,0.0,446606570.5720344
B,4052,35,80,0,15768000.0,0.0,446606570.5720344
B,4053,35,80,0,15768000.0,0.0,446606570.5720344
B,4054,35,80,0,15768000.0,0.0,446606570.5720344
B,4055,35,80,0,15768000.0,0.0,446606570.5720344
B,4056,35,80,0,15768000.0,0.0,446606570.5720344
B,4057,35,80,0,15768000.0,0.0,446606570.5720344
B,4058,35,80,0,15768000.0,0.0,446606570.5720344
B,4059,35,80,0,15768000.0,0.0,446606570.5720344
B,4060,35,80,0,15768000.0,0.0,446606570.5720344
B,4061,35,80,0,15768000.0,0.0,446606570.5720344
B,4062,35,80,0,15768000.0,0.0,446606570.5720344
B,4063,35,80,0,15768000.0,0.0,446606570.5720344
B,4064,35,80,0,15768000.0,0.0,446606570.5720344
B,4065,35,80,0,15768000.0,0.0,446606570.5720344
B,4066,35,80,0,15768000.0,0.0,446606570.5720344
B,4067,35,80,0,15768000.0,0.0,446606570.5720344
B,4068,35,80,0,15768000.0,0.0,446606570.5720344
B,4069,35,80,0,15768000.0,0.0,446606570.5720344
B,4070,35,80,0,15768000.0,0.0,446606570.5720344
B,4071,35,80,0,15768000.0,0.0,446606570.5720344
B,4072,35,80,0,15768000.0,0.0,446606570.5720344
B,4073,35,80,0,15768000.0,0.0,446606570.5720344
B,4074,35,80,0,15768000.0,0.0,446606570.5720344
B,4075,35,80,0,15768000.0,0.0,446606570.5720344
B,4076,35,80,0,15768000.0,0.0,446606570.5720344
B,4077,35,80,0,15768000.0,0.0,446606570.5720344
B,4078,35,80,0,15768000.0,0.0,446606570.5720344
B,4079,35,80,0,15768000.0,0.0,446606570.5720344
B,4080,35,80,0,15768000.0,0.0,446606570.5720344
B,4081,35,80,0,15768000.0,0.0,446606570.5720344
B,4082,35,80,0,15768000.0,0.0,446606570.5720344
B,4083,35,80,0,15768000.0,0.0,446606570.5720344
B,4084,35,80,0,15768000.0,0.0,446606570.5720344
B,4085,35,80,0,15768000.0,0.0,446606570.5720344
B,4086,35,80,0,15768000.0,0.0,446606570.5720344
B,4087,35,80,0,15768000.0,0.0,446606570.5720344
B,4088,35,80,0,15768000.0,0.0,446606570.5720344
B,4089,35,80,0,15768000.0,0.0,446606570.5720344
B,4090,35,80,0,15768000.0,0.0,446606570.5720344
B,4091,35,80,0,15768000.0,0.0,446606570.5720344
B,4092,35,80,0,15768000.0,0.0,446606570.5720344
B,4093,35,80,0,15768000.0,0.0,446606570.5720344
B,4094,35,80,0,15768000.0,0.0,446606570.5720344
B,4095,35,80,0,15768000.0,0.0,446606570.5720344
B,4096,35,80,0,15768000.0,0.0,446606570.5720344
C,1,220.0,240,0,15768000.0,0.0,0.0
C,2,187.0,240,0,15768000.0,0.0,0.0
C,3,170.04126407363364,240,0,15768000.0,0.0,0.0
C,4,158.95,240,0,15768000.0,0.0,0.0
C,5,150.84763354340654,140,10.847633543406545,15768000.0,171045485.7124344,171045485.7124344
C,6,144.5350744625886,140,4.535074462588597,15768000.0,71509054.126097,242554539.8385314
C,7,139.40442342355234,140,0,15768000.0,0.0,242554539.8385314
C,8,135.1075,140,0,15768000.0,0.0,242554539.8385314
C,9,131.42741585345095,140,0,15768000.0,0.0,242554539.8385314
C,10,128.22048851189555,140,0,15768000.0,0.0,242554539.8385314
C,11,125.38693335147839,140,0,15768000.0,0.0,242554539.8385314
C,12,122.85481329320031,140,0,15768000.0,0.0,242554539.8385314
C,13,120.57066887114084,140,0,15768000.0,0.0,242554539.8385314
C,14,118.49375991001949,140,0,15768000.0,0.0,242554539.8385314
C,15,116.59237404653231,140,0,15768000.0,0.0,242554539.8385314
C,16,114.84137499999997,140,0,15768000.0,0.0,242554539.8385314
C,17,113.22052448402334,80,33.22052448402334,15768000.0,523821230.06408006,766375769.9026115
C,18,111.7133034754333,80,31.713303475433307,15768000.0,500055369.2006324,1266431139.1032438
C,19,110.30606534579624,80,30.30606534579624,15768000.0,477866038.37251514,1744297177.475759
C,20,108.98741523511121,80,28.987415235111214,15768000.0,457073563.42723364,2201370740.9029927
C,21,107.74774716544044,80,27.747747165440444,15768000.0,437526477.3046649,2638897218.207658
C,22,106.57889334875664,80,26.578893348756637,15768000.0,419095990.3231946,3057993208.5308523
C,23,105.47385472984286,80,25.473854729842856,15768000.0,401671741.3801621,3459664949.9110146
C,24,104.42659129922026,80,24.426591299220263,15768000.0,385158491.6061051,3844823441.5171194
C,25,103.43185702566305,80,23.43185702566305,15768000.0,369473521.580655,4214296963.0977745
C,26,102.48506854046971,80,22.48506854046971,15768000.0,354544560.7461264,4568841523.843901
C,27,101.58219966205418,80,21.58219966205418,15768000.0,340308124.2712703,4909149648.115171
C,28,100.71969592351657,80,20.719695923516568,15768000.0,326708165.32200927,5235857813.4371805
C,29,99.89440474263068,80,19.894404742630684,15768000.0,313694973.9818006,5549552787.418982
C,30,99.10351793955246,80,19.10351793955246,15768000.0,301224270.8708632,5850777058.2898445
C,31,98.34452408654654,80,18.344524086546542,15768000.0,289256455.7966659,6140033514.086511
C,32,97.61516875,80,17.615168749999995,15768000.0,277755980.8499999,6417789494.93651
C,33,96.91342111546291,80,16.91342111546291,15768000.0,266690824.14861917,6684480319.085129
C,34,96.23744581141985,80,16.237445811419846,15768000.0,256032045.55446813,6940512364.639597
C,35,95.58557899511774,80,15.585578995117743,15768000.0,245753409.59501657,7186265774.234613
C,36,94.95630795411832,80,14.956307954118316,15768000.0,235831063.8205376,7422096838.055151
C,37,94.34825362476026,80,14.348253624760261,15768000.0,226243263.1552198,7648340101.210371
C,38,93.76015554392681,80,13.760155543926814,15768000.0,216970132.616638,7865310233.827009
C,39,93.1908588411468,80,13.190858841146806,15768000.0,207993462.20720282,8073303696.034212
C,40,92.63930294984453,80,12.639302949844534,15768000.0,199296528.9131486,8272600224.947361
C,41,92.10451177378029,80,12.104511773780288,15768000.0,190863941.6489676,8463464166.596329
C,42,91.58558509062438,80,11.585585090624377,15768000.0,182681505.70896518,8646145672.305294
C,43,91.0816910116347,80,11.081691011634703,15768000.0,174736103.871456,8820881776.17675
C,44,90.59205934644314,80,10.592059346443136,15768000.0,167015591.77471536,8987897367.951466
C,45,90.11597574644668,80,10.11597574644668,15768000.0,159508705.56997123,9147406073.521437
C,46,89.65277652036642,80,9.652776520366416,15768000.0,152204980.17313763,9299611053.694574
C,47,89.20184403206,80,9.201844032059995,15768000.0,145094676.697522,9444705730.392096
C,48,88.76260260433722,80,8.762602604337218,15768000.0,138168717.86518925,9582874448.257284
C,49,88.33451486387757,80,8.334514863877573,15768000.0,131418630.37362157,9714293078.630905
C,50,87.9170784718136,80,7.917078471813596,15768000.0,124836493.34355679,9839129571.974463
C,51,87.50982319246872,80,7.5098231924687155,15768000.0,118414892.0988467,9957544464.073309
C,52,87.11230825939926,80,7.112308259399256,15768000.0,112146876.63420747,10069691340.707516
C,53,86.72412000350722,80,6.724120003507224,15768000.0,106025924.2153019,10175717264.922817
C,54,86.34486971274606,80,6.3448697127460605,15768000.0,100045905.63057989,10275763170.553396
C,55,85.97419169697886,80,5.974191696978863,15768000.0,94201054.67796272,10369964225.23136
C,56,85.61174153498908,80,5.611741534989079,15768000.0,88485940.5237078,10458450165.755068
C,57,85.25719448358196,80,5.257194483581955,15768000.0,82895442.61712027,10541345608.372189
C,58,84.91024403123608,80,4.910244031236076,15768000.0,77424727.88453044,10618770336.25672
C,59,84.57060058092792,80,4.570600580927916,15768000.0,72069229.96007138,10690839566.216791
C,60,84.23799024861958,80,4.237990248619582,15768000.0,66824630.24023356,10757664196.457026
C,61,83.9121537655122,80,3.912153765512201,15768000.0,61686840.57459639,10819351037.031622
C,62,83.59284547356457,80,3.592845473564566,15768000.0,56651987.427166075,10876003024.458788
C,63,83.27983240498988,80,3.2798324049898753,15768000.0,51716397.361880355,10927719421.82067
C,64,82.97289343749999,80,2.972893437499991,15768000.0,46876583.722499855,10974596005.543169
C,65,82.67181851798759,80,2.671818517987589,15768000.0,42129234.3916283,11016725239.934797
C,66,82.37640794814347,80,2.3764079481434663,15768000.0,37471200.52632618,11054196440.461124
C,67,82.0864717262118,80,2.0864717262117978,15768000.0,32899486.17890763,11087095926.640032
C,68,81.80182893970687,80,1.8018289397068656,15768000.0,28411238.721297856,11115507165.36133
C,69,81.52230720446036,80,1.5223072044603612,15768000.0,24003739.999930974,11139510905.361261
C,70,81.24774214585008,80,1.2477421458500828,15768000.0,19674398.155764107,11159185303.517025
C,71,80.97797691848518,80,0.977976918485183,15768000.0,15420740.050674366,11174606043.5677
C,72,80.71286176100057,80,0.7128617610005676,15768000.0,11240404.247456951,11185846447.815157
C,73,80.45225358294508,80,0.452253582945076,15768000.0,7131134.495877959,11192977582.311035
C,74,80.19601558104621,80,0.1960155810462112,15768000.0,3090773.681936658,11196068355.992971
C,75,79.94401688239587,80,0,15768000.0,0.0,11196068355.992971
C,76,79.69613221233779,80,0,15768000.0,0.0,11196068355.992971
C,77,79.45224158504651,80,0,15768000.0,0.0,11196068355.992971
C,78,79.21223001497478,80,0,15768000.0,0.0,11196068355.992971
C,79,78.97598724751475,80,0,15768000.0,0.0,11196068355.992971
C,80,78.74340750736786,80,0,15768000.0,0.0,11196068355.992971
C,81,78.51438926325424,80,0,15768000.0,0.0,11196068355.992971
C,82,78.28883500771325,80,0,15768000.0,0.0,11196068355.992971
C,83,78.06665105085614,80,0,15768000.0,0.0,11196068355.992971
C,84,77.84774732703072,80,0,15768000.0,0.0,11196068355.992971
C,85,77.63203721344655,80,0,15768000.0,0.0,11196068355.992971
C,86,77.4194373598895,80,0,15768000.0,0.0,11196068355.992971
C,87,77.20986752872776,80,0,15768000.0,0.0,11196068355.992971
C,88,77.00325044447665,80,0,15768000.0,0.0,11196068355.992971
C,89,76.79951165225008,80,0,15768000.0,0.0,11196068355.992971
C,90,76.59857938447968,80,0,15768000.0,0.0,11196068355.992971
C,91,76.4003844353338,80,0,15768000.0,0.0,11196068355.992971
C,92,76.20486004231145,80,0,15768000.0,0.0,11196068355.992971
C,93,76.01194177452857,80,0,15768000.0,0.0,11196068355.992971
C,94,75.82156742725098,80,0,15768000.0,0.0,11196068355.992971
C,95,75.6336769222624,80,0,15768000.0,0.0,11196068355.992971
C,96,75.44821221368663,80,0,15768000.0,0.0,11196068355.992971
C,97,75.26511719891262,80,0,15768000.0,0.0,11196068355.992971
C,98,75.08433763429593,80,0,15768000.0,0.0,11196068355.992971
C,99,74.90582105533495,80,0,15768000.0,0.0,11196068355.992971
C,100,74.72951670104156,80,0,15768000.0,0.0,11196068355.992971
C,101,74.55537544224656,80,0,15768000.0,0.0,11196068355.992971
C,102,74.38334971359842,80,0,15768000.0,0.0,11196068355.992971
C,103,74.21339344903059,80,0,15768000.0,0.0,11196068355.992971
C,104,74.04546202048937,80,0,15768000.0,0.0,11196068355.992971
C,105,73.8795121797272,80,0,15768000.0,0.0,11196068355.992971
C,106,73.71550200298114,80,0,15768000.0,0.0,11196068355.992971
C,107,73.55339083836728,80,0,15768000.0,0.0,11196068355.992971
C,108,73.39313925583414,80,0,15768000.0,0.0,11196068355.992971
C,109,73.23470899952783,80,0,15768000.0,0.0,11196068355.992971
C,110,73.07806294243204,80,0,15768000.0,0.0,11196068355.992971
C,111,72.92316504315464,80,0,15768000.0,0.0,11196068355.992971
C,112,72.76998030474071,80,0,15768000.0,0.0,11196068355.992971
C,113,72.61847473540014,80,0,15768000.0,0.0,11196068355.992971
C,114,72.46861531104466,80,0,15768000.0,0.0,11196068355.992971
C,115,72.32036993953561,80,0,15768000.0,0.0,11196068355.992971
C,116,72.17370742655066,80,0,15768000.0,0.0,11196068355.992971
C,117,72.02859744298254,80,0,15768000.0,0.0,11196068355.992971
C,118,71.88501049378873,80,0,15768000.0,0.0,11196068355.992971
C,119,71.74291788821574,80,0,15768000.0,0.0,11196068355.992971
C,120,71.60229171132664,80,0,15768000.0,0.0,11196068355.992971
C,121,71.46310479676401,80,0,15768000.0,0.0,11196068355.992971
C,122,71.32533070068537,80,0,15768000.0,0.0,11196068355.992971
C,123,71.18894367681125,80,0,15768000.0,0.0,11196068355.992971
C,124,71.05391865252987,80,0,15768000.0,0.0,11196068355.992971
C,125,70.92023120600564,80,0,15768000.0,0.0,11196068355.992971
C,126,70.78785754424139,80,0,15768000.0,0.0,11196068355.992971
C,127,70.65677448204775,80,0,15768000.0,0.0,11196068355.992971
C,128,70.52695942187498,80,0,15768000.0,0.0,11196068355.992971
C,129,70.39839033446583,80,0,15768000.0,0.0,11196068355.992971
C,130,70.27104574028945,80,0,15768000.0,0.0,11196068355.992971
C,131,70.14490469171969,80,0,15768000.0,0.0,11196068355.992971
C,132,70.01994675592195,80,0,15768000.0,0.0,11196068355.992971
C,133,69.8961519984155,80,0,15768000.0,0.0,11196068355.992971
C,134,69.77350096728004,80,0,15768000.0,0.0,11196068355.992971
C,135,69.65197467797593,80,0,15768000.0,0.0,11196068355.992971
C,136,69.53155459875084,80,0,15768000.0,0.0,11196068355.992971
C,137,69.41222263660512,80,0,15768000.0,0.0,11196068355.992971
C,138,69.2939611237913,80,0,15768000.0,0.0,11196068355.992971
C,139,69.1767528048233,80,0,15768000.0,0.0,11196068355.992971
C,140,69.06058082397256,80,0,15768000.0,0.0,11196068355.992971
C,141,68.94542871322997,80,0,15768000.0,0.0,11196068355.992971
C,142,68.83128038071241,80,0,15768000.0,0.0,11196068355.992971
C,143,68.71812009949504,80,0,15768000.0,0.0,11196068355.992971
C,144,68.60593249685049,80,0,15768000.0,0.0,11196068355.992971
C,145,68.49470254387766,80,0,15768000.0,0.0,11196068355.992971
C,146,68.38441554550332,80,0,15768000.0,0.0,11196068355.992971
C,147,68.27505713084057,80,0,15768000.0,0.0,11196068355.992971
C,148,68.16661324388929,80,0,15768000.0,0.0,11196068355.992971
C,149,68.05907013456417,80,0,15768000.0,0.0,11196068355.992971
C,150,67.95241435003648,80,0,15768000.0,0.0,11196068355.992971
C,151,67.846632726377,80,0,15768000.0,0.0,11196068355.992971
C,152,67.74171238048712,80,0,15768000.0,0.0,11196068355.992971
C,153,67.6376407023071,80,0,15768000.0,0.0,11196068355.992971
C,154,67.53440534728952,80,0,15768000.0,0.0,11196068355.992971
C,155,67.43199422912768,80,0,15768000.0,0.0,11196068355.992971
C,156,67.33039551272856,80,0,15768000.0,0.0,11196068355.992971
C,157,67.2295976074207,80,0,15768000.0,0.0,11196068355.992971
C,158,67.12958916038754,80,0,15768000.0,0.0,11196068355.992971
C,159,67.03035905031756,80,0,15768000.0,0.0,11196068355.992971
C,160,66.93189638126267,80,0,15768000.0,0.0,11196068355.992971
C,161,66.83419047669665,80,0,15768000.0,0.0,11196068355.992971
C,162,66.7372308737661,80,0,15768000.0,0.0,11196068355.992971
C,163,66.64100731772653,80,0,15768000.0,0.0,11196068355.992971
C,164,66.54550975655626,80,0,15768000.0,0.0,11196068355.992971
C,165,66.45072833574174,80,0,15768000.0,0.0,11196068355.992971
C,166,66.3566533932277,80,0,15768000.0,0.0,11196068355.992971
C,167,66.2632754545258,80,0,15768000.0,0.0,11196068355.992971
C,168,66.17058522797612,80,0,15768000.0,0.0,11196068355.992971
C,169,66.07857360015586,80,0,15768000.0,0.0,11196068355.992971
C,170,65.98723163142957,80,0,15768000.0,0.0,11196068355.992971
C,171,65.8965505516359,80,0,15768000.0,0.0,11196068355.992971
C,172,65.80652175590608,80,0,15768000.0,0.0,11196068355.992971
C,173,65.71713680060896,80,0,15768000.0,0.0,11196068355.992971
C,174,65.62838739941859,80,0,15768000.0,0.0,11196068355.992971
C,175,65.54026541949936,80,0,15768000.0,0.0,11196068355.992971
C,176,65.45276287780516,80,0,15768000.0,0.0,11196068355.992971
C,177,65.365871937488,80,0,15768000.0,0.0,11196068355.992971
C,178,65.27958490441256,80,0,15768000.0,0.0,11196068355.992971
C,179,65.1938942237729,80,0,15768000.0,0.0,11196068355.992971
C,180,65.10879247680772,80,0,15768000.0,0.0,11196068355.992971
C,181,65.02427237761087,80,0,15768000.0,0.0,11196068355.992971
C,182,64.94032677003374,80,0,15768000.0,0.0,11196068355.992971
C,183,64.85694862467642,80,0,15768000.0,0.0,11196068355.992971
C,184,64.77413103596473,80,0,15768000.0,0.0,11196068355.992971
C,185,64.69186721931007,80,0,15768000.0,0.0,11196068355.992971
C,186,64.61015050834928,80,0,15768000.0,0.0,11196068355.992971
C,187,64.52897435226211,80,0,15768000.0,0.0,11196068355.992971
C,188,64.44833231316333,80,0,15768000.0,0.0,11196068355.992971
C,189,64.36821806356744,80,0,15768000.0,0.0,11196068355.992971
C,190,64.28862538392305,80,0,15768000.0,0.0,11196068355.992971
C,191,64.2095481602153,80,0,15768000.0,0.0,11196068355.992971
C,192,64.13098038163363,80,0,15768000.0,0.0,11196068355.992971
C,193,64.05291613830286,80,0,15768000.0,0.0,11196068355.992971
C,194,63.97534961907572,80,0,15768000.0,0.0,11196068355.992971
C,195,63.89827510938474,80,0,15768000.0,0.0,11196068355.992971
C,196,63.82168698915155,80,0,15768000.0,0.0,11196068355.992971
C,197,63.74557973075193,80,0,15768000.0,0.0,11196068355.992971
C,198,63.66994789703471,80,0,15768000.0,0.0,11196068355.992971
C,199,63.59478613939288,80,0,15768000.0,0.0,11196068355.992971
C,200,63.52008919588531,80,0,15768000.0,0.0,11196068355.992971
C,201,63.445851889407464,80,0,15768000.0,0.0,11196068355.992971
C,202,63.372069125909576,80,0,15768000.0,0.0,11196068355.992971
C,203,63.298735892660915,80,0,15768000.0,0.0,11196068355.992971
C,204,63.225847256558644,80,0,15768000.0,0.0,11196068355.992971
C,205,63.15339836247992,80,0,15768000.0,0.0,11196068355.992971
C,206,63.08138443167599,80,0,15768000.0,0.0,11196068355.992971
C,207,63.009800760206964,80,0,15768000.0,0.0,11196068355.992971
C,208,62.93864271741596,80,0,15768000.0,0.0,11196068355.992971
C,209,62.8679057444417,80,0,15768000.0,0.0,11196068355.992971
C,210,62.797585352768124,80,0,15768000.0,0.0,11196068355.992971
C,211,62.72767712281007,80,0,15768000.0,0.0,11196068355.992971
C,212,62.65817670253397,80,0,15768000.0,0.0,11196068355.992971
C,213,62.5890798061125,80,0,15768000.0,0.0,11196068355.992971
C,214,62.52038221261218,80,0,15768000.0,0.0,11196068355.992971
C,215,62.452079764712984,80,0,15768000.0,0.0,11196068355.992971
C,216,62.38416836745902,80,0,15768000.0,0.0,11196068355.992971
C,217,62.31664398703943,80,0,15768000.0,0.0,11196068355.992971
C,218,62.24950264959865,80,0,15768000.0,0.0,11196068355.992971
C,219,62.18274044007501,80,0,15768000.0,0.0,11196068355.992971
C,220,62.11635350106723,80,0,15768000.0,0.0,11196068355.992971
C,221,62.0503380317276,80,0,15768000.0,0.0,11196068355.992971
C,222,61.98469028668145,80,0,15768000.0,0.0,11196068355.992971
C,223,61.91940657497193,80,0,15768000.0,0.0,11196068355.992971
C,224,61.85448325902961,80,0,15768000.0,0.0,11196068355.992971
C,225,61.78991675366591,80,0,15768000.0,0.0,11196068355.992971
C,226,61.725703525090125,80,0,15768000.0,0.0,11196068355.992971
C,227,61.66184008994889,80,0,15768000.0,0.0,11196068355.992971
C,228,61.59832301438795,80,0,15768000.0,0.0,11196068355.992971
C,229,61.53514891313531,80,0,15768000.0,0.0,11196068355.992971
C,230,61.47231444860525,80,0,15768000.0,0.0,11196068355.992971
C,231,61.409816330022856,80,0,15768000.0,0.0,11196068355.992971
C,232,61.34765131256806,80,0,15768000.0,0.0,11196068355.992971
C,233,61.2858161965392,80,0,15768000.0,0.0,11196068355.992971
C,234,61.22430782653517,80,0,15768000.0,0.0,11196068355.992971
C,235,61.16312309065588,80,0,15768000.0,0.0,11196068355.992971
C,236,61.10225891972041,80,0,15768000.0,0.0,11196068355.992971
C,237,61.04171228650263,80,0,15768000.0,0.0,11196068355.992971
C,238,60.98148020498338,80,0,15768000.0,0.0,11196068355.992971
C,239,60.92155972961933,80,0,15768000.0,0.0,11196068355.992971
C,240,60.86194795462765,80,0,15768000.0,0.0,11196068355.992971
C,241,60.80264201328628,80,0,15768000.0,0.0,11196068355.992971
C,242,60.74363907724942,80,0,15768000.0,0.0,11196068355.992971
C,243,60.68493635587764,80,0,15768000.0,0.0,11196068355.992971
C,244,60.626531095582564,80,0,15768000.0,0.0,11196068355.992971
C,245,60.56842057918547,80,0,15768000.0,0.0,11196068355.992971
C,246,60.51060212528956,80,0,15768000.0,0.0,11196068355.992971
C,247,60.45307308766555,80,0,15768000.0,0.0,11196068355.992971
C,248,60.39583085465039,80,0,15768000.0,0.0,11196068355.992971
C,249,60.33887284855835,80,0,15768000.0,0.0,11196068355.992971
C,250,60.28219652510479,80,0,15768000.0,0.0,11196068355.992971
C,251,60.22579937284171,80,0,15768000.0,0.0,11196068355.992971
C,252,60.16967891260517,80,0,15768000.0,0.0,11196068355.992971
C,253,60.11383269697418,80,0,15768000.0,0.0,11196068355.992971
C,254,60.05825830974059,80,0,15768000.0,0.0,11196068355.992971
C,255,60.00295336539009,80,0,15768000.0,0.0,11196068355.992971
C,256,59.94791550859374,80,0,15768000.0,0.0,11196068355.992971
C,257,59.89314241370982,80,0,15768000.0,0.0,11196068355.992971
C,258,59.83863178429595,80,0,15768000.0,0.0,11196068355.992971
C,259,59.78438135263084,80,0,15768000.0,0.0,11196068355.992971
C,260,59.73038887924603,80,0,15768000.0,0.0,11196068355.992971
C,261,59.67665215246666,80,0,15768000.0,0.0,11196068355.992971
C,262,59.62316898796173,80,0,15768000.0,0.0,11196068355.992971
C,263,59.56993722830317,80,0,15768000.0,0.0,11196068355.992971
C,264,59.51695474253364,80,0,15768000.0,0.0,11196068355.992971
C,265,59.464219425743046,80,0,15768000.0,0.0,11196068355.992971
C,266,59.41172919865319,80,0,15768000.0,0.0,11196068355.992971
C,267,59.359482007210715,80,0,15768000.0,0.0,11196068355.992971
C,268,59.30747582218803,80,0,15768000.0,0.0,11196068355.992971
C,269,59.25570863879186,80,0,15768000.0,0.0,11196068355.992971
C,270,59.20417847627952,80,0,15768000.0,0.0,11196068355.992971
C,271,59.152883377582725,80,0,15768000.0,0.0,11196068355.992971
C,272,59.10182140893821,80,0,15768000.0,0.0,11196068355.992971
C,273,59.05099065952602,80,0,15768000.0,0.0,11196068355.992971
C,274,59.00038924111434,80,0,15768000.0,0.0,11196068355.992971
C,275,58.95001528771116,80,0,15768000.0,0.0,11196068355.992971
C,276,58.89986695522262,80,0,15768000.0,0.0,11196068355.992971
C,277,58.84994242111778,80,0,15768000.0,0.0,11196068355.992971
C,278,58.800239884099796,80,0,15768000.0,0.0,11196068355.992971
C,279,58.75075756378307,80,0,15768000.0,0.0,11196068355.992971
C,280,58.701493700376666,80,0,15768000.0,0.0,11196068355.992971
C,281,58.65244655437354,80,0,15768000.0,0.0,11196068355.992971
C,282,58.60361440624548,80,0,15768000.0,0.0,11196068355.992971
C,283,58.5549955561438,80,0,15768000.0,0.0,11196068355.992971
C,284,58.50658832360556,80,0,15768000.0,0.0,11196068355.992971
C,285,58.458391047265046,80,0,15768000.0,0.0,11196068355.992971
C,286,58.410402084570784,80,0,15768000.0,0.0,11196068355.992971
C,287,58.3626198115074,80,0,15768000.0,0.0,11196068355.992971
C,288,58.315042622322906,80,0,15768000.0,0.0,11196068355.992971
C,289,58.267668929260594,80,0,15768000.0,0.0,11196068355.992971
C,290,58.220497162296006,80,0,15768000.0,0.0,11196068355.992971
C,291,58.17352576887858,80,0,15768000.0,0.0,11196068355.992971
C,292,58.12675321367782,80,0,15768000.0,0.0,11196068355.992971
C,293,58.08017797833422,80,0,15768000.0,0.0,11196068355.992971
C,294,58.03379856121448,80,0,15768000.0,0.0,11196068355.992971
C,295,57.987613477170996,80,0,15768000.0,0.0,11196068355.992971
C,296,57.9416212573059,80,0,15768000.0,0.0,11196068355.992971
C,297,57.89582044873889,80,0,15768000.0,0.0,11196068355.992971
C,298,57.85020961437953,80,0,15768000.0,0.0,11196068355.992971
C,299,57.80478733270316,80,0,15768000.0,0.0,11196068355.992971
C,300,57.759552197531,80,0,15768000.0,0.0,11196068355.992971
C,301,57.71450281781402,80,0,15768000.0,0.0,11196068355.992971
C,302,57.66963781742044,80,0,15768000.0,0.0,11196068355.992971
C,303,57.624955834927036,80,0,15768000.0,0.0,11196068355.992971
C,304,57.580455523414045,80,0,15768000.0,0.0,11196068355.992971
C,305,57.53613555026349,80,0,15768000.0,0.0,11196068355.992971
C,306,57.49199459696104,80,0,15768000.0,0.0,11196068355.992971
C,307,57.448031358901254,80,0,15768000.0,0.0,11196068355.992971
C,308,57.404244545196086,80,0,15768000.0,0.0,11196068355.992971
C,309,57.36063287848673,80,0,15768000.0,0.0,11196068355.992971
C,310,57.31719509475852,80,0,15768000.0,0.0,11196068355.992971
C,311,57.27392994315905,80,0,15768000.0,0.0,11196068355.992971
C,312,57.230836185819285,80,0,15768000.0,0.0,11196068355.992971
C,313,57.187912597677766,80,0,15768000.0,0.0,11196068355.992971
C,314,57.14515796630761,80,0,15768000.0,0.0,11196068355.992971
C,315,57.102571091746476,80,0,15768000.0,0.0,11196068355.992971
C,316,57.060150786329416,80,0,15768000.0,0.0,11196068355.992971
C,317,57.01789587452424,80,0,15768000.0,0.0,11196068355.992971
C,318,56.97580519276994,80,0,15768000.0,0.0,11196068355.992971
C,319,56.933877589317454,80,0,15768000.0,0.0,11196068355.992971
C,320,56.892111924073276,80,0,15768000.0,0.0,11196068355.992971
C,321,56.85050706844545,80,0,15768000.0,0.0,11196068355.992971
C,322,56.809061905192145,80,0,15768000.0,0.0,11196068355.992971
C,323,56.76777532827275,80,0,15768000.0,0.0,11196068355.992971
C,324,56.726646242701186,80,0,15768000.0,0.0,11196068355.992971
C,325,56.68567356440183,80,0,15768000.0,0.0,11196068355.992971
C,326,56.644856220067545,80,0,15768000.0,0.0,11196068355.992971
C,327,56.604193147020105,80,0,15768000.0,0.0,11196068355.992971
C,328,56.563683293072806,80,0,15768000.0,0.0,11196068355.992971
C,329,56.5233256163953,80,0,15768000.0,0.0,11196068355.992971
C,330,56.48311908538048,80,0,15768000.0,0.0,11196068355.992971
C,331,56.44306267851366,80,0,15768000.0,0.0,11196068355.992971
C,332,56.403155384243554,80,0,15768000.0,0.0,11196068355.992971
C,333,56.3633962008556,80,0,15768000.0,0.0,11196068355.992971
C,334,56.32378413634692,80,0,15768000.0,0.0,11196068355.992971
C,335,56.28431820830364,80,0,15768000.0,0.0,11196068355.992971
C,336,56.244997443779695,80,0,15768000.0,0.0,11196068355.992971
C,337,56.20582087917787,80,0,15768000.0,0.0,11196068355.992971
C,338,56.16678756013249,80,0,15768000.0,0.0,11196068355.992971
C,339,56.12789654139395,80,0,15768000.0,0.0,11196068355.992971
C,340,56.08914688671513,80,0,15768000.0,0.0,11196068355.992971
C,341,56.0505376687394,80,0,15768000.0,0.0,11196068355.992971
C,342,56.01206796889052,80,0,15768000.0,0.0,11196068355.992971
C,343,55.97373687726394,80,0,15768000.0,0.0,11196068355.992971
C,344,55.935543492520154,80,0,15768000.0,0.0,11196068355.992971
C,345,55.89748692177931,80,0,15768000.0,0.0,11196068355.992971
C,346,55.859566280517605,80,0,15768000.0,0.0,11196068355.992971
C,347,55.821780692465246,80,0,15768000.0,0.0,11196068355.992971
C,348,55.784129289505785,80,0,15768000.0,0.0,11196068355.992971
C,349,55.746611211577246,80,0,15768000.0,0.0,11196068355.992971
C,350,55.70922560657445,80,0,15768000.0,0.0,11196068355.992971
C,351,55.671971630252955,80,0,15768000.0,0.0,11196068355.992971
C,352,55.63484844613439,80,0,15768000.0,0.0,11196068355.992971
C,353,55.5978552254132,80,0,15768000.0,0.0,11196068355.992971
C,354,55.56099114686481,80,0,15768000.0,0.0,11196068355.992971
C,355,55.52425539675494,80,0,15768000.0,0.0,11196068355.992971
C,356,55.48764716875067,80,0,15768000.0,0.0,11196068355.992971
C,357,55.45116566383232,80,0,15768000.0,0.0,11196068355.992971
C,358,55.41481009020696,80,0,15768000.0,0.0,11196068355.992971
C,359,55.3785796632231,80,0,15768000.0,0.0,11196068355.992971
C,360,55.342473605286564,80,0,15768000.0,0.0,11196068355.992971
C,361,55.306491145777606,80,0,15768000.0,0.0,11196068355.992971
C,362,55.270631520969246,80,0,15768000.0,0.0,11196068355.992971
C,363,55.234893973946846,80,0,15768000.0,0.0,11196068355.992971
C,364,55.19927775452867,80,0,15768000.0,0.0,11196068355.992971
C,365,55.16378211918779,80,0,15768000.0,0.0,11196068355.992971
C,366,55.12840633097495,80,0,15768000.0,0.0,11196068355.992971
C,367,55.0931496594426,80,0,15768000.0,0.0,11196068355.992971
C,368,55.05801138057003,80,0,15768000.0,0.0,11196068355.992971
C,369,55.02299077668951,80,0,15768000.0,0.0,11196068355.992971
C,370,54.98808713641355,80,0,15768000.0,0.0,11196068355.992971
C,371,54.953299754563126,80,0,15768000.0,0.0,11196068355.992971
C,372,54.91862793209689,80,0,15768000.0,0.0,11196068355.992971
C,373,54.8840709760415,80,0,15768000.0,0.0,11196068355.992971
C,374,54.84962819942278,80,0,15768000.0,0.0,11196068355.992971
C,375,54.815298921197986,80,0,15768000.0,0.0,11196068355.992971
C,376,54.78108246618884,80,0,15768000.0,0.0,11196068355.992971
C,377,54.74697816501566,80,0,15768000.0,0.0,11196068355.992971
C,378,54.71298535403232,80,0,15768000.0,0.0,11196068355.992971
C,379,54.679103375262116,80,0,15768000.0,0.0,11196068355.992971
C,380,54.64533157633457,80,0,15768000.0,0.0,11196068355.992971
C,381,54.611669310423,80,0,15768000.0,0.0,11196068355.992971
C,382,54.578115936182996,80,0,15768000.0,0.0,11196068355.992971
C,383,54.54467081769185,80,0,15768000.0,0.0,11196068355.992971
C,384,54.51133332438858,80,0,15768000.0,0.0,11196068355.992971
C,385,54.47810283101501,80,0,15768000.0,0.0,11196068355.992971
C,386,54.44497871755743,80,0,15768000.0,0.0,11196068355.992971
C,387,54.41196036918928,80,0,15768000.0,0.0,11196068355.992971
C,388,54.37904717621437,80,0,15768000.0,0.0,11196068355.992971
C,389,54.346238534011036,80,0,15768000.0,0.0,11196068355.992971
C,390,54.31353384297703,80,0,15768000.0,0.0,11196068355.992971
C,391,54.28093250847496,80,0,15768000.0,0.0,11196068355.992971
C,392,54.248433940778824,80,0,15768000.0,0.0,11196068355.992971
C,393,54.21603755502078,80,0,15768000.0,0.0,11196068355.992971
C,394,54.183742771139144,80,0,15768000.0,0.0,11196068355.992971
C,395,54.1515490138266,80,0,15768000.0,0.0,11196068355.992971
C,396,54.1194557124795,80,0,15768000.0,0.0,11196068355.992971
C,397,54.08746230114746,80,0,15768000.0,0.0,11196068355.992971
C,398,54.05556821848394,80,0,15768000.0,0.0,11196068355.992971
C,399,54.023772907697314,80,0,15768000.0,0.0,11196068355.992971
C,400,53.99207581650251,80,0,15768000.0,0.0,11196068355.992971
C,401,53.96047639707355,80,0,15768000.0,0.0,11196068355.992971
C,402,53.928974105996346,80,0,15768000.0,0.0,11196068355.992971
C,403,53.89756840422244,80,0,15768000.0,0.0,11196068355.992971
C,404,53.86625875702313,80,0,15768000.0,0.0,11196068355.992971
C,405,53.83504463394431,80,0,15768000.0,0.0,11196068355.992971
C,406,53.80392550876178,80,0,15768000.0,0.0,11196068355.992971
C,407,53.77290085943724,80,0,15768000.0,0.0,11196068355.992971
C,408,53.74197016807485,80,0,15768000.0,0.0,11196068355.992971
C,409,53.711132920878164,80,0,15768000.0,0.0,11196068355.992971
C,410,53.68038860810794,80,0,15768000.0,0.0,11196068355.992971
C,411,53.649736724040096,80,0,15768000.0,0.0,11196068355.992971
C,412,53.619176766924596,80,0,15768000.0,0.0,11196068355.992971
C,413,53.58870823894453,80,0,15768000.0,0.0,11196068355.992971
C,414,53.55833064617591,80,0,15768000.0,0.0,11196068355.992971
C,415,53.52804349854791,80,0,15768000.0,0.0,11196068355.992971
C,416,53.49784630980356,80,0,15768000.0,0.0,11196068355.992971
C,417,53.46773859746107,80,0,15768000.0,0.0,11196068355.992971
C,418,53.43771988277544,80,0,15768000.0,0.0,11196068355.992971
C,419,53.40778969070079,80,0,15768000.0,0.0,11196068355.992971
C,420,53.37794754985289,80,0,15768000.0,0.0,11196068355.992971
C,421,53.348192992472455,80,0,15768000.0,0.0,11196068355.992971
C,422,53.31852555438855,80,0,15768000.0,0.0,11196068355.992971
C,423,53.28894477498282,80,0,15768000.0,0.0,11196068355.992971
C,424,53.25945019715387,80,0,15768000.0,0.0,11196068355.992971
C,425,53.230041367282205,80,0,15768000.0,0.0,11196068355.992971
C,426,53.20071783519563,80,0,15768000.0,0.0,11196068355.992971
C,427,53.17147915413498,80,0,15768000.0,0.0,11196068355.992971
C,428,53.142324880720366,80,0,15768000.0,0.0,11196068355.992971
C,429,53.11325457491776,80,0,15768000.0,0.0,11196068355.992971
C,430,53.084267800006046,80,0,15768000.0,0.0,11196068355.992971
C,431,53.0553641225444,80,0,15768000.0,0.0,11196068355.992971
C,432,53.026543112340164,80,0,15768000.0,0.0,11196068355.992971
C,433,52.997804342417,80,0,15768000.0,0.0,11196068355.992971
C,434,52.96914738898352,80,0,15768000.0,0.0,11196068355.992971
C,435,52.94057183140222,80,0,15768000.0,0.0,11196068355.992971
C,436,52.91207725215884,80,0,15768000.0,0.0,11196068355.992971
C,437,52.883663236832106,80,0,15768000.0,0.0,11196068355.992971
C,438,52.85532937406376,80,0,15768000.0,0.0,11196068355.992971
C,439,52.82707525552896,80,0,15768000.0,0.0,11196068355.992971
C,440,52.798900475907146,80,0,15768000.0,0.0,11196068355.992971
C,441,52.7708046328531,80,0,15768000.0,0.0,11196068355.992971
C,442,52.74278732696846,80,0,15768000.0,0.0,11196068355.992971
C,443,52.71484816177349,80,0,15768000.0,0.0,11196068355.992971
C,444,52.686986743679235,80,0,15768000.0,0.0,11196068355.992971
C,445,52.65920268196,80,0,15768000.0,0.0,11196068355.992971
C,446,52.63149558872614,80,0,15768000.0,0.0,11196068355.992971
C,447,52.603865078897165,80,0,15768000.0,0.0,11196068355.992971
C,448,52.57631077017516,80,0,15768000.0,0.0,11196068355.992971
C,449,52.548832283018534,80,0,15768000.0,0.0,11196068355.992971
C,450,52.52142924061602,80,0,15768000.0,0.0,11196068355.992971
C,451,52.49410126886112,80,0,15768000.0,0.0,11196068355.992971
C,452,52.46684799632661,80,0,15768000.0,0.0,11196068355.992971
C,453,52.439669054239566,80,0,15768000.0,0.0,11196068355.992971
C,454,52.41256407645656,80,0,15768000.0,0.0,11196068355.992971
C,455,52.38553269943917,80,0,15768000.0,0.0,11196068355.992971
C,456,52.35857456222976,80,0,15768000.0,0.0,11196068355.992971
C,457,52.331689306427556,80,0,15768000.0,0.0,11196068355.992971
C,458,52.30487657616501,80,0,15768000.0,0.0,11196068355.992971
C,459,52.27813601808434,80,0,15768000.0,0.0,11196068355.992971
C,460,52.25146728131446,80,0,15768000.0,0.0,11196068355.992971
C,461,52.22487001744817,80,0,15768000.0,0.0,11196068355.992971
C,462,52.198343880519424,80,0,15768000.0,0.0,11196068355.992971
C,463,52.17188852698111,80,0,15768000.0,0.0,11196068355.992971
C,464,52.14550361568284,80,0,15768000.0,0.0,11196068355.992971
C,465,52.11918880784926,80,0,15768000.0,0.0,11196068355.992971
C,466,52.09294376705832,80,0,15768000.0,0.0,11196068355.992971
C,467,52.066768159219926,80,0,15768000.0,0.0,11196068355.992971
C,468,52.04066165255489,80,0,15768000.0,0.0,11196068355.992971
C,469,52.01462391757404,80,0,15768000.0,0.0,11196068355.992971
C,470,51.98865462705749,80,0,15768000.0,0.0,11196068355.992971
C,471,51.96275345603433,80,0,15768000.0,0.0,11196068355.992971
C,472,51.93692008176236,80,0,15768000.0,0.0,11196068355.992971
C,473,51.911154183708135,80,0,15768000.0,0.0,11196068355.992971
C,474,51.88545544352724,80,0,15768000.0,0.0,11196068355.992971
C,475,51.85982354504473,80,0,15768000.0,0.0,11196068355.992971
C,476,51.834258174235885,80,0,15768000.0,0.0,11196068355.992971
C,477,51.80875901920695,80,0,15768000.0,0.0,11196068355.992971
C,478,51.78332577017644,80,0,15768000.0,0.0,11196068355.992971
C,479,51.7579581194563,80,0,15768000.0,0.0,11196068355.992971
C,480,51.73265576143351,80,0,15768000.0,0.0,11196068355.992971
C,481,51.707418392551745,80,0,15768000.0,0.0,11196068355.992971
C,482,51.68224571129335,80,0,15768000.0,0.0,11196068355.992971
C,483,51.657137418161376,80,0,15768000.0,0.0,11196068355.992971
C,484,51.632093215661996,80,0,15768000.0,0.0,11196068355.992971
C,485,51.607112808286885,80,0,15768000.0,0.0,11196068355.992971
C,486,51.58219590249599,80,0,15768000.0,0.0,11196068355.992971
C,487,51.55734220670035,80,0,15768000.0,0.0,11196068355.992971
C,488,51.532551431245174,80,0,15768000.0,0.0,11196068355.992971
C,489,51.50782328839313,80,0,15768000.0,0.0,11196068355.992971
C,490,51.48315749230764,80,0,15768000.0,0.0,11196068355.992971
C,491,51.458553759036626,80,0,15768000.0,0.0,11196068355.992971
C,492,51.434011806496116,80,0,15768000.0,0.0,11196068355.992971
C,493,51.40953135445434,80,0,15768000.0,0.0,11196068355.992971
C,494,51.38511212451572,80,0,15768000.0,0.0,11196068355.992971
C,495,51.36075384010524,80,0,15768000.0,0.0,11196068355.992971
C,496,51.33645622645283,80,0,15768000.0,0.0,11196068355.992971
C,497,51.31221901057799,80,0,15768000.0,0.0,11196068355.992971
C,498,51.28804192127459,80,0,15768000.0,0.0,11196068355.992971
C,499,51.26392468909579,80,0,15768000.0,0.0,11196068355.992971
C,500,51.23986704633907,80,0,15768000.0,0.0,11196068355.992971
C,501,51.21586872703158,80,0,15768000.0,0.0,11196068355.992971
C,502,51.19192946691545,80,0,15768000.0,0.0,11196068355.992971
C,503,51.16804900343341,80,0,15768000.0,0.0,11196068355.992971
C,504,51.144227075714404,80,0,15768000.0,0.0,11196068355.992971
C,505,51.120463424559546,80,0,15768000.0,0.0,11196068355.992971
C,506,51.09675779242804,80,0,15768000.0,0.0,11196068355.992971
C,507,51.07310992342336,80,0,15768000.0,0.0,11196068355.992971
C,508,51.049519563279496,80,0,15768000.0,0.0,11196068355.992971
C,509,51.0259864593474,80,0,15768000.0,0.0,11196068355.992971
C,510,51.00251036058157,80,0,15768000.0,0.0,11196068355.992971
C,511,50.97909101752674,80,0,15768000.0,0.0,11196068355.992971
C,512,50.955728182304675,80,0,15768000.0,0.0,11196068355.992971
C,513,50.932421608601224,80,0,15768000.0,0.0,11196068355.992971
C,514,50.90917105165335,80,0,15768000.0,0.0,11196068355.992971
C,515,50.88597626823643,80,0,15768000.0,0.0,11196068355.992971
C,516,50.86283701665155,80,0,15768000.0,0.0,11196068355.992971
C,517,50.83975305671308,80,0,15768000.0,0.0,11196068355.992971
C,518,50.81672414973621,80,0,15768000.0,0.0,11196068355.992971
C,519,50.79375005852479,80,0,15768000.0,0.0,11196068355.992971
C,520,50.77083054735912,80,0,15768000.0,0.0,11196068355.992971
C,521,50.74796538198396,80,0,15768000.0,0.0,11196068355.992971
C,522,50.725154329596656,80,0,15768000.0,0.0,11196068355.992971
C,523,50.70239715883539,80,0,15768000.0,0.0,11196068355.992971
C,524,50.67969363976748,80,0,15768000.0,0.0,11196068355.992971
C,525,50.65704354387786,80,0,15768000.0,0.0,11196068355.992971
C,526,50.6344466440577,80,0,15768000.0,0.0,11196068355.992971
C,527,50.611902714593036,80,0,15768000.0,0.0,11196068355.992971
C,528,50.589411531153594,80,0,15768000.0,0.0,11196068355.992971
C,529,50.56697287078178,80,0,15768000.0,0.0,11196068355.992971
C,530,50.54458651188158,80,0,15768000.0,0.0,11196068355.992971
C,531,50.522252234207805,80,0,15768000.0,0.0,11196068355.992971
C,532,50.49996981885521,80,0,15768000.0,0.0,11196068355.992971
C,533,50.477739048247976,80,0,15768000.0,0.0,11196068355.992971
C,534,50.45555970612911,80,0,15768000.0,0.0,11196068355.992971
C,535,50.433431577549925,80,0,15768000.0,0.0,11196068355.992971
C,536,50.411354448859825,80,0,15768000.0,0.0,11196068355.992971
C,537,50.38932810769594,80,0,15768000.0,0.0,11196068355.992971
C,538,50.36735234297308,80,0,15768000.0,0.0,11196068355.992971
C,539,50.34542694487361,80,0,15768000.0,0.0,11196068355.992971
C,540,50.3235517048376,80,0,15768000.0,0.0,11196068355.992971
C,541,50.30172641555288,80,0,15768000.0,0.0,11196068355.992971
C,542,50.279950870945314,80,0,15768000.0,0.0,11196068355.992971
C,543,50.258224866169144,80,0,15768000.0,0.0,11196068355.992971
C,544,50.23654819759748,80,0,15768000.0,0.0,11196068355.992971
C,545,50.21492066281268,80,0,15768000.0,0.0,11196068355.992971
C,546,50.193342060597125,80,0,15768000.0,0.0,11196068355.992971
C,547,50.1718121909238,80,0,15768000.0,0.0,11196068355.992971
C,548,50.15033085494719,80,0,15768000.0,0.0,11196068355.992971
C,549,50.12889785499406,80,0,15768000.0,0.0,11196068355.992971
C,550,50.10751299455449,80,0,15768000.0,0.0,11196068355.992971
C,551,50.08617607827289,80,0,15768000.0,0.0,11196068355.992971
C,552,50.064886911939226,80,0,15768000.0,0.0,11196068355.992971
C,553,50.043645302480066,80,0,15768000.0,0.0,11196068355.992971
C,554,50.022451057950114,80,0,15768000.0,0.0,11196068355.992971
C,555,50.00130398752339,80,0,15768000.0,0.0,11196068355.992971
C,556,49.98020390148483,80,0,15768000.0,0.0,11196068355.992971
C,557,49.959150611221766,80,0,15768000.0,0.0,11196068355.992971
C,558,49.93814392921561,80,0,15768000.0,0.0,11196068355.992971
C,559,49.91718366903351,80,0,15768000.0,0.0,11196068355.992971
C,560,49.89626964532017,80,0,15768000.0,0.0,11196068355.992971
C,561,49.87540167378969,80,0,15768000.0,0.0,11196068355.992971
C,562,49.854579571217506,80,0,15768000.0,0.0,11196068355.992971
C,563,49.83380315543242,80,0,15768000.0,0.0,11196068355.992971
C,564,49.81307224530865,80,0,15768000.0,0.0,11196068355.992971
C,565,49.79238666075804,80,0,15768000.0,0.0,11196068355.992971
C,566,49.77174622272223,80,0,15768000.0,0.0,11196068355.992971
C,567,49.75115075316503,80,0,15768000.0,0.0,11196068355.992971
C,568,49.73060007506472,80,0,15768000.0,0.0,11196068355.992971
C,569,49.71009401240657,80,0,15768000.0,0.0,11196068355.992971
C,570,49.689632390175284,80,0,15768000.0,0.0,11196068355.992971
C,571,49.66921503434766,80,0,15768000.0,0.0,11196068355.992971
C,572,49.64884177188516,80,0,15768000.0,0.0,11196068355.992971
C,573,49.62851243072666,80,0,15768000.0,0.0,11196068355.992971
C,574,49.60822683978129,80,0,15768000.0,0.0,11196068355.992971
C,575,49.587984828921186,80,0,15768000.0,0.0,11196068355.992971
C,576,49.56778622897446,80,0,15768000.0,0.0,11196068355.992971
C,577,49.54763087171822,80,0,15768000.0,0.0,11196068355.992971
C,578,49.527518589871505,80,0,15768000.0,0.0,11196068355.992971
C,579,49.50744921708849,80,0,15768000.0,0.0,11196068355.992971
C,580,49.487422587951606,80,0,15768000.0,0.0,11196068355.992971
C,581,49.467438537964796,80,0,15768000.0,0.0,11196068355.992971
C,582,49.44749690354679,80,0,15768000.0,0.0,11196068355.992971
C,583,49.42759752202443,80,0,15768000.0,0.0,11196068355.992971
C,584,49.40774023162614,80,0,15768000.0,0.0,11196068355.992971
C,585,49.38792487147538,80,0,15768000.0,0.0,11196068355.992971
C,586,49.36815128158409,80,0,15768000.0,0.0,11196068355.992971
C,587,49.34841930284644,80,0,15768000.0,0.0,11196068355.992971
C,588,49.32872877703231,80,0,15768000.0,0.0,11196068355.992971
C,589,49.30907954678108,80,0,15768000.0,0.0,11196068355.992971
C,590,49.28947145559535,80,0,15768000.0,0.0,11196068355.992971
C,591,49.26990434783481,80,0,15768000.0,0.0,11196068355.992971
C,592,49.25037806871001,80,0,15768000.0,0.0,11196068355.992971
C,593,49.23089246427636,80,0,15768000.0,0.0,11196068355.992971
C,594,49.21144738142806,80,0,15768000.0,0.0,11196068355.992971
C,595,49.19204266789216,80,0,15768000.0,0.0,11196068355.992971
C,596,49.1726781722226,80,0,15768000.0,0.0,11196068355.992971
C,597,49.15335374379436,80,0,15768000.0,0.0,11196068355.992971
C,598,49.134069232797685,80,0,15768000.0,0.0,11196068355.992971
C,599,49.11482449023221,80,0,15768000.0,0.0,11196068355.992971
C,600,49.09561936790135,80,0,15768000.0,0.0,11196068355.992971
C,601,49.07645371840661,80,0,15768000.0,0.0,11196068355.992971
C,602,49.057327395141925,80,0,15768000.0,0.0,11196068355.992971
C,603,49.038240252288105,80,0,15768000.0,0.0,11196068355.992971
C,604,49.01919214480737,80,0,15768000.0,0.0,11196068355.992971
C,605,49.00018292843781,80,0,15768000.0,0.0,11196068355.992971
C,606,48.981212459687974,80,0,15768000.0,0.0,11196068355.992971
C,607,48.96228059583156,80,0,15768000.0,0.0,11196068355.992971
C,608,48.94338719490194,80,0,15768000.0,0.0,11196068355.992971
C,609,48.92453211568703,80,0,15768000.0,0.0,11196068355.992971
C,610,48.90571521772396,80,0,15768000.0,0.0,11196068355.992971
C,611,48.886936361293884,80,0,15768000.0,0.0,11196068355.992971
C,612,48.86819540741688,80,0,15768000.0,0.0,11196068355.992971
C,613,48.84949221784675,80,0,15768000.0,0.0,11196068355.992971
C,614,48.83082665506606,80,0,15768000.0,0.0,11196068355.992971
C,615,48.812198582281056,80,0,15768000.0,0.0,11196068355.992971
C,616,48.79360786341667,80,0,15768000.0,0.0,11196068355.992971
C,617,48.7750543631117,80,0,15768000.0,0.0,11196068355.992971
C,618,48.75653794671373,80,0,15768000.0,0.0,11196068355.992971
C,619,48.738058480274454,80,0,15768000.0,0.0,11196068355.992971
C,620,48.71961583054474,80,0,15768000.0,0.0,11196068355.992971
C,621,48.70120986496996,80,0,15768000.0,0.0,11196068355.992971
C,622,48.68284045168518,80,0,15768000.0,0.0,11196068355.992971
C,623,48.664507459510496,80,0,15768000.0,0.0,11196068355.992971
C,624,48.646210757946385,80,0,15768000.0,0.0,11196068355.992971
C,625,48.62795021716911,80,0,15768000.0,0.0,11196068355.992971
C,626,48.6097257080261,80,0,15768000.0,0.0,11196068355.992971
C,627,48.59153710203145,80,0,15768000.0,0.0,11196068355.992971
C,628,48.57338427136146,80,0,15768000.0,0.0,11196068355.992971
C,629,48.555267088850066,80,0,15768000.0,0.0,11196068355.992971
C,630,48.537185427984504,80,0,15768000.0,0.0,11196068355.992971
C,631,48.51913916290093,80,0,15768000.0,0.0,11196068355.992971
C,632,48.50112816838,80,0,15768000.0,0.0,11196068355.992971
C,633,48.4831523198426,80,0,15768000.0,0.0,11196068355.992971
C,634,48.4652114933456,80,0,15768000.0,0.0,11196068355.992971
C,635,48.44730556557752,80,0,15768000.0,0.0,11196068355.992971
C,636,48.429434413854445,80,0,15768000.0,0.0,11196068355.992971
C,637,48.411597916115696,80,0,15768000.0,0.0,11196068355.992971
C,638,48.39379595091984,80,0,15768000.0,0.0,11196068355.992971
C,639,48.37602839744048,80,0,15768000.0,0.0,11196068355.992971
C,640,48.358295135462285,80,0,15768000.0,0.0,11196068355.992971
C,641,48.340596045376806,80,0,15768000.0,0.0,11196068355.992971
C,642,48.32293100817863,80,0,15768000.0,0.0,11196068355.992971
C,643,48.30529990546126,80,0,15768000.0,0.0,11196068355.992971
C,644,48.28770261941332,80,0,15768000.0,0.0,11196068355.992971
C,645,48.27013903281452,80,0,15768000.0,0.0,11196068355.992971
C,646,48.25260902903183,80,0,15768000.0,0.0,11196068355.992971
C,647,48.23511249201565,80,0,15768000.0,0.0,11196068355.992971
C,648,48.21764930629601,80,0,15768000.0,0.0,11196068355.992971
C,649,48.20021935697867,80,0,15768000.0,0.0,11196068355.992971
C,650,48.18282252974156,80,0,15768000.0,0.0,11196068355.992971
C,651,48.165458710830855,80,0,15768000.0,0.0,11196068355.992971
C,652,48.14812778705742,80,0,15768000.0,0.0,11196068355.992971
C,653,48.13082964579309,80,0,15768000.0,0.0,11196068355.992971
C,654,48.11356417496709,80,0,15768000.0,0.0,11196068355.992971
C,655,48.096331263062325,80,0,15768000.0,0.0,11196068355.992971
C,656,48.07913079911189,80,0,15768000.0,0.0,11196068355.992971
C,657,48.061962672695515,80,0,15768000.0,0.0,11196068355.992971
C,658,48.04482677393601,80,0,15768000.0,0.0,11196068355.992971
C,659,48.027722993495786,80,0,15768000.0,0.0,11196068355.992971
C,660,48.01065122257341,80,0,15768000.0,0.0,11196068355.992971
C,661,47.99361135290016,80,0,15768000.0,0.0,11196068355.992971
C,662,47.976603276736604,80,0,15768000.0,0.0,11196068355.992971
C,663,47.95962688686921,80,0,15768000.0,0.0,11196068355.992971
C,664,47.942682076607014,80,0,15768000.0,0.0,11196068355.992971
C,665,47.92576873977829,80,0,15768000.0,0.0,11196068355.992971
C,666,47.90888677072725,80,0,15768000.0,0.0,11196068355.992971
C,667,47.892036064310695,80,0,15768000.0,0.0,11196068355.992971
C,668,47.87521651589489,80,0,15768000.0,0.0,11196068355.992971
C,669,47.858428021352225,80,0,15768000.0,0.0,11196068355.992971
C,670,47.84167047705809,80,0,15768000.0,0.0,11196068355.992971
C,671,47.82494377988766,80,0,15768000.0,0.0,11196068355.992971
C,672,47.80824782721275,80,0,15768000.0,0.0,11196068355.992971
C,673,47.79158251689868,80,0,15768000.0,0.0,11196068355.992971
C,674,47.77494774730119,80,0,15768000.0,0.0,11196068355.992971
C,675,47.75834341726339,80,0,15768000.0,0.0,11196068355.992971
C,676,47.74176942611262,80,0,15768000.0,0.0,11196068355.992971
C,677,47.725225673657484,80,0,15768000.0,0.0,11196068355.992971
C,678,47.70871206018486,80,0,15768000.0,0.0,11196068355.992971
C,679,47.69222848645684,80,0,15768000.0,0.0,11196068355.992971
C,680,47.67577485370786,80,0,15768000.0,0.0,11196068355.992971
C,681,47.659351063641665,80,0,15768000.0,0.0,11196068355.992971
C,682,47.642957018428504,80,0,15768000.0,0.0,11196068355.992971
C,683,47.62659262070211,80,0,15768000.0,0.0,11196068355.992971
C,684,47.61025777355694,80,0,15768000.0,0.0,11196068355.992971
C,685,47.59395238054526,80,0,15768000.0,0.0,11196068355.992971
C,686,47.57767634567435,80,0,15768000.0,0.0,11196068355.992971
C,687,47.561429573403686,80,0,15768000.0,0.0,11196068355.992971
C,688,47.54521196864213,80,0,15768000.0,0.0,11196068355.992971
C,689,47.529023436745234,80,0,15768000.0,0.0,11196068355.992971
C,690,47.51286388351241,80,0,15768000.0,0.0,11196068355.992971
C,691,47.49673321518429,80,0,15768000.0,0.0,11196068355.992971
C,692,47.48063133843996,80,0,15768000.0,0.0,11196068355.992971
C,693,47.46455816039435,80,0,15768000.0,0.0,11196068355.992971
C,694,47.44851358859546,80,0,15768000.0,0.0,11196068355.992971
C,695,47.43249753102184,80,0,15768000.0,0.0,11196068355.992971
C,696,47.416509896079916,80,0,15768000.0,0.0,11196068355.992971
C,697,47.4005505926014,80,0,15768000.0,0.0,11196068355.992971
C,698,47.384619529840656,80,0,15768000.0,0.0,11196068355.992971
C,699,47.36871661747225,80,0,15768000.0,0.0,11196068355.992971
C,700,47.35284176558828,80,0,15768000.0,0.0,11196068355.992971
C,701,47.33699488469595,80,0,15768000.0,0.0,11196068355.992971
C,702,47.32117588571501,80,0,15768000.0,0.0,11196068355.992971
C,703,47.30538467997529,80,0,15768000.0,0.0,11196068355.992971
C,704,47.28962117921424,80,0,15768000.0,0.0,11196068355.992971
C,705,47.27388529557444,80,0,15768000.0,0.0,11196068355.992971
C,706,47.25817694160122,80,0,15768000.0,0.0,11196068355.992971
C,707,47.24249603024025,80,0,15768000.0,0.0,11196068355.992971
C,708,47.22684247483508,80,0,15768000.0,0.0,11196068355.992971
C,709,47.2112161891248,80,0,15768000.0,0.0,11196068355.992971
C,710,47.1956170872417,80,0,15768000.0,0.0,11196068355.992971
C,711,47.18004508370891,80,0,15768000.0,0.0,11196068355.992971
C,712,47.16450009343806,80,0,15768000.0,0.0,11196068355.992971
C,713,47.148982031727,80,0,15768000.0,0.0,11196068355.992971
C,714,47.13349081425747,80,0,15768000.0,0.0,11196068355.992971
C,715,47.118026357092845,80,0,15768000.0,0.0,11196068355.992971
C,716,47.10258857667591,80,0,15768000.0,0.0,11196068355.992971
C,717,47.08717738982658,80,0,15768000.0,0.0,11196068355.992971
C,718,47.07179271373964,80,0,15768000.0,0.0,11196068355.992971
C,719,47.05643446598263,80,0,15768000.0,0.0,11196068355.992971
C,720,47.041102564493585,80,0,15768000.0,0.0,11196068355.992971
C,721,47.025796927578845,80,0,15768000.0,0.0,11196068355.992971
C,722,47.01051747391096,80,0,15768000.0,0.0,11196068355.992971
C,723,46.995264122526486,80,0,15768000.0,0.0,11196068355.992971
C,724,46.98003679282385,80,0,15768000.0,0.0,11196068355.992971
C,725,46.96483540456134,80,0,15768000.0,0.0,11196068355.992971
C,726,46.94965987785482,80,0,15768000.0,0.0,11196068355.992971
C,727,46.93451013317581,80,0,15768000.0,0.0,11196068355.992971
C,728,46.919386091349374,80,0,15768000.0,0.0,11196068355.992971
C,729,46.904287673552,80,0,15768000.0,0.0,11196068355.992971
C,730,46.88921480130963,80,0,15768000.0,0.0,11196068355.992971
C,731,46.87416739649562,80,0,15768000.0,0.0,11196068355.992971
C,732,46.85914538132871,80,0,15768000.0,0.0,11196068355.992971
C,733,46.84414867837106,80,0,15768000.0,0.0,11196068355.992971
C,734,46.829177210526204,80,0,15768000.0,0.0,11196068355.992971
C,735,46.81423090103719,80,0,15768000.0,0.0,11196068355.992971
C,736,46.79930967348452,80,0,15768000.0,0.0,11196068355.992971
C,737,46.784413451784246,80,0,15768000.0,0.0,11196068355.992971
C,738,46.769542160186084,80,0,15768000.0,0.0,11196068355.992971
C,739,46.754695723271425,80,0,15768000.0,0.0,11196068355.992971
C,740,46.73987406595151,80,0,15768000.0,0.0,11196068355.992971
C,741,46.72507711346552,80,0,15768000.0,0.0,11196068355.992971
C,742,46.710304791378654,80,0,15768000.0,0.0,11196068355.992971
C,743,46.69555702558034,80,0,15768000.0,0.0,11196068355.992971
C,744,46.68083374228235,80,0,15768000.0,0.0,11196068355.992971
C,745,46.666134868017,80,0,15768000.0,0.0,11196068355.992971
C,746,46.65146032963527,80,0,15768000.0,0.0,11196068355.992971
C,747,46.63681005430506,80,0,15768000.0,0.0,11196068355.992971
C,748,46.622183969509365,80,0,15768000.0,0.0,11196068355.992971
C,749,46.6075820030445,80,0,15768000.0,0.0,11196068355.992971
C,750,46.59300408301829,80,0,15768000.0,0.0,11196068355.992971
C,751,46.57845013784839,80,0,15768000.0,0.0,11196068355.992971
C,752,46.56392009626051,80,0,15768000.0,0.0,11196068355.992971
C,753,46.54941388728662,80,0,15768000.0,0.0,11196068355.992971
C,754,46.53493144026331,80,0,15768000.0,0.0,11196068355.992971
C,755,46.52047268483004,80,0,15768000.0,0.0,11196068355.992971
C,756,46.50603755092747,80,0,15768000.0,0.0,11196068355.992971
C,757,46.49162596879573,80,0,15768000.0,0.0,11196068355.992971
C,758,46.4772378689728,80,0,15768000.0,0.0,11196068355.992971
C,759,46.46287318229282,80,0,15768000.0,0.0,11196068355.992971
C,760,46.44853183988438,80,0,15768000.0,0.0,11196068355.992971
C,761,46.43421377316905,80,0,15768000.0,0.0,11196068355.992971
C,762,46.419918913859554,80,0,15768000.0,0.0,11196068355.992971
C,763,46.40564719395825,80,0,15768000.0,0.0,11196068355.992971
C,764,46.39139854575554,80,0,15768000.0,0.0,11196068355.992971
C,765,46.37717290182827,80,0,15768000.0,0.0,11196068355.992971
C,766,46.36297019503807,80,0,15768000.0,0.0,11196068355.992971
C,767,46.348790358529875,80,0,15768000.0,0.0,11196068355.992971
C,768,46.334633325730294,80,0,15768000.0,0.0,11196068355.992971
C,769,46.32049903034612,80,0,15768000.0,0.0,11196068355.992971
C,770,46.30638740636275,80,0,15768000.0,0.0,11196068355.992971
C,771,46.29229838804264,80,0,15768000.0,0.0,11196068355.992971
C,772,46.27823190992382,80,0,15768000.0,0.0,11196068355.992971
C,773,46.26418790681835,80,0,15768000.0,0.0,11196068355.992971
C,774,46.25016631381088,80,0,15768000.0,0.0,11196068355.992971
C,775,46.23616706625708,80,0,15768000.0,0.0,11196068355.992971
C,776,46.22219009978221,80,0,15768000.0,0.0,11196068355.992971
C,777,46.20823535027963,80,0,15768000.0,0.0,11196068355.992971
C,778,46.19430275390938,80,0,15768000.0,0.0,11196068355.992971
C,779,46.18039224709668,80,0,15768000.0,0.0,11196068355.992971
C,780,46.16650376653047,80,0,15768000.0,0.0,11196068355.992971
C,781,46.15263724916208,80,0,15768000.0,0.0,11196068355.992971
C,782,46.13879263220372,80,0,15768000.0,0.0,11196068355.992971
C,783,46.12496985312709,80,0,15768000.0,0.0,11196068355.992971
C,784,46.111168849662,80,0,15768000.0,0.0,11196068355.992971
C,785,46.09738955979491,80,0,15768000.0,0.0,11196068355.992971
C,786,46.08363192176766,80,0,15768000.0,0.0,11196068355.992971
C,787,46.069895874076,80,0,15768000.0,0.0,11196068355.992971
C,788,46.05618135546827,80,0,15768000.0,0.0,11196068355.992971
C,789,46.042488304943994,80,0,15768000.0,0.0,11196068355.992971
C,790,46.028816661752614,80,0,15768000.0,0.0,11196068355.992971
C,791,46.01516636539209,80,0,15768000.0,0.0,11196068355.992971
C,792,46.001537355607574,80,0,15768000.0,0.0,11196068355.992971
C,793,45.98792957239011,80,0,15768000.0,0.0,11196068355.992971
C,794,45.974342955975345,80,0,15768000.0,0.0,11196068355.992971
C,795,45.96077744684212,80,0,15768000.0,0.0,11196068355.992971
C,796,45.94723298571135,80,0,15768000.0,0.0,11196068355.992971
C,797,45.93370951354456,80,0,15768000.0,0.0,11196068355.992971
C,798,45.92020697154272,80,0,15768000.0,0.0,11196068355.992971
C,799,45.90672530114491,80,0,15768000.0,0.0,11196068355.992971
C,800,45.89326444402713,80,0,15768000.0,0.0,11196068355.992971
C,801,45.879824342101,80,0,15768000.0,0.0,11196068355.992971
C,802,45.86640493751252,80,0,15768000.0,0.0,11196068355.992971
C,803,45.85300617264079,80,0,15768000.0,0.0,11196068355.992971
C,804,45.83962799009689,80,0,15768000.0,0.0,11196068355.992971
C,805,45.82627033272257,80,0,15768000.0,0.0,11196068355.992971
C,806,45.81293314358907,80,0,15768000.0,0.0,11196068355.992971
C,807,45.7996163659959,80,0,15768000.0,0.0,11196068355.992971
C,808,45.78631994346966,80,0,15768000.0,0.0,11196068355.992971
C,809,45.773043819762854,80,0,15768000.0,0.0,11196068355.992971
C,810,45.759787938852654,80,0,15768000.0,0.0,11196068355.992971
C,811,45.74655224493984,80,0,15768000.0,0.0,11196068355.992971
C,812,45.73333668244751,80,0,15768000.0,0.0,11196068355.992971
C,813,45.720141196019995,80,0,15768000.0,0.0,11196068355.992971
C,814,45.70696573052166,80,0,15768000.0,0.0,11196068355.992971
C,815,45.69381023103583,80,0,15768000.0,0.0,11196068355.992971
C,816,45.68067464286362,80,0,15768000.0,0.0,11196068355.992971
C,817,45.667558911522725,80,0,15768000.0,0.0,11196068355.992971
C,818,45.654462982746445,80,0,15768000.0,0.0,11196068355.992971
C,819,45.64138680248245,80,0,15768000.0,0.0,11196068355.992971
C,820,45.62833031689175,80,0,15768000.0,0.0,11196068355.992971
C,821,45.61529347234751,80,0,15768000.0,0.0,11196068355.992971
C,822,45.60227621543408,80,0,15768000.0,0.0,11196068355.992971
C,823,45.58927849294579,80,0,15768000.0,0.0,11196068355.992971
C,824,45.576300251885904,80,0,15768000.0,0.0,11196068355.992971
C,825,45.56334143946561,80,0,15768000.0,0.0,11196068355.992971
C,826,45.550402003102846,80,0,15768000.0,0.0,11196068355.992971
C,827,45.53748189042135,80,0,15768000.0,0.0,11196068355.992971
C,828,45.52458104924953,80,0,15768000.0,0.0,11196068355.992971
C,829,45.511699427619426,80,0,15768000.0,0.0,11196068355.992971
C,830,45.49883697376572,80,0,15768000.0,0.0,11196068355.992971
C,831,45.485993636124654,80,0,15768000.0,0.0,11196068355.992971
C,832,45.47316936333302,80,0,15768000.0,0.0,11196068355.992971
C,833,45.46036410422716,80,0,15768000.0,0.0,11196068355.992971
C,834,45.44757780784191,80,0,15768000.0,0.0,11196068355.992971
C,835,45.434810423409594,80,0,15768000.0,0.0,11196068355.992971
C,836,45.422061900359125,80,0,15768000.0,0.0,11196068355.992971
C,837,45.40933218831485,80,0,15768000.0,0.0,11196068355.992971
C,838,45.396621237095665,80,0,15768000.0,0.0,11196068355.992971
C,839,45.38392899671403,80,0,15768000.0,0.0,11196068355.992971
C,840,45.37125541737496,80,0,15768000.0,0.0,11196068355.992971
C,841,45.35860044947507,80,0,15768000.0,0.0,11196068355.992971
C,842,45.34596404360158,80,0,15768000.0,0.0,11196068355.992971
C,843,45.33334615053143,80,0,15768000.0,0.0,11196068355.992971
C,844,45.320746721230265,80,0,15768000.0,0.0,11196068355.992971
C,845,45.3081657068515,80,0,15768000.0,0.0,11196068355.992971
C,846,45.2956030587354,80,0,15768000.0,0.0,11196068355.992971
C,847,45.28305872840812,80,0,15768000.0,0.0,11196068355.992971
C,848,45.270532667580795,80,0,15768000.0,0.0,11196068355.992971
C,849,45.258024828148606,80,0,15768000.0,0.0,11196068355.992971
C,850,45.245535162189874,80,0,15768000.0,0.0,11196068355.992971
C,851,45.233063621965144,80,0,15768000.0,0.0,11196068355.992971
C,852,45.22061015991629,80,0,15768000.0,0.0,11196068355.992971
C,853,45.20817472866554,80,0,15768000.0,0.0,11196068355.992971
C,854,45.19575728101473,80,0,15768000.0,0.0,11196068355.992971
C,855,45.18335776994425,80,0,15768000.0,0.0,11196068355.992971
C,856,45.170976148612304,80,0,15768000.0,0.0,11196068355.992971
C,857,45.15861237035391,80,0,15768000.0,0.0,11196068355.992971
C,858,45.14626638868009,80,0,15768000.0,0.0,11196068355.992971
C,859,45.13393815727703,80,0,15768000.0,0.0,11196068355.992971
C,860,45.121627630005136,80,0,15768000.0,0.0,11196068355.992971
C,861,45.10933476089824,80,0,15768000.0,0.0,11196068355.992971
C,862,45.09705950416273,80,0,15768000.0,0.0,11196068355.992971
C,863,45.084801814176714,80,0,15768000.0,0.0,11196068355.992971
C,864,45.07256164548914,80,0,15768000.0,0.0,11196068355.992971
C,865,45.06033895281898,80,0,15768000.0,0.0,11196068355.992971
C,866,45.04813369105445,80,0,15768000.0,0.0,11196068355.992971
C,867,45.035945815252084,80,0,15768000.0,0.0,11196068355.992971
C,868,45.02377528063599,80,0,15768000.0,0.0,11196068355.992971
C,869,45.011622042597004,80,0,15768000.0,0.0,11196068355.992971
C,870,44.99948605669188,80,0,15768000.0,0.0,11196068355.992971
C,871,44.98736727864249,80,0,15768000.0,0.0,11196068355.992971
C,872,44.97526566433501,80,0,15768000.0,0.0,11196068355.992971
C,873,44.963181169819144,80,0,15768000.0,0.0,11196068355.992971
C,874,44.95111375130729,80,0,15768000.0,0.0,11196068355.992971
C,875,44.939063365173816,80,0,15768000.0,0.0,11196068355.992971
C,876,44.92702996795419,80,0,15768000.0,0.0,11196068355.992971
C,877,44.915013516344295,80,0,15768000.0,0.0,11196068355.992971
C,878,44.90301396719962,80,0,15768000.0,0.0,11196068355.992971
C,879,44.89103127753442,80,0,15768000.0,0.0,11196068355.992971
C,880,44.87906540452107,80,0,15768000.0,0.0,11196068355.992971
C,881,44.86711630548924,80,0,15768000.0,0.0,11196068355.992971
C,882,44.85518393792513,80,0,15768000.0,0.0,11196068355.992971
C,883,44.84326825947077,80,0,15768000.0,0.0,11196068355.992971
C,884,44.83136922792319,80,0,15768000.0,0.0,11196068355.992971
C,885,44.81948680123377,80,0,15768000.0,0.0,11196068355.992971
C,886,44.807620937507465,80,0,15768000.0,0.0,11196068355.992971
C,887,44.79577159500202,80,0,15768000.0,0.0,11196068355.992971
C,888,44.783938732127346,80,0,15768000.0,0.0,11196068355.992971
C,889,44.7721223074447,80,0,15768000.0,0.0,11196068355.992971
C,890,44.76032227966599,80,0,15768000.0,0.0,11196068355.992971
C,891,44.74853860765313,80,0,15768000.0,0.0,11196068355.992971
C,892,44.73677125041722,80,0,15768000.0,0.0,11196068355.992971
C,893,44.72502016711788,80,0,15768000.0,0.0,11196068355.992971
C,894,44.71328531706259,80,0,15768000.0,0.0,11196068355.992971
C,895,44.701566659705925,80,0,15768000.0,0.0,11196068355.992971
C,896,44.68986415464889,80,0,15768000.0,0.0,11196068355.992971
C,897,44.67817776163823,80,0,15768000.0,0.0,11196068355.992971
C,898,44.666507440565745,80,0,15768000.0,0.0,11196068355.992971
C,899,44.65485315146759,80,0,15768000.0,0.0,11196068355.992971
C,900,44.64321485452361,80,0,15768000.0,0.0,11196068355.992971
C,901,44.631592510056684,80,0,15768000.0,0.0,11196068355.992971
C,902,44.61998607853195,80,0,15768000.0,0.0,11196068355.992971
C,903,44.60839552055631,80,0,15768000.0,0.0,11196068355.992971
C,904,44.59682079687761,80,0,15768000.0,0.0,11196068355.992971
C,905,44.58526186838409,80,0,15768000.0,0.0,11196068355.992971
C,906,44.573718696103626,80,0,15768000.0,0.0,11196068355.992971
C,907,44.56219124120318,80,0,15768000.0,0.0,11196068355.992971
C,908,44.55067946498808,80,0,15768000.0,0.0,11196068355.992971
C,909,44.53918332890138,80,0,15768000.0,0.0,11196068355.992971
C,910,44.52770279452329,80,0,15768000.0,0.0,11196068355.992971
C,911,44.51623782357043,80,0,15768000.0,0.0,11196068355.992971
C,912,44.504788377895295,80,0,15768000.0,0.0,11196068355.992971
C,913,44.49335441948554,80,0,15768000.0,0.0,11196068355.992971
C,914,44.48193591046342,80,0,15768000.0,0.0,11196068355.992971
C,915,44.47053281308515,80,0,15768000.0,0.0,11196068355.992971
C,916,44.459145089740254,80,0,15768000.0,0.0,11196068355.992971
C,917,44.447772702950985,80,0,15768000.0,0.0,11196068355.992971
C,918,44.436415615371686,80,0,15768000.0,0.0,11196068355.992971
C,919,44.4250737897882,80,0,15768000.0,0.0,11196068355.992971
C,920,44.41374718911729,80,0,15768000.0,0.0,11196068355.992971
C,921,44.402435776405966,80,0,15768000.0,0.0,11196068355.992971
C,922,44.39113951483094,80,0,15768000.0,0.0,11196068355.992971
C,923,44.37985836769802,80,0,15768000.0,0.0,11196068355.992971
C,924,44.368592298441506,80,0,15768000.0,0.0,11196068355.992971
C,925,44.35734127062363,80,0,15768000.0,0.0,11196068355.992971
C,926,44.346105247933934,80,0,15768000.0,0.0,11196068355.992971
C,927,44.33488419418871,80,0,15768000.0,0.0,11196068355.992971
C,928,44.32367807333041,80,0,15768000.0,0.0,11196068355.992971
C,929,44.31248684942712,80,0,15768000.0,0.0,11196068355.992971
C,930,44.30131048667187,80,0,15768000.0,0.0,11196068355.992971
C,931,44.29014894938222,80,0,15768000.0,0.0,11196068355.992971
C,932,44.279002201999575,80,0,15768000.0,0.0,11196068355.992971
C,933,44.267870209088635,80,0,15768000.0,0.0,11196068355.992971
C,934,44.256752935336934,80,0,15768000.0,0.0,11196068355.992971
C,935,44.245650345554154,80,0,15768000.0,0.0,11196068355.992971
C,936,44.23456240467165,80,0,15768000.0,0.0,11196068355.992971
C,937,44.22348907774191,80,0,15768000.0,0.0,11196068355.992971
C,938,44.21243032993793,80,0,15768000.0,0.0,11196068355.992971
C,939,44.20138612655275,80,0,15768000.0,0.0,11196068355.992971
C,940,44.19035643299887,80,0,15768000.0,0.0,11196068355.992971
C,941,44.179341214807735,80,0,15768000.0,0.0,11196068355.992971
C,942,44.16834043762917,80,0,15768000.0,0.0,11196068355.992971
C,943,44.157354067230926,80,0,15768000.0,0.0,11196068355.992971
C,944,44.146382069498,80,0,15768000.0,0.0,11196068355.992971
C,945,44.13542441043228,80,0,15768000.0,0.0,11196068355.992971
C,946,44.124481056151915,80,0,15768000.0,0.0,11196068355.992971
C,947,44.11355197289081,80,0,15768000.0,0.0,11196068355.992971
C,948,44.10263712699816,80,0,15768000.0,0.0,11196068355.992971
C,949,44.09173648493784,80,0,15768000.0,0.0,11196068355.992971
C,950,44.08085001328803,80,0,15768000.0,0.0,11196068355.992971
C,951,44.06997767874055,80,0,15768000.0,0.0,11196068355.992971
C,952,44.0591194481005,80,0,15768000.0,0.0,11196068355.992971
C,953,44.048275288285616,80,0,15768000.0,0.0,11196068355.992971
C,954,44.03744516632591,80,0,15768000.0,0.0,11196068355.992971
C,955,44.02662904936305,80,0,15768000.0,0.0,11196068355.992971
C,956,44.01582690464997,80,0,15768000.0,0.0,11196068355.992971
C,957,44.00503869955028,80,0,15768000.0,0.0,11196068355.992971
C,958,43.99426440153785,80,0,15768000.0,0.0,11196068355.992971
C,959,43.98350397819629,80,0,15768000.0,0.0,11196068355.992971
C,960,43.97275739721848,80,0,15768000.0,0.0,11196068355.992971
C,961,43.962024626406055,80,0,15768000.0,0.0,11196068355.992971
C,962,43.95130563366898,80,0,15768000.0,0.0,11196068355.992971
C,963,43.940600387025036,80,0,15768000.0,0.0,11196068355.992971
C,964,43.92990885459935,80,0,15768000.0,0.0,11196068355.992971
C,965,43.91923100462391,80,0,15768000.0,0.0,11196068355.992971
C,966,43.908566805437175,80,0,15768000.0,0.0,11196068355.992971
C,967,43.897916225483485,80,0,15768000.0,0.0,11196068355.992971
C,968,43.8872792333127,80,0,15768000.0,0.0,11196068355.992971
C,969,43.87665579757969,80,0,15768000.0,0.0,11196068355.992971
C,970,43.86604588704385,80,0,15768000.0,0.0,11196068355.992971
C,971,43.85544947056877,80,0,15768000.0,0.0,11196068355.992971
C,972,43.844866517121595,80,0,15768000.0,0.0,11196068355.992971
C,973,43.83429699577271,80,0,15768000.0,0.0,11196068355.992971
C,974,43.82374087569529,80,0,15768000.0,0.0,11196068355.992971
C,975,43.81319812616475,80,0,15768000.0,0.0,11196068355.992971
C,976,43.802668716558394,80,0,15768000.0,0.0,11196068355.992971
C,977,43.79215261635497,80,0,15768000.0,0.0,11196068355.992971
C,978,43.781649795134165,80,0,15768000.0,0.0,11196068355.992971
C,979,43.77116022257621,80,0,15768000.0,0.0,11196068355.992971
C,980,43.7606838684615,80,0,15768000.0,0.0,11196068355.992971
C,981,43.75022070267004,80,0,15768000.0,0.0,11196068355.992971
C,982,43.73977069518113,80,0,15768000.0,0.0,11196068355.992971
C,983,43.72933381607285,80,0,15768000.0,0.0,11196068355.992971
C,984,43.718910035521695,80,0,15768000.0,0.0,11196068355.992971
C,985,43.70849932380214,80,0,15768000.0,0.0,11196068355.992971
C,986,43.69810165128619,80,0,15768000.0,0.0,11196068355.992971
C,987,43.68771698844297,80,0,15768000.0,0.0,11196068355.992971
C,988,43.677345305838365,80,0,15768000.0,0.0,11196068355.992971
C,989,43.66698657413452,80,0,15768000.0,0.0,11196068355.992971
C,990,43.65664076408945,80,0,15768000.0,0.0,11196068355.992971
C,991,43.646307846556724,80,0,15768000.0,0.0,11196068355.992971
C,992,43.635987792484904,80,0,15768000.0,0.0,11196068355.992971
C,993,43.625680572917254,80,0,15768000.0,0.0,11196068355.992971
C,994,43.615386158991285,80,0,15768000.0,0.0,11196068355.992971
C,995,43.605104521938394,80,0,15768000.0,0.0,11196068355.992971
C,996,43.594835633083406,80,0,15768000.0,0.0,11196068355.992971
C,997,43.58457946384422,80,0,15768000.0,0.0,11196068355.992971
C,998,43.574335985731416,80,0,15768000.0,0.0,11196068355.992971
C,999,43.564105170347844,80,0,15768000.0,0.0,11196068355.992971
C,1000,43.55388698938821,80,0,15768000.0,0.0,11196068355.992971
C,1001,43.54368141463877,80,0,15768000.0,0.0,11196068355.992971
C,1002,43.53348841797684,80,0,15768000.0,0.0,11196068355.992971
C,1003,43.523307971370485,80,0,15768000.0,0.0,11196068355.992971
C,1004,43.51314004687813,80,0,15768000.0,0.0,11196068355.992971
C,1005,43.50298461664811,80,0,15768000.0,0.0,11196068355.992971
C,1006,43.49284165291839,80,0,15768000.0,0.0,11196068355.992971
C,1007,43.482711128016106,80,0,15768000.0,0.0,11196068355.992971
C,1008,43.472593014357244,80,0,15768000.0,0.0,11196068355.992971
C,1009,43.46248728444623,80,0,15768000.0,0.0,11196068355.992971
C,1010,43.452393910875614,80,0,15768000.0,0.0,11196068355.992971
C,1011,43.442312866325615,80,0,15768000.0,0.0,11196068355.992971
C,1012,43.43224412356384,80,0,15768000.0,0.0,11196068355.992971
C,1013,43.42218765544486,80,0,15768000.0,0.0,11196068355.992971
C,1014,43.41214343490986,80,0,15768000.0,0.0,11196068355.992971
C,1015,43.40211143498632,80,0,15768000.0,0.0,11196068355.992971
C,1016,43.392091628787576,80,0,15768000.0,0.0,11196068355.992971
C,1017,43.38208398951253,80,0,15768000.0,0.0,11196068355.992971
C,1018,43.372088490445286,80,0,15768000.0,0.0,11196068355.992971
C,1019,43.36210510495475,80,0,15768000.0,0.0,11196068355.992971
C,1020,43.35213380649434,80,0,15768000.0,0.0,11196068355.992971
C,1021,43.34217456860156,80,0,15768000.0,0.0,11196068355.992971
C,1022,43.332227364897726,80,0,15768000.0,0.0,11196068355.992971
C,1023,43.32229216908758,80,0,15768000.0,0.0,11196068355.992971
C,1024,43.31236895495897,80,0,15768000.0,0.0,11196068355.992971
C,1025,43.30245769638246,80,0,15768000.0,0.0,11196068355.992971
C,1026,43.292558367311045,80,0,15768000.0,0.0,11196068355.992971
C,1027,43.28267094177975,80,0,15768000.0,0.0,11196068355.992971
C,1028,43.27279539390535,80,0,15768000.0,0.0,11196068355.992971
C,1029,43.26293169788602,80,0,15768000.0,0.0,11196068355.992971
C,1030,43.25307982800096,80,0,15768000.0,0.0,11196068355.992971
C,1031,43.243239758610116,80,0,15768000.0,0.0,11196068355.992971
C,1032,43.23341146415382,80,0,15768000.0,0.0,11196068355.992971
C,1033,43.22359491915244,80,0,15768000.0,0.0,11196068355.992971
C,1034,43.21379009820612,80,0,15768000.0,0.0,11196068355.992971
C,1035,43.20399697599436,80,0,15768000.0,0.0,11196068355.992971
C,1036,43.19421552727578,80,0,15768000.0,0.0,11196068355.992971
C,1037,43.18444572688776,80,0,15768000.0,0.0,11196068355.992971
C,1038,43.174687549746075,80,0,15768000.0,0.0,11196068355.992971
C,1039,43.16494097084467,80,0,15768000.0,0.0,11196068355.992971
C,1040,43.155205965255256,80,0,15768000.0,0.0,11196068355.992971
C,1041,43.14548250812703,80,0,15768000.0,0.0,11196068355.992971
C,1042,43.13577057468637,80,0,15768000.0,0.0,11196068355.992971
C,1043,43.126070140236486,80,0,15768000.0,0.0,11196068355.992971
C,1044,43.11638118015716,80,0,15768000.0,0.0,11196068355.992971
C,1045,43.106703669904384,80,0,15768000.0,0.0,11196068355.992971
C,1046,43.09703758501008,80,0,15768000.0,0.0,11196068355.992971
C,1047,43.08738290108178,80,0,15768000.0,0.0,11196068355.992971
C,1048,43.077739593802356,80,0,15768000.0,0.0,11196068355.992971
C,1049,43.068107638929625,80,0,15768000.0,0.0,11196068355.992971
C,1050,43.05848701229618,80,0,15768000.0,0.0,11196068355.992971
C,1051,43.04887768980897,80,0,15768000.0,0.0,11196068355.992971
C,1052,43.03927964744904,80,0,15768000.0,0.0,11196068355.992971
C,1053,43.029692861271286,80,0,15768000.0,0.0,11196068355.992971
C,1054,43.02011730740407,80,0,15768000.0,0.0,11196068355.992971
C,1055,43.01055296204899,80,0,15768000.0,0.0,11196068355.992971
C,1056,43.00099980148055,80,0,15768000.0,0.0,11196068355.992971
C,1057,42.991457802045915,80,0,15768000.0,0.0,11196068355.992971
C,1058,42.98192694016451,80,0,15768000.0,0.0,11196068355.992971
C,1059,42.9724071923279,80,0,15768000.0,0.0,11196068355.992971
C,1060,42.96289853509935,80,0,15768000.0,0.0,11196068355.992971
C,1061,42.95340094511361,80,0,15768000.0,0.0,11196068355.992971
C,1062,42.943914399076625,80,0,15768000.0,0.0,11196068355.992971
C,1063,42.93443887376524,80,0,15768000.0,0.0,11196068355.992971
C,1064,42.92497434602693,80,0,15768000.0,0.0,11196068355.992971
C,1065,42.91552079277948,80,0,15768000.0,0.0,11196068355.992971
C,1066,42.90607819101078,80,0,15768000.0,0.0,11196068355.992971
C,1067,42.896646517778485,80,0,15768000.0,0.0,11196068355.992971
C,1068,42.88722575020973,80,0,15768000.0,0.0,11196068355.992971
C,1069,42.87781586550095,80,0,15768000.0,0.0,11196068355.992971
C,1070,42.86841684091743,80,0,15768000.0,0.0,11196068355.992971
C,1071,42.85902865379325,80,0,15768000.0,0.0,11196068355.992971
C,1072,42.849651281530846,80,0,15768000.0,0.0,11196068355.992971
C,1073,42.84028470160079,80,0,15768000.0,0.0,11196068355.992971
C,1074,42.83092889154155,80,0,15768000.0,0.0,11196068355.992971
C,1075,42.82158382895918,80,0,15768000.0,0.0,11196068355.992971
C,1076,42.81224949152712,80,0,15768000.0,0.0,11196068355.992971
C,1077,42.80292585698581,80,0,15768000.0,0.0,11196068355.992971
C,1078,42.793612903142574,80,0,15768000.0,0.0,11196068355.992971
C,1079,42.784310607871255,80,0,15768000.0,0.0,11196068355.992971
C,1080,42.77501894911195,80,0,15768000.0,0.0,11196068355.992971
C,1081,42.76573790487089,80,0,15768000.0,0.0,11196068355.992971
C,1082,42.75646745321994,80,0,15768000.0,0.0,11196068355.992971
C,1083,42.74720757229659,80,0,15768000.0,0.0,11196068355.992971
C,1084,42.73795824030352,80,0,15768000.0,0.0,11196068355.992971
C,1085,42.728719435508424,80,0,15768000.0,0.0,11196068355.992971
C,1086,42.719491136243775,80,0,15768000.0,0.0,11196068355.992971
C,1087,42.71027332090652,80,0,15768000.0,0.0,11196068355.992971
C,1088,42.70106596795785,80,0,15768000.0,0.0,11196068355.992971
C,1089,42.69186905592296,80,0,15768000.0,0.0,11196068355.992971
C,1090,42.68268256339078,80,0,15768000.0,0.0,11196068355.992971
C,1091,42.67350646901375,80,0,15768000.0,0.0,11196068355.992971
C,1092,42.66434075150756,80,0,15768000.0,0.0,11196068355.992971
C,1093,42.65518538965089,80,0,15768000.0,0.0,11196068355.992971
C,1094,42.646040362285234,80,0,15768000.0,0.0,11196068355.992971
C,1095,42.63690564831456,80,0,15768000.0,0.0,11196068355.992971
C,1096,42.62778122670511,80,0,15768000.0,0.0,11196068355.992971
C,1097,42.61866707648521,80,0,15768000.0,0.0,11196068355.992971
C,1098,42.60956317674494,80,0,15768000.0,0.0,11196068355.992971
C,1099,42.60046950663599,80,0,15768000.0,0.0,11196068355.992971
C,1100,42.591386045371316,80,0,15768000.0,0.0,11196068355.992971
C,1101,42.582312772224995,80,0,15768000.0,0.0,11196068355.992971
C,1102,42.57324966653196,80,0,15768000.0,0.0,11196068355.992971
C,1103,42.56419670768777,80,0,15768000.0,0.0,11196068355.992971
C,1104,42.555153875148335,80,0,15768000.0,0.0,11196068355.992971
C,1105,42.54612114842977,80,0,15768000.0,0.0,11196068355.992971
C,1106,42.537098507108055,80,0,15768000.0,0.0,11196068355.992971
C,1107,42.52808593081895,80,0,15768000.0,0.0,11196068355.992971
C,1108,42.519083399257596,80,0,15768000.0,0.0,11196068355.992971
C,1109,42.51009089217843,80,0,15768000.0,0.0,11196068355.992971
C,1110,42.50110838939488,80,0,15768000.0,0.0,11196068355.992971
C,1111,42.49213587077917,80,0,15768000.0,0.0,11196068355.992971
C,1112,42.4831733162621,80,0,15768000.0,0.0,11196068355.992971
C,1113,42.474220705832785,80,0,15768000.0,0.0,11196068355.992971
C,1114,42.4652780195385,80,0,15768000.0,0.0,11196068355.992971
C,1115,42.456345237484385,80,0,15768000.0,0.0,11196068355.992971
C,1116,42.44742233983327,80,0,15768000.0,0.0,11196068355.992971
C,1117,42.43850930680546,80,0,15768000.0,0.0,11196068355.992971
C,1118,42.42960611867848,80,0,15768000.0,0.0,11196068355.992971
C,1119,42.42071275578692,80,0,15768000.0,0.0,11196068355.992971
C,1120,42.41182919852214,80,0,15768000.0,0.0,11196068355.992971
C,1121,42.40295542733214,80,0,15768000.0,0.0,11196068355.992971
C,1122,42.39409142272124,80,0,15768000.0,0.0,11196068355.992971
C,1123,42.38523716524999,80,0,15768000.0,0.0,11196068355.992971
C,1124,42.37639263553488,80,0,15768000.0,0.0,11196068355.992971
C,1125,42.36755781424815,80,0,15768000.0,0.0,11196068355.992971
C,1126,42.358732682117555,80,0,15768000.0,0.0,11196068355.992971
C,1127,42.34991721992622,80,0,15768000.0,0.0,11196068355.992971
C,1128,42.341111408512354,80,0,15768000.0,0.0,11196068355.992971
C,1129,42.332315228769104,80,0,15768000.0,0.0,11196068355.992971
C,1130,42.32352866164433,80,0,15768000.0,0.0,11196068355.992971
C,1131,42.31475168814038,80,0,15768000.0,0.0,11196068355.992971
C,1132,42.3059842893139,80,0,15768000.0,0.0,11196068355.992971
C,1133,42.29722644627565,80,0,15768000.0,0.0,11196068355.992971
C,1134,42.28847814019028,80,0,15768000.0,0.0,11196068355.992971
C,1135,42.27973935227611,80,0,15768000.0,0.0,11196068355.992971
C,1136,42.271010063805015,80,0,15768000.0,0.0,11196068355.992971
C,1137,42.262290256102084,80,0,15768000.0,0.0,11196068355.992971
C,1138,42.25357991054558,80,0,15768000.0,0.0,11196068355.992971
C,1139,42.244879008566606,80,0,15768000.0,0.0,11196068355.992971
C,1140,42.236187531648994,80,0,15768000.0,0.0,11196068355.992971
C,1141,42.22750546132909,80,0,15768000.0,0.0,11196068355.992971
C,1142,42.2188327791955,80,0,15768000.0,0.0,11196068355.992971
C,1143,42.210169466889056,80,0,15768000.0,0.0,11196068355.992971
C,1144,42.20151550610238,80,0,15768000.0,0.0,11196068355.992971
C,1145,42.19287087857993,80,0,15768000.0,0.0,11196068355.992971
C,1146,42.184235566117664,80,0,15768000.0,0.0,11196068355.992971
C,1147,42.1756095505629,80,0,15768000.0,0.0,11196068355.992971
C,1148,42.1669928138141,80,0,15768000.0,0.0,11196068355.992971
C,1149,42.158385337820725,80,0,15768000.0,0.0,11196068355.992971
C,1150,42.149787104583005,80,0,15768000.0,0.0,11196068355.992971
C,1151,42.14119809615178,80,0,15768000.0,0.0,11196068355.992971
C,1152,42.132618294628294,80,0,15768000.0,0.0,11196068355.992971
C,1153,42.12404768216403,80,0,15768000.0,0.0,11196068355.992971
C,1154,42.115486240960486,80,0,15768000.0,0.0,11196068355.992971
C,1155,42.10693395326905,80,0,15768000.0,0.0,11196068355.992971
C,1156,42.09839080139078,80,0,15768000.0,0.0,11196068355.992971
C,1157,42.08985676767621,80,0,15768000.0,0.0,11196068355.992971
C,1158,42.081331834525216,80,0,15768000.0,0.0,11196068355.992971
C,1159,42.07281598438678,80,0,15768000.0,0.0,11196068355.992971
C,1160,42.06430919975887,80,0,15768000.0,0.0,11196068355.992971
C,1161,42.05581146318819,80,0,15768000.0,0.0,11196068355.992971
C,1162,42.04732275727008,80,0,15768000.0,0.0,11196068355.992971
C,1163,42.038843064648276,80,0,15768000.0,0.0,11196068355.992971
C,1164,42.03037236801477,80,0,15768000.0,0.0,11196068355.992971
C,1165,42.02191065010961,80,0,15768000.0,0.0,11196068355.992971
C,1166,42.013457893720755,80,0,15768000.0,0.0,11196068355.992971
C,1167,42.00501408168389,80,0,15768000.0,0.0,11196068355.992971
C,1168,41.996579196882216,80,0,15768000.0,0.0,11196068355.992971
C,1169,41.988153222246346,80,0,15768000.0,0.0,11196068355.992971
C,1170,41.97973614075407,80,0,15768000.0,0.0,11196068355.992971
C,1171,41.97132793543021,80,0,15768000.0,0.0,11196068355.992971
C,1172,41.962928589346475,80,0,15768000.0,0.0,11196068355.992971
C,1173,41.95453808562126,80,0,15768000.0,0.0,11196068355.992971
C,1174,41.94615640741947,80,0,15768000.0,0.0,11196068355.992971
C,1175,41.93778353795238,80,0,15768000.0,0.0,11196068355.992971
C,1176,41.92941946047746,80,0,15768000.0,0.0,11196068355.992971
C,1177,41.92106415829818,80,0,15768000.0,0.0,11196068355.992971
C,1178,41.91271761476391,80,0,15768000.0,0.0,11196068355.992971
C,1179,41.90437981326968,80,0,15768000.0,0.0,11196068355.992971
C,1180,41.89605073725604,80,0,15768000.0,0.0,11196068355.992971
C,1181,41.88773037020897,80,0,15768000.0,0.0,11196068355.992971
C,1182,41.87941869565959,80,0,15768000.0,0.0,11196068355.992971
C,1183,41.87111569718407,80,0,15768000.0,0.0,11196068355.992971
C,1184,41.86282135840351,80,0,15768000.0,0.0,11196068355.992971
C,1185,41.854535662983665,80,0,15768000.0,0.0,11196068355.992971
C,1186,41.846258594634904,80,0,15768000.0,0.0,11196068355.992971
C,1187,41.83799013711197,80,0,15768000.0,0.0,11196068355.992971
C,1188,41.82973027421385,80,0,15768000.0,0.0,11196068355.992971
C,1189,41.821478989783635,80,0,15768000.0,0.0,11196068355.992971
C,1190,41.813236267708334,80,0,15768000.0,0.0,11196068355.992971
C,1191,41.80500209191873,80,0,15768000.0,0.0,11196068355.992971
C,1192,41.79677644638921,80,0,15768000.0,0.0,11196068355.992971
C,1193,41.788559315137654,80,0,15768000.0,0.0,11196068355.992971
C,1194,41.780350682225205,80,0,15768000.0,0.0,11196068355.992971
C,1195,41.772150531756225,80,0,15768000.0,0.0,11196068355.992971
C,1196,41.76395884787803,80,0,15768000.0,0.0,11196068355.992971
C,1197,41.75577561478079,80,0,15768000.0,0.0,11196068355.992971
C,1198,41.74760081669737,80,0,15768000.0,0.0,11196068355.992971
C,1199,41.73943443790323,80,0,15768000.0,0.0,11196068355.992971
C,1200,41.73127646271615,80,0,15768000.0,0.0,11196068355.992971
C,1201,41.72312687549623,80,0,15768000.0,0.0,11196068355.992971
C,1202,41.71498566064562,80,0,15768000.0,0.0,11196068355.992971
C,1203,41.70685280260845,80,0,15768000.0,0.0,11196068355.992971
C,1204,41.69872828587064,80,0,15768000.0,0.0,11196068355.992971
C,1205,41.69061209495974,80,0,15768000.0,0.0,11196068355.992971
C,1206,41.68250421444489,80,0,15768000.0,0.0,11196068355.992971
C,1207,41.6744046289365,80,0,15768000.0,0.0,11196068355.992971
C,1208,41.666313323086264,80,0,15768000.0,0.0,11196068355.992971
C,1209,41.65823028158691,80,0,15768000.0,0.0,11196068355.992971
C,1210,41.650155489172136,80,0,15768000.0,0.0,11196068355.992971
C,1211,41.64208893061638,80,0,15768000.0,0.0,11196068355.992971
C,1212,41.63403059073478,80,0,15768000.0,0.0,11196068355.992971
C,1213,41.62598045438294,80,0,15768000.0,0.0,11196068355.992971
C,1214,41.617938506456824,80,0,15768000.0,0.0,11196068355.992971
C,1215,41.60990473189262,80,0,15768000.0,0.0,11196068355.992971
C,1216,41.60187911566665,80,0,15768000.0,0.0,11196068355.992971
C,1217,41.59386164279508,80,0,15768000.0,0.0,11196068355.992971
C,1218,41.585852298333975,80,0,15768000.0,0.0,11196068355.992971
C,1219,41.577851067378994,80,0,15768000.0,0.0,11196068355.992971
C,1220,41.569857935065365,80,0,15768000.0,0.0,11196068355.992971
C,1221,41.561872886567684,80,0,15768000.0,0.0,11196068355.992971
C,1222,41.5538959070998,80,0,15768000.0,0.0,11196068355.992971
C,1223,41.545926981914704,80,0,15768000.0,0.0,11196068355.992971
C,1224,41.537966096304345,80,0,15768000.0,0.0,11196068355.992971
C,1225,41.53001323559952,80,0,15768000.0,0.0,11196068355.992971
C,1226,41.52206838516974,80,0,15768000.0,0.0,11196068355.992971
C,1227,41.5141315304231,80,0,15768000.0,0.0,11196068355.992971
C,1228,41.50620265680615,80,0,15768000.0,0.0,11196068355.992971
C,1229,41.49828174980373,80,0,15768000.0,0.0,11196068355.992971
C,1230,41.490368794938895,80,0,15768000.0,0.0,11196068355.992971
C,1231,41.4824637777727,80,0,15768000.0,0.0,11196068355.992971
C,1232,41.47456668390417,80,0,15768000.0,0.0,11196068355.992971
C,1233,41.4666774989701,80,0,15768000.0,0.0,11196068355.992971
C,1234,41.45879620864494,80,0,15768000.0,0.0,11196068355.992971
C,1235,41.45092279864067,80,0,15768000.0,0.0,11196068355.992971
C,1236,41.443057254706666,80,0,15768000.0,0.0,11196068355.992971
C,1237,41.4351995626296,80,0,15768000.0,0.0,11196068355.992971
C,1238,41.42734970823329,80,0,15768000.0,0.0,11196068355.992971
C,1239,41.41950767737851,80,0,15768000.0,0.0,11196068355.992971
C,1240,41.411673455963026,80,0,15768000.0,0.0,11196068355.992971
C,1241,41.40384702992131,80,0,15768000.0,0.0,11196068355.992971
C,1242,41.39602838522447,80,0,15768000.0,0.0,11196068355.992971
C,1243,41.388217507880164,80,0,15768000.0,0.0,11196068355.992971
C,1244,41.380414383932404,80,0,15768000.0,0.0,11196068355.992971
C,1245,41.372618999461515,80,0,15768000.0,0.0,11196068355.992971
C,1246,41.36483134058392,80,0,15768000.0,0.0,11196068355.992971
C,1247,41.3570513934521,80,0,15768000.0,0.0,11196068355.992971
C,1248,41.349279144254425,80,0,15768000.0,0.0,11196068355.992971
C,1249,41.34151457921504,80,0,15768000.0,0.0,11196068355.992971
C,1250,41.33375768459374,80,0,15768000.0,0.0,11196068355.992971
C,1251,41.32600844668586,80,0,15768000.0,0.0,11196068355.992971
C,1252,41.31826685182218,80,0,15768000.0,0.0,11196068355.992971
C,1253,41.310532886368726,80,0,15768000.0,0.0,11196068355.992971
C,1254,41.30280653672673,80,0,15768000.0,0.0,11196068355.992971
C,1255,41.295087789332506,80,0,15768000.0,0.0,11196068355.992971
C,1256,41.28737663065724,80,0,15768000.0,0.0,11196068355.992971
C,1257,41.279673047207005,80,0,15768000.0,0.0,11196068355.992971
C,1258,41.27197702552255,80,0,15768000.0,0.0,11196068355.992971
C,1259,41.264288552179224,80,0,15768000.0,0.0,11196068355.992971
C,1260,41.25660761378683,80,0,15768000.0,0.0,11196068355.992971
C,1261,41.24893419698955,80,0,15768000.0,0.0,11196068355.992971
C,1262,41.24126828846579,80,0,15768000.0,0.0,11196068355.992971
C,1263,41.233609874928085,80,0,15768000.0,0.0,11196068355.992971
C,1264,41.225958943123004,80,0,15768000.0,0.0,11196068355.992971
C,1265,41.21831547983096,80,0,15768000.0,0.0,11196068355.992971
C,1266,41.210679471866214,80,0,15768000.0,0.0,11196068355.992971
C,1267,41.20305090607666,80,0,15768000.0,0.0,11196068355.992971
C,1268,41.19542976934376,80,0,15768000.0,0.0,11196068355.992971
C,1269,41.18781604858243,80,0,15768000.0,0.0,11196068355.992971
C,1270,41.1802097307409,80,0,15768000.0,0.0,11196068355.992971
C,1271,41.172610802800655,80,0,15768000.0,0.0,11196068355.992971
C,1272,41.16501925177628,80,0,15768000.0,0.0,11196068355.992971
C,1273,41.15743506471535,80,0,15768000.0,0.0,11196068355.992971
C,1274,41.149858228698335,80,0,15768000.0,0.0,11196068355.992971
C,1275,41.14228873083853,80,0,15768000.0,0.0,11196068355.992971
C,1276,41.13472655828186,80,0,15768000.0,0.0,11196068355.992971
C,1277,41.12717169820683,80,0,15768000.0,0.0,11196068355.992971
C,1278,41.11962413782441,80,0,15768000.0,0.0,11196068355.992971
C,1279,41.11208386437792,80,0,15768000.0,0.0,11196068355.992971
C,1280,41.10455086514294,80,0,15768000.0,0.0,11196068355.992971
C,1281,41.097025127427145,80,0,15768000.0,0.0,11196068355.992971
C,1282,41.089506638570285,80,0,15768000.0,0.0,11196068355.992971
C,1283,41.081995385944026,80,0,15768000.0,0.0,11196068355.992971
C,1284,41.07449135695183,80,0,15768000.0,0.0,11196068355.992971
C,1285,41.06699453902891,80,0,15768000.0,0.0,11196068355.992971
C,1286,41.05950491964207,80,0,15768000.0,0.0,11196068355.992971
C,1287,41.052022486289644,80,0,15768000.0,0.0,11196068355.992971
C,1288,41.044547226501315,80,0,15768000.0,0.0,11196068355.992971
C,1289,41.03707912783814,80,0,15768000.0,0.0,11196068355.992971
C,1290,41.02961817789234,80,0,15768000.0,0.0,11196068355.992971
C,1291,41.0221643642872,80,0,15768000.0,0.0,11196068355.992971
C,1292,41.01471767467706,80,0,15768000.0,0.0,11196068355.992971
C,1293,41.007278096747086,80,0,15768000.0,0.0,11196068355.992971
C,1294,40.99984561821331,80,0,15768000.0,0.0,11196068355.992971
C,1295,40.99242022682239,80,0,15768000.0,0.0,11196068355.992971
C,1296,40.985001910351606,80,0,15768000.0,0.0,11196068355.992971
C,1297,40.97759065660871,80,0,15768000.0,0.0,11196068355.992971
C,1298,40.97018645343187,80,0,15768000.0,0.0,11196068355.992971
C,1299,40.962789288689535,80,0,15768000.0,0.0,11196068355.992971
C,1300,40.95539915028032,80,0,15768000.0,0.0,11196068355.992971
C,1301,40.94801602613296,80,0,15768000.0,0.0,11196068355.992971
C,1302,40.94063990420622,80,0,15768000.0,0.0,11196068355.992971
C,1303,40.93327077248868,80,0,15768000.0,0.0,11196068355.992971
C,1304,40.925908618998804,80,0,15768000.0,0.0,11196068355.992971
C,1305,40.9185534317847,80,0,15768000.0,0.0,11196068355.992971
C,1306,40.91120519892412,80,0,15768000.0,0.0,11196068355.992971
C,1307,40.90386390852435,80,0,15768000.0,0.0,11196068355.992971
C,1308,40.89652954872202,80,0,15768000.0,0.0,11196068355.992971
C,1309,40.889202107683154,80,0,15768000.0,0.0,11196068355.992971
C,1310,40.881881573602975,80,0,15768000.0,0.0,11196068355.992971
C,1311,40.87456793470582,80,0,15768000.0,0.0,11196068355.992971
C,1312,40.867261179245105,80,0,15768000.0,0.0,11196068355.992971
C,1313,40.85996129550316,80,0,15768000.0,0.0,11196068355.992971
C,1314,40.85266827179118,80,0,15768000.0,0.0,11196068355.992971
C,1315,40.845382096449136,80,0,15768000.0,0.0,11196068355.992971
C,1316,40.838102757845604,80,0,15768000.0,0.0,11196068355.992971
C,1317,40.83083024437781,80,0,15768000.0,0.0,11196068355.992971
C,1318,40.82356454447142,80,0,15768000.0,0.0,11196068355.992971
C,1319,40.816305646580496,80,0,15768000.0,0.0,11196068355.992971
C,1320,40.8090535391874,80,0,15768000.0,0.0,11196068355.992971
C,1321,40.80180821080271,80,0,15768000.0,0.0,11196068355.992971
C,1322,40.79456964996513,80,0,15768000.0,0.0,11196068355.992971
C,1323,40.787337845241375,80,0,15768000.0,0.0,11196068355.992971
C,1324,40.780112785226116,80,0,15768000.0,0.0,11196068355.992971
C,1325,40.772894458541835,80,0,15768000.0,0.0,11196068355.992971
C,1326,40.765682853838825,80,0,15768000.0,0.0,11196068355.992971
C,1327,40.75847795979504,80,0,15768000.0,0.0,11196068355.992971
C,1328,40.75127976511596,80,0,15768000.0,0.0,11196068355.992971
C,1329,40.74408825853467,80,0,15768000.0,0.0,11196068355.992971
C,1330,40.73690342881155,80,0,15768000.0,0.0,11196068355.992971
C,1331,40.7297252647344,80,0,15768000.0,0.0,11196068355.992971
C,1332,40.72255375511816,80,0,15768000.0,0.0,11196068355.992971
C,1333,40.715388888804995,80,0,15768000.0,0.0,11196068355.992971
C,1334,40.708230654664085,80,0,15768000.0,0.0,11196068355.992971
C,1335,40.70107904159162,80,0,15768000.0,0.0,11196068355.992971
C,1336,40.693934038510655,80,0,15768000.0,0.0,11196068355.992971
C,1337,40.68679563437104,80,0,15768000.0,0.0,11196068355.992971
C,1338,40.679663818149386,80,0,15768000.0,0.0,11196068355.992971
C,1339,40.67253857884891,80,0,15768000.0,0.0,11196068355.992971
C,1340,40.66541990549937,80,0,15768000.0,0.0,11196068355.992971
C,1341,40.658307787157035,80,0,15768000.0,0.0,11196068355.992971
C,1342,40.651202212904515,80,0,15768000.0,0.0,11196068355.992971
C,1343,40.64410317185072,80,0,15768000.0,0.0,11196068355.992971
C,1344,40.63701065313084,80,0,15768000.0,0.0,11196068355.992971
C,1345,40.6299246459061,80,0,15768000.0,0.0,11196068355.992971
C,1346,40.622845139363875,80,0,15768000.0,0.0,11196068355.992971
C,1347,40.61577212271745,80,0,15768000.0,0.0,11196068355.992971
C,1348,40.60870558520602,80,0,15768000.0,0.0,11196068355.992971
C,1349,40.60164551609458,80,0,15768000.0,0.0,11196068355.992971
C,1350,40.59459190467388,80,0,15768000.0,0.0,11196068355.992971
C,1351,40.58754474026027,80,0,15768000.0,0.0,11196068355.992971
C,1352,40.580504012195725,80,0,15768000.0,0.0,11196068355.992971
C,1353,40.57346970984764,80,0,15768000.0,0.0,11196068355.992971
C,1354,40.56644182260886,80,0,15768000.0,0.0,11196068355.992971
C,1355,40.55942033989756,80,0,15768000.0,0.0,11196068355.992971
C,1356,40.552405251157126,80,0,15768000.0,0.0,11196068355.992971
C,1357,40.54539654585616,80,0,15768000.0,0.0,11196068355.992971
C,1358,40.53839421348831,80,0,15768000.0,0.0,11196068355.992971
C,1359,40.53139824357228,80,0,15768000.0,0.0,11196068355.992971
C,1360,40.524408625651674,80,0,15768000.0,0.0,11196068355.992971
C,1361,40.51742534929498,80,0,15768000.0,0.0,11196068355.992971
C,1362,40.51044840409542,80,0,15768000.0,0.0,11196068355.992971
C,1363,40.50347777967097,80,0,15768000.0,0.0,11196068355.992971
C,1364,40.49651346566422,80,0,15768000.0,0.0,11196068355.992971
C,1365,40.489555451742305,80,0,15768000.0,0.0,11196068355.992971
C,1366,40.482603727596796,80,0,15768000.0,0.0,11196068355.992971
C,1367,40.47565828294372,80,0,15768000.0,0.0,11196068355.992971
C,1368,40.4687191075234,80,0,15768000.0,0.0,11196068355.992971
C,1369,40.461786191100394,80,0,15768000.0,0.0,11196068355.992971
C,1370,40.45485952346347,80,0,15768000.0,0.0,11196068355.992971
C,1371,40.44793909442544,80,0,15768000.0,0.0,11196068355.992971
C,1372,40.4410248938232,80,0,15768000.0,0.0,11196068355.992971
C,1373,40.434116911517535,80,0,15768000.0,0.0,11196068355.992971
C,1374,40.427215137393134,80,0,15768000.0,0.0,11196068355.992971
C,1375,40.42031956135849,80,0,15768000.0,0.0,11196068355.992971
C,1376,40.41343017334581,80,0,15768000.0,0.0,11196068355.992971
C,1377,40.40654696331099,80,0,15768000.0,0.0,11196068355.992971
C,1378,40.399669921233446,80,0,15768000.0,0.0,11196068355.992971
C,1379,40.39279903711617,80,0,15768000.0,0.0,11196068355.992971
C,1380,40.385934300985554,80,0,15768000.0,0.0,11196068355.992971
C,1381,40.37907570289136,80,0,15768000.0,0.0,11196068355.992971
C,1382,40.37222323290665,80,0,15768000.0,0.0,11196068355.992971
C,1383,40.36537688112771,80,0,15768000.0,0.0,11196068355.992971
C,1384,40.35853663767397,80,0,15768000.0,0.0,11196068355.992971
C,1385,40.351702492687956,80,0,15768000.0,0.0,11196068355.992971
C,1386,40.34487443633519,80,0,15768000.0,0.0,11196068355.992971
C,1387,40.338052458804135,80,0,15768000.0,0.0,11196068355.992971
C,1388,40.33123655030614,80,0,15768000.0,0.0,11196068355.992971
C,1389,40.324426701075325,80,0,15768000.0,0.0,11196068355.992971
C,1390,40.31762290136856,80,0,15768000.0,0.0,11196068355.992971
C,1391,40.31082514146539,80,0,15768000.0,0.0,11196068355.992971
C,1392,40.30403341166793,80,0,15768000.0,0.0,11196068355.992971
C,1393,40.29724770230082,80,0,15768000.0,0.0,11196068355.992971
C,1394,40.29046800371118,80,0,15768000.0,0.0,11196068355.992971
C,1395,40.283694306268494,80,0,15768000.0,0.0,11196068355.992971
C,1396,40.27692660036456,80,0,15768000.0,0.0,11196068355.992971
C,1397,40.27016487641345,80,0,15768000.0,0.0,11196068355.992971
C,1398,40.263409124851414,80,0,15768000.0,0.0,11196068355.992971
C,1399,40.2566593361368,80,0,15768000.0,0.0,11196068355.992971
C,1400,40.249915500750035,80,0,15768000.0,0.0,11196068355.992971
C,1401,40.24317760919352,80,0,15768000.0,0.0,11196068355.992971
C,1402,40.23644565199155,80,0,15768000.0,0.0,11196068355.992971
C,1403,40.229719619690314,80,0,15768000.0,0.0,11196068355.992971
C,1404,40.22299950285775,80,0,15768000.0,0.0,11196068355.992971
C,1405,40.21628529208353,80,0,15768000.0,0.0,11196068355.992971
C,1406,40.209576977979,80,0,15768000.0,0.0,11196068355.992971
C,1407,40.20287455117703,80,0,15768000.0,0.0,11196068355.992971
C,1408,40.1961780023321,80,0,15768000.0,0.0,11196068355.992971
C,1409,40.18948732212008,80,0,15768000.0,0.0,11196068355.992971
C,1410,40.18280250123827,80,0,15768000.0,0.0,11196068355.992971
C,1411,40.176123530405285,80,0,15768000.0,0.0,11196068355.992971
C,1412,40.169450400361036,80,0,15768000.0,0.0,11196068355.992971
C,1413,40.1627831018666,80,0,15768000.0,0.0,11196068355.992971
C,1414,40.15612162570421,80,0,15768000.0,0.0,11196068355.992971
C,1415,40.14946596267718,80,0,15768000.0,0.0,11196068355.992971
C,1416,40.14281610360982,80,0,15768000.0,0.0,11196068355.992971
C,1417,40.1361720393474,80,0,15768000.0,0.0,11196068355.992971
C,1418,40.129533760756075,80,0,15768000.0,0.0,11196068355.992971
C,1419,40.12290125872284,80,0,15768000.0,0.0,11196068355.992971
C,1420,40.11627452415545,80,0,15768000.0,0.0,11196068355.992971
C,1421,40.10965354798233,80,0,15768000.0,0.0,11196068355.992971
C,1422,40.10303832115257,80,0,15768000.0,0.0,11196068355.992971
C,1423,40.09642883463586,80,0,15768000.0,0.0,11196068355.992971
C,1424,40.089825079422354,80,0,15768000.0,0.0,11196068355.992971
C,1425,40.08322704652271,80,0,15768000.0,0.0,11196068355.992971
C,1426,40.076634726967946,80,0,15768000.0,0.0,11196068355.992971
C,1427,40.07004811180945,80,0,15768000.0,0.0,11196068355.992971
C,1428,40.06346719211885,80,0,15768000.0,0.0,11196068355.992971
C,1429,40.056891958988,80,0,15768000.0,0.0,11196068355.992971
C,1430,40.05032240352891,80,0,15768000.0,0.0,11196068355.992971
C,1431,40.043758516873716,80,0,15768000.0,0.0,11196068355.992971
C,1432,40.037200290174525,80,0,15768000.0,0.0,11196068355.992971
C,1433,40.03064771460347,80,0,15768000.0,0.0,11196068355.992971
C,1434,40.024100781352594,80,0,15768000.0,0.0,11196068355.992971
C,1435,40.017559481633754,80,0,15768000.0,0.0,11196068355.992971
C,1436,40.011023806678686,80,0,15768000.0,0.0,11196068355.992971
C,1437,40.00449374773881,80,0,15768000.0,0.0,11196068355.992971
C,1438,39.99796929608524,80,0,15768000.0,0.0,11196068355.992971
C,1439,39.9914504430087,80,0,15768000.0,0.0,11196068355.992971
C,1440,39.984937179819546,80,0,15768000.0,0.0,11196068355.992971
C,1441,39.97842949784754,80,0,15768000.0,0.0,11196068355.992971
C,1442,39.97192738844201,80,0,15768000.0,0.0,11196068355.992971
C,1443,39.9654308429716,80,0,15768000.0,0.0,11196068355.992971
C,1444,39.958939852824315,80,0,15768000.0,0.0,11196068355.992971
C,1445,39.95245440940744,80,0,15768000.0,0.0,11196068355.992971
C,1446,39.94597450414751,80,0,15768000.0,0.0,11196068355.992971
C,1447,39.93950012849018,80,0,15768000.0,0.0,11196068355.992971
C,1448,39.933031273900276,80,0,15768000.0,0.0,11196068355.992971
C,1449,39.92656793186164,80,0,15768000.0,0.0,11196068355.992971
C,1450,39.920110093877135,80,0,15768000.0,0.0,11196068355.992971
C,1451,39.913657751468556,80,0,15768000.0,0.0,11196068355.992971
C,1452,39.90721089617659,80,0,15768000.0,0.0,11196068355.992971
C,1453,39.90076951956078,80,0,15768000.0,0.0,11196068355.992971
C,1454,39.89433361319945,80,0,15768000.0,0.0,11196068355.992971
C,1455,39.887903168689604,80,0,15768000.0,0.0,11196068355.992971
C,1456,39.88147817764696,80,0,15768000.0,0.0,11196068355.992971
C,1457,39.87505863170587,80,0,15768000.0,0.0,11196068355.992971
C,1458,39.868644522519205,80,0,15768000.0,0.0,11196068355.992971
C,1459,39.86223584175835,80,0,15768000.0,0.0,11196068355.992971
C,1460,39.855832581113184,80,0,15768000.0,0.0,11196068355.992971
C,1461,39.849434732291954,80,0,15768000.0,0.0,11196068355.992971
C,1462,39.84304228702128,80,0,15768000.0,0.0,11196068355.992971
C,1463,39.83665523704604,80,0,15768000.0,0.0,11196068355.992971
C,1464,39.8302735741294,80,0,15768000.0,0.0,11196068355.992971
C,1465,39.82389729005269,80,0,15768000.0,0.0,11196068355.992971
C,1466,39.8175263766154,80,0,15768000.0,0.0,11196068355.992971
C,1467,39.811160825635056,80,0,15768000.0,0.0,11196068355.992971
C,1468,39.80480062894727,80,0,15768000.0,0.0,11196068355.992971
C,1469,39.79844577840562,80,0,15768000.0,0.0,11196068355.992971
C,1470,39.79209626588161,80,0,15768000.0,0.0,11196068355.992971
C,1471,39.78575208326461,80,0,15768000.0,0.0,11196068355.992971
C,1472,39.77941322246184,80,0,15768000.0,0.0,11196068355.992971
C,1473,39.77307967539827,80,0,15768000.0,0.0,11196068355.992971
C,1474,39.766751434016605,80,0,15768000.0,0.0,11196068355.992971
C,1475,39.76042849027724,80,0,15768000.0,0.0,11196068355.992971
C,1476,39.75411083615817,80,0,15768000.0,0.0,11196068355.992971
C,1477,39.74779846365496,80,0,15768000.0,0.0,11196068355.992971
C,1478,39.741491364780714,80,0,15768000.0,0.0,11196068355.992971
C,1479,39.73518953156599,80,0,15768000.0,0.0,11196068355.992971
C,1480,39.728892956058786,80,0,15768000.0,0.0,11196068355.992971
C,1481,39.72260163032446,80,0,15768000.0,0.0,11196068355.992971
C,1482,39.716315546445685,80,0,15768000.0,0.0,11196068355.992971
C,1483,39.71003469652243,80,0,15768000.0,0.0,11196068355.992971
C,1484,39.70375907267186,80,0,15768000.0,0.0,11196068355.992971
C,1485,39.69748866702832,80,0,15768000.0,0.0,11196068355.992971
C,1486,39.691223471743285,80,0,15768000.0,0.0,11196068355.992971
C,1487,39.68496347898532,80,0,15768000.0,0.0,11196068355.992971
C,1488,39.67870868094,80,0,15768000.0,0.0,11196068355.992971
C,1489,39.672459069809875,80,0,15768000.0,0.0,11196068355.992971
C,1490,39.66621463781445,80,0,15768000.0,0.0,11196068355.992971
C,1491,39.65997537719007,80,0,15768000.0,0.0,11196068355.992971
C,1492,39.653741280189976,80,0,15768000.0,0.0,11196068355.992971
C,1493,39.64751233908414,80,0,15768000.0,0.0,11196068355.992971
C,1494,39.641288546159295,80,0,15768000.0,0.0,11196068355.992971
C,1495,39.635069893718885,80,0,15768000.0,0.0,11196068355.992971
C,1496,39.62885637408296,80,0,15768000.0,0.0,11196068355.992971
C,1497,39.6226479795882,80,0,15768000.0,0.0,11196068355.992971
C,1498,39.61644470258783,80,0,15768000.0,0.0,11196068355.992971
C,1499,39.61024653545154,80,0,15768000.0,0.0,11196068355.992971
C,1500,39.604053470565546,80,0,15768000.0,0.0,11196068355.992971
C,1501,39.59786550033242,80,0,15768000.0,0.0,11196068355.992971
C,1502,39.59168261717114,80,0,15768000.0,0.0,11196068355.992971
C,1503,39.58550481351696,80,0,15768000.0,0.0,11196068355.992971
C,1504,39.57933208182143,80,0,15768000.0,0.0,11196068355.992971
C,1505,39.57316441455234,80,0,15768000.0,0.0,11196068355.992971
C,1506,39.56700180419363,80,0,15768000.0,0.0,11196068355.992971
C,1507,39.56084424324539,80,0,15768000.0,0.0,11196068355.992971
C,1508,39.554691724223815,80,0,15768000.0,0.0,11196068355.992971
C,1509,39.54854423966112,80,0,15768000.0,0.0,11196068355.992971
C,1510,39.54240178210553,80,0,15768000.0,0.0,11196068355.992971
C,1511,39.53626434412125,80,0,15768000.0,0.0,11196068355.992971
C,1512,39.53013191828835,80,0,15768000.0,0.0,11196068355.992971
C,1513,39.52400449720279,80,0,15768000.0,0.0,11196068355.992971
C,1514,39.51788207347637,80,0,15768000.0,0.0,11196068355.992971
C,1515,39.51176463973664,80,0,15768000.0,0.0,11196068355.992971
C,1516,39.505652188626875,80,0,15768000.0,0.0,11196068355.992971
C,1517,39.49954471280609,80,0,15768000.0,0.0,11196068355.992971
C,1518,39.49344220494889,80,0,15768000.0,0.0,11196068355.992971
C,1519,39.4873446577455,80,0,15768000.0,0.0,11196068355.992971
C,1520,39.48125206390173,80,0,15768000.0,0.0,11196068355.992971
C,1521,39.47516441613887,80,0,15768000.0,0.0,11196068355.992971
C,1522,39.469081707193695,80,0,15768000.0,0.0,11196068355.992971
C,1523,39.46300392981841,80,0,15768000.0,0.0,11196068355.992971
C,1524,39.45693107678062,80,0,15768000.0,0.0,11196068355.992971
C,1525,39.45086314086324,80,0,15768000.0,0.0,11196068355.992971
C,1526,39.44480011486451,80,0,15768000.0,0.0,11196068355.992971
C,1527,39.43874199159794,80,0,15768000.0,0.0,11196068355.992971
C,1528,39.432688763892216,80,0,15768000.0,0.0,11196068355.992971
C,1529,39.42664042459124,80,0,15768000.0,0.0,11196068355.992971
C,1530,39.42059696655403,80,0,15768000.0,0.0,11196068355.992971
C,1531,39.41455838265468,80,0,15768000.0,0.0,11196068355.992971
C,1532,39.408524665782366,80,0,15768000.0,0.0,11196068355.992971
C,1533,39.402495808841216,80,0,15768000.0,0.0,11196068355.992971
C,1534,39.39647180475039,80,0,15768000.0,0.0,11196068355.992971
C,1535,39.39045264644392,80,0,15768000.0,0.0,11196068355.992971
C,1536,39.38443832687075,80,0,15768000.0,0.0,11196068355.992971
C,1537,39.37842883899466,80,0,15768000.0,0.0,11196068355.992971
C,1538,39.37242417579421,80,0,15768000.0,0.0,11196068355.992971
C,1539,39.36642433026275,80,0,15768000.0,0.0,11196068355.992971
C,1540,39.36042929540834,80,0,15768000.0,0.0,11196068355.992971
C,1541,39.354439064253704,80,0,15768000.0,0.0,11196068355.992971
C,1542,39.348453629836236,80,0,15768000.0,0.0,11196068355.992971
C,1543,39.34247298520791,80,0,15768000.0,0.0,11196068355.992971
C,1544,39.336497123435244,80,0,15768000.0,0.0,11196068355.992971
C,1545,39.3305260375993,80,0,15768000.0,0.0,11196068355.992971
C,1546,39.32455972079559,80,0,15768000.0,0.0,11196068355.992971
C,1547,39.31859816613412,80,0,15768000.0,0.0,11196068355.992971
C,1548,39.31264136673925,80,0,15768000.0,0.0,11196068355.992971
C,1549,39.30668931574969,80,0,15768000.0,0.0,11196068355.992971
C,1550,39.300742006318515,80,0,15768000.0,0.0,11196068355.992971
C,1551,39.29479943161306,80,0,15768000.0,0.0,11196068355.992971
C,1552,39.28886158481488,80,0,15768000.0,0.0,11196068355.992971
C,1553,39.28292845911977,80,0,15768000.0,0.0,11196068355.992971
C,1554,39.27700004773769,80,0,15768000.0,0.0,11196068355.992971
C,1555,39.2710763438927,80,0,15768000.0,0.0,11196068355.992971
C,1556,39.265157340822974,80,0,15768000.0,0.0,11196068355.992971
C,1557,39.25924303178072,80,0,15768000.0,0.0,11196068355.992971
C,1558,39.25333341003217,80,0,15768000.0,0.0,11196068355.992971
C,1559,39.247428468857514,80,0,15768000.0,0.0,11196068355.992971
C,1560,39.2415282015509,80,0,15768000.0,0.0,11196068355.992971
C,1561,39.235632601420356,80,0,15768000.0,0.0,11196068355.992971
C,1562,39.22974166178777,80,0,15768000.0,0.0,11196068355.992971
C,1563,39.22385537598888,80,0,15768000.0,0.0,11196068355.992971
C,1564,39.21797373737316,80,0,15768000.0,0.0,11196068355.992971
C,1565,39.2120967393039,80,0,15768000.0,0.0,11196068355.992971
C,1566,39.20622437515803,80,0,15768000.0,0.0,11196068355.992971
C,1567,39.200356638326205,80,0,15768000.0,0.0,11196068355.992971
C,1568,39.194493522212696,80,0,15768000.0,0.0,11196068355.992971
C,1569,39.18863502023537,80,0,15768000.0,0.0,11196068355.992971
C,1570,39.18278112582567,80,0,15768000.0,0.0,11196068355.992971
C,1571,39.17693183242857,80,0,15768000.0,0.0,11196068355.992971
C,1572,39.17108713350252,80,0,15768000.0,0.0,11196068355.992971
C,1573,39.16524702251941,80,0,15768000.0,0.0,11196068355.992971
C,1574,39.159411492964594,80,0,15768000.0,0.0,11196068355.992971
C,1575,39.15358053833679,80,0,15768000.0,0.0,11196068355.992971
C,1576,39.147754152148025,80,0,15768000.0,0.0,11196068355.992971
C,1577,39.141932327923676,80,0,15768000.0,0.0,11196068355.992971
C,1578,39.1361150592024,80,0,15768000.0,0.0,11196068355.992971
C,1579,39.130302339536044,80,0,15768000.0,0.0,11196068355.992971
C,1580,39.12449416248972,80,0,15768000.0,0.0,11196068355.992971
C,1581,39.11869052164168,80,0,15768000.0,0.0,11196068355.992971
C,1582,39.11289141058328,80,0,15768000.0,0.0,11196068355.992971
C,1583,39.10709682291902,80,0,15768000.0,0.0,11196068355.992971
C,1584,39.10130675226643,80,0,15768000.0,0.0,11196068355.992971
C,1585,39.095521192256115,80,0,15768000.0,0.0,11196068355.992971
C,1586,39.089740136531596,80,0,15768000.0,0.0,11196068355.992971
C,1587,39.083963578749426,80,0,15768000.0,0.0,11196068355.992971
C,1588,39.07819151257904,80,0,15768000.0,0.0,11196068355.992971
C,1589,39.072423931702765,80,0,15768000.0,0.0,11196068355.992971
C,1590,39.0666608298158,80,0,15768000.0,0.0,11196068355.992971
C,1591,39.060902200626174,80,0,15768000.0,0.0,11196068355.992971
C,1592,39.05514803785465,80,0,15768000.0,0.0,11196068355.992971
C,1593,39.049398335234784,80,0,15768000.0,0.0,11196068355.992971
C,1594,39.04365308651287,80,0,15768000.0,0.0,11196068355.992971
C,1595,39.037912285447845,80,0,15768000.0,0.0,11196068355.992971
C,1596,39.03217592581131,80,0,15768000.0,0.0,11196068355.992971
C,1597,39.02644400138748,80,0,15768000.0,0.0,11196068355.992971
C,1598,39.020716505973176,80,0,15768000.0,0.0,11196068355.992971
C,1599,39.01499343337774,80,0,15768000.0,0.0,11196068355.992971
C,1600,39.009274777423066,80,0,15768000.0,0.0,11196068355.992971
C,1601,39.003560531943506,80,0,15768000.0,0.0,11196068355.992971
C,1602,38.99785069078585,80,0,15768000.0,0.0,11196068355.992971
C,1603,38.99214524780937,80,0,15768000.0,0.0,11196068355.992971
C,1604,38.98644419688564,80,0,15768000.0,0.0,11196068355.992971
C,1605,38.980747531898636,80,0,15768000.0,0.0,11196068355.992971
C,1606,38.975055246744674,80,0,15768000.0,0.0,11196068355.992971
C,1607,38.969367335332294,80,0,15768000.0,0.0,11196068355.992971
C,1608,38.963683791582355,80,0,15768000.0,0.0,11196068355.992971
C,1609,38.95800460942791,80,0,15768000.0,0.0,11196068355.992971
C,1610,38.95232978281419,80,0,15768000.0,0.0,11196068355.992971
C,1611,38.94665930569862,80,0,15768000.0,0.0,11196068355.992971
C,1612,38.94099317205071,80,0,15768000.0,0.0,11196068355.992971
C,1613,38.935331375852115,80,0,15768000.0,0.0,11196068355.992971
C,1614,38.929673911096515,80,0,15768000.0,0.0,11196068355.992971
C,1615,38.92402077178964,80,0,15768000.0,0.0,11196068355.992971
C,1616,38.91837195194921,80,0,15768000.0,0.0,11196068355.992971
C,1617,38.91272744560493,80,0,15768000.0,0.0,11196068355.992971
C,1618,38.907087246798426,80,0,15768000.0,0.0,11196068355.992971
C,1619,38.90145134958322,80,0,15768000.0,0.0,11196068355.992971
C,1620,38.895819748024756,80,0,15768000.0,0.0,11196068355.992971
C,1621,38.890192436200294,80,0,15768000.0,0.0,11196068355.992971
C,1622,38.884569408198864,80,0,15768000.0,0.0,11196068355.992971
C,1623,38.87895065812136,80,0,15768000.0,0.0,11196068355.992971
C,1624,38.87333618008038,80,0,15768000.0,0.0,11196068355.992971
C,1625,38.86772596820025,80,0,15768000.0,0.0,11196068355.992971
C,1626,38.86212001661699,80,0,15768000.0,0.0,11196068355.992971
C,1627,38.85651831947827,80,0,15768000.0,0.0,11196068355.992971
C,1628,38.850920870943405,80,0,15768000.0,0.0,11196068355.992971
C,1629,38.84532766518331,80,0,15768000.0,0.0,11196068355.992971
C,1630,38.83973869638046,80,0,15768000.0,0.0,11196068355.992971
C,1631,38.83415395872888,80,0,15768000.0,0.0,11196068355.992971
C,1632,38.82857344643408,80,0,15768000.0,0.0,11196068355.992971
C,1633,38.82299715371307,80,0,15768000.0,0.0,11196068355.992971
C,1634,38.81742507479432,80,0,15768000.0,0.0,11196068355.992971
C,1635,38.811857203917704,80,0,15768000.0,0.0,11196068355.992971
C,1636,38.806293535334476,80,0,15768000.0,0.0,11196068355.992971
C,1637,38.80073406330729,80,0,15768000.0,0.0,11196068355.992971
C,1638,38.795178782110085,80,0,15768000.0,0.0,11196068355.992971
C,1639,38.78962768602813,80,0,15768000.0,0.0,11196068355.992971
C,1640,38.78408076935798,80,0,15768000.0,0.0,11196068355.992971
C,1641,38.77853802640739,80,0,15768000.0,0.0,11196068355.992971
C,1642,38.77299945149538,80,0,15768000.0,0.0,11196068355.992971
C,1643,38.76746503895213,80,0,15768000.0,0.0,11196068355.992971
C,1644,38.76193478311897,80,0,15768000.0,0.0,11196068355.992971
C,1645,38.75640867834838,80,0,15768000.0,0.0,11196068355.992971
C,1646,38.750886719003915,80,0,15768000.0,0.0,11196068355.992971
C,1647,38.74536889946024,80,0,15768000.0,0.0,11196068355.992971
C,1648,38.73985521410302,80,0,15768000.0,0.0,11196068355.992971
C,1649,38.734345657328966,80,0,15768000.0,0.0,11196068355.992971
C,1650,38.72884022354577,80,0,15768000.0,0.0,11196068355.992971
C,1651,38.72333890717206,80,0,15768000.0,0.0,11196068355.992971
C,1652,38.717841702637415,80,0,15768000.0,0.0,11196068355.992971
C,1653,38.712348604382335,80,0,15768000.0,0.0,11196068355.992971
C,1654,38.706859606858146,80,0,15768000.0,0.0,11196068355.992971
C,1655,38.70137470452707,80,0,15768000.0,0.0,11196068355.992971
C,1656,38.69589389186209,80,0,15768000.0,0.0,11196068355.992971
C,1657,38.69041716334705,80,0,15768000.0,0.0,11196068355.992971
C,1658,38.684944513476516,80,0,15768000.0,0.0,11196068355.992971
C,1659,38.67947593675577,80,0,15768000.0,0.0,11196068355.992971
C,1660,38.67401142770086,80,0,15768000.0,0.0,11196068355.992971
C,1661,38.66855098083847,80,0,15768000.0,0.0,11196068355.992971
C,1662,38.66309459070595,80,0,15768000.0,0.0,11196068355.992971
C,1663,38.6576422518513,80,0,15768000.0,0.0,11196068355.992971
C,1664,38.65219395883307,80,0,15768000.0,0.0,11196068355.992971
C,1665,38.64674970622043,80,0,15768000.0,0.0,11196068355.992971
C,1666,38.64130948859308,80,0,15768000.0,0.0,11196068355.992971
C,1667,38.63587330054124,80,0,15768000.0,0.0,11196068355.992971
C,1668,38.630441136665624,80,0,15768000.0,0.0,11196068355.992971
C,1669,38.625012991577385,80,0,15768000.0,0.0,11196068355.992971
C,1670,38.61958885989816,80,0,15768000.0,0.0,11196068355.992971
C,1671,38.614168736259984,80,0,15768000.0,0.0,11196068355.992971
C,1672,38.60875261530525,80,0,15768000.0,0.0,11196068355.992971
C,1673,38.60334049168676,80,0,15768000.0,0.0,11196068355.992971
C,1674,38.597932360067624,80,0,15768000.0,0.0,11196068355.992971
C,1675,38.592528215121234,80,0,15768000.0,0.0,11196068355.992971
C,1676,38.587128051531316,80,0,15768000.0,0.0,11196068355.992971
C,1677,38.58173186399181,80,0,15768000.0,0.0,11196068355.992971
C,1678,38.57633964720692,80,0,15768000.0,0.0,11196068355.992971
C,1679,38.57095139589104,80,0,15768000.0,0.0,11196068355.992971
C,1680,38.56556710476871,80,0,15768000.0,0.0,11196068355.992971
C,1681,38.56018676857469,80,0,15768000.0,0.0,11196068355.992971
C,1682,38.5548103820538,80,0,15768000.0,0.0,11196068355.992971
C,1683,38.54943793996101,80,0,15768000.0,0.0,11196068355.992971
C,1684,38.544069437061346,80,0,15768000.0,0.0,11196068355.992971
C,1685,38.53870486812988,80,0,15768000.0,0.0,11196068355.992971
C,1686,38.53334422795171,80,0,15768000.0,0.0,11196068355.992971
C,1687,38.52798751132197,80,0,15768000.0,0.0,11196068355.992971
C,1688,38.522634713045726,80,0,15768000.0,0.0,11196068355.992971
C,1689,38.51728582793801,80,0,15768000.0,0.0,11196068355.992971
C,1690,38.51194085082378,80,0,15768000.0,0.0,11196068355.992971
C,1691,38.50659977653789,80,0,15768000.0,0.0,11196068355.992971
C,1692,38.501262599925084,80,0,15768000.0,0.0,11196068355.992971
C,1693,38.495929315839945,80,0,15768000.0,0.0,11196068355.992971
C,1694,38.4905999191469,80,0,15768000.0,0.0,11196068355.992971
C,1695,38.485274404720144,80,0,15768000.0,0.0,11196068355.992971
C,1696,38.47995276744367,80,0,15768000.0,0.0,11196068355.992971
C,1697,38.47463500221124,80,0,15768000.0,0.0,11196068355.992971
C,1698,38.46932110392631,80,0,15768000.0,0.0,11196068355.992971
C,1699,38.46401106750208,80,0,15768000.0,0.0,11196068355.992971
C,1700,38.458704887861394,80,0,15768000.0,0.0,11196068355.992971
C,1701,38.45340255993677,80,0,15768000.0,0.0,11196068355.992971
C,1702,38.44810407867037,80,0,15768000.0,0.0,11196068355.992971
C,1703,38.44280943901395,80,0,15768000.0,0.0,11196068355.992971
C,1704,38.437518635928846,80,0,15768000.0,0.0,11196068355.992971
C,1705,38.432231664385945,80,0,15768000.0,0.0,11196068355.992971
C,1706,38.42694851936571,80,0,15768000.0,0.0,11196068355.992971
C,1707,38.421669195858094,80,0,15768000.0,0.0,11196068355.992971
C,1708,38.41639368886251,80,0,15768000.0,0.0,11196068355.992971
C,1709,38.41112199338791,80,0,15768000.0,0.0,11196068355.992971
C,1710,38.405854104452615,80,0,15768000.0,0.0,11196068355.992971
C,1711,38.40059001708441,80,0,15768000.0,0.0,11196068355.992971
C,1712,38.39532972632046,80,0,15768000.0,0.0,11196068355.992971
C,1713,38.390073227207296,80,0,15768000.0,0.0,11196068355.992971
C,1714,38.384820514800815,80,0,15768000.0,0.0,11196068355.992971
C,1715,38.379571584166236,80,0,15768000.0,0.0,11196068355.992971
C,1716,38.37432643037808,80,0,15768000.0,0.0,11196068355.992971
C,1717,38.369085048520134,80,0,15768000.0,0.0,11196068355.992971
C,1718,38.36384743368547,80,0,15768000.0,0.0,11196068355.992971
C,1719,38.358613580976375,80,0,15768000.0,0.0,11196068355.992971
C,1720,38.35338348550436,80,0,15768000.0,0.0,11196068355.992971
C,1721,38.348157142390114,80,0,15768000.0,0.0,11196068355.992971
C,1722,38.3429345467635,80,0,15768000.0,0.0,11196068355.992971
C,1723,38.33771569376353,80,0,15768000.0,0.0,11196068355.992971
C,1724,38.33250057853832,80,0,15768000.0,0.0,11196068355.992971
C,1725,38.32728919624512,80,0,15768000.0,0.0,11196068355.992971
C,1726,38.322081542050206,80,0,15768000.0,0.0,11196068355.992971
C,1727,38.31687761112896,80,0,15768000.0,0.0,11196068355.992971
C,1728,38.31167739866577,80,0,15768000.0,0.0,11196068355.992971
C,1729,38.30648089985403,80,0,15768000.0,0.0,11196068355.992971
C,1730,38.301288109896134,80,0,15768000.0,0.0,11196068355.992971
C,1731,38.29609902400345,80,0,15768000.0,0.0,11196068355.992971
C,1732,38.29091363739628,80,0,15768000.0,0.0,11196068355.992971
C,1733,38.28573194530384,80,0,15768000.0,0.0,11196068355.992971
C,1734,38.280553942964275,80,0,15768000.0,0.0,11196068355.992971
C,1735,38.27537962562456,80,0,15768000.0,0.0,11196068355.992971
C,1736,38.27020898854059,80,0,15768000.0,0.0,11196068355.992971
C,1737,38.26504202697705,80,0,15768000.0,0.0,11196068355.992971
C,1738,38.25987873620745,80,0,15768000.0,0.0,11196068355.992971
C,1739,38.254719111514106,80,0,15768000.0,0.0,11196068355.992971
C,1740,38.249563148188095,80,0,15768000.0,0.0,11196068355.992971
C,1741,38.24441084152925,80,0,15768000.0,0.0,11196068355.992971
C,1742,38.23926218684612,80,0,15768000.0,0.0,11196068355.992971
C,1743,38.23411717945597,80,0,15768000.0,0.0,11196068355.992971
C,1744,38.22897581468476,80,0,15768000.0,0.0,11196068355.992971
C,1745,38.22383808786711,80,0,15768000.0,0.0,11196068355.992971
C,1746,38.218703994346264,80,0,15768000.0,0.0,11196068355.992971
C,1747,38.21357352947414,80,0,15768000.0,0.0,11196068355.992971
C,1748,38.2084466886112,80,0,15768000.0,0.0,11196068355.992971
C,1749,38.20332346712652,80,0,15768000.0,0.0,11196068355.992971
C,1750,38.19820386039775,80,0,15768000.0,0.0,11196068355.992971
C,1751,38.19308786381102,80,0,15768000.0,0.0,11196068355.992971
C,1752,38.18797547276107,80,0,15768000.0,0.0,11196068355.992971
C,1753,38.18286668265105,80,0,15768000.0,0.0,11196068355.992971
C,1754,38.177761488892656,80,0,15768000.0,0.0,11196068355.992971
C,1755,38.17265988690601,80,0,15768000.0,0.0,11196068355.992971
C,1756,38.16756187211967,80,0,15768000.0,0.0,11196068355.992971
C,1757,38.162467439970634,80,0,15768000.0,0.0,11196068355.992971
C,1758,38.15737658590425,80,0,15768000.0,0.0,11196068355.992971
C,1759,38.15228930537431,80,0,15768000.0,0.0,11196068355.992971
C,1760,38.14720559384291,80,0,15768000.0,0.0,11196068355.992971
C,1761,38.142125446780504,80,0,15768000.0,0.0,11196068355.992971
C,1762,38.13704885966585,80,0,15768000.0,0.0,11196068355.992971
C,1763,38.13197582798603,80,0,15768000.0,0.0,11196068355.992971
C,1764,38.12690634723636,80,0,15768000.0,0.0,11196068355.992971
C,1765,38.12184041292047,80,0,15768000.0,0.0,11196068355.992971
C,1766,38.11677802055016,80,0,15768000.0,0.0,11196068355.992971
C,1767,38.11171916564549,80,0,15768000.0,0.0,11196068355.992971
C,1768,38.10666384373471,80,0,15768000.0,0.0,11196068355.992971
C,1769,38.10161205035426,80,0,15768000.0,0.0,11196068355.992971
C,1770,38.09656378104871,80,0,15768000.0,0.0,11196068355.992971
C,1771,38.09151903137079,80,0,15768000.0,0.0,11196068355.992971
C,1772,38.08647779688134,80,0,15768000.0,0.0,11196068355.992971
C,1773,38.0814400731493,80,0,15768000.0,0.0,11196068355.992971
C,1774,38.07640585575172,80,0,15768000.0,0.0,11196068355.992971
C,1775,38.07137514027365,80,0,15768000.0,0.0,11196068355.992971
C,1776,38.066347922308246,80,0,15768000.0,0.0,11196068355.992971
C,1777,38.061324197456635,80,0,15768000.0,0.0,11196068355.992971
C,1778,38.05630396132799,80,0,15768000.0,0.0,11196068355.992971
C,1779,38.05128720953944,80,0,15768000.0,0.0,11196068355.992971
C,1780,38.046273937716094,80,0,15768000.0,0.0,11196068355.992971
C,1781,38.04126414149101,80,0,15768000.0,0.0,11196068355.992971
C,1782,38.03625781650516,80,0,15768000.0,0.0,11196068355.992971
C,1783,38.031254958407445,80,0,15768000.0,0.0,11196068355.992971
C,1784,38.02625556285464,80,0,15768000.0,0.0,11196068355.992971
C,1785,38.021259625511384,80,0,15768000.0,0.0,11196068355.992971
C,1786,38.016267142050204,80,0,15768000.0,0.0,11196068355.992971
C,1787,38.01127810815142,80,0,15768000.0,0.0,11196068355.992971
C,1788,38.0062925195032,80,0,15768000.0,0.0,11196068355.992971
C,1789,38.001310371801495,80,0,15768000.0,0.0,11196068355.992971
C,1790,37.99633166075003,80,0,15768000.0,0.0,11196068355.992971
C,1791,37.991356382060296,80,0,15768000.0,0.0,11196068355.992971
C,1792,37.986384531451556,80,0,15768000.0,0.0,11196068355.992971
C,1793,37.98141610465072,80,0,15768000.0,0.0,11196068355.992971
C,1794,37.97645109739249,80,0,15768000.0,0.0,11196068355.992971
C,1795,37.97148950541921,80,0,15768000.0,0.0,11196068355.992971
C,1796,37.96653132448089,80,0,15768000.0,0.0,11196068355.992971
C,1797,37.9615765503352,80,0,15768000.0,0.0,11196068355.992971
C,1798,37.95662517874745,80,0,15768000.0,0.0,11196068355.992971
C,1799,37.95167720549057,80,0,15768000.0,0.0,11196068355.992971
C,1800,37.946732626345074,80,0,15768000.0,0.0,11196068355.992971
C,1801,37.94179143709905,80,0,15768000.0,0.0,11196068355.992971
C,1802,37.936853633548175,80,0,15768000.0,0.0,11196068355.992971
C,1803,37.931919211495625,80,0,15768000.0,0.0,11196068355.992971
C,1804,37.92698816675216,80,0,15768000.0,0.0,11196068355.992971
C,1805,37.92206049513598,80,0,15768000.0,0.0,11196068355.992971
C,1806,37.91713619247286,80,0,15768000.0,0.0,11196068355.992971
C,1807,37.912215254595964,80,0,15768000.0,0.0,11196068355.992971
C,1808,37.907297677345966,80,0,15768000.0,0.0,11196068355.992971
C,1809,37.902383456570966,80,0,15768000.0,0.0,11196068355.992971
C,1810,37.897472588126476,80,0,15768000.0,0.0,11196068355.992971
C,1811,37.8925650678754,80,0,15768000.0,0.0,11196068355.992971
C,1812,37.887660891688085,80,0,15768000.0,0.0,11196068355.992971
C,1813,37.88276005544216,80,0,15768000.0,0.0,11196068355.992971
C,1814,37.877862555022695,80,0,15768000.0,0.0,11196068355.992971
C,1815,37.87296838632204,80,0,15768000.0,0.0,11196068355.992971
C,1816,37.86807754523986,80,0,15768000.0,0.0,11196068355.992971
C,1817,37.863190027683146,80,0,15768000.0,0.0,11196068355.992971
C,1818,37.85830582956617,80,0,15768000.0,0.0,11196068355.992971
C,1819,37.85342494681046,80,0,15768000.0,0.0,11196068355.992971
C,1820,37.8485473753448,80,0,15768000.0,0.0,11196068355.992971
C,1821,37.84367311110519,80,0,15768000.0,0.0,11196068355.992971
C,1822,37.838802150034866,80,0,15768000.0,0.0,11196068355.992971
C,1823,37.83393448808427,80,0,15768000.0,0.0,11196068355.992971
C,1824,37.829070121211004,80,0,15768000.0,0.0,11196068355.992971
C,1825,37.82420904537984,80,0,15768000.0,0.0,11196068355.992971
C,1826,37.81935125656271,80,0,15768000.0,0.0,11196068355.992971
C,1827,37.81449675073867,80,0,15768000.0,0.0,11196068355.992971
C,1828,37.80964552389391,80,0,15768000.0,0.0,11196068355.992971
C,1829,37.8047975720217,80,0,15768000.0,0.0,11196068355.992971
C,1830,37.79995289112238,80,0,15768000.0,0.0,11196068355.992971
C,1831,37.79511147720339,80,0,15768000.0,0.0,11196068355.992971
C,1832,37.79027332627921,80,0,15768000.0,0.0,11196068355.992971
C,1833,37.78543843437134,80,0,15768000.0,0.0,11196068355.992971
C,1834,37.780606797508334,80,0,15768000.0,0.0,11196068355.992971
C,1835,37.77577841172568,80,0,15768000.0,0.0,11196068355.992971
C,1836,37.770953273065935,80,0,15768000.0,0.0,11196068355.992971
C,1837,37.76613137757854,80,0,15768000.0,0.0,11196068355.992971
C,1838,37.761312721319975,80,0,15768000.0,0.0,11196068355.992971
C,1839,37.756497300353594,80,0,15768000.0,0.0,11196068355.992971
C,1840,37.7516851107497,80,0,15768000.0,0.0,11196068355.992971
C,1841,37.7468761485855,80,0,15768000.0,0.0,11196068355.992971
C,1842,37.742070409945065,80,0,15768000.0,0.0,11196068355.992971
C,1843,37.7372678909194,80,0,15768000.0,0.0,11196068355.992971
C,1844,37.73246858760629,80,0,15768000.0,0.0,11196068355.992971
C,1845,37.72767249611044,80,0,15768000.0,0.0,11196068355.992971
C,1846,37.72287961254332,80,0,15768000.0,0.0,11196068355.992971
C,1847,37.71808993302322,80,0,15768000.0,0.0,11196068355.992971
C,1848,37.71330345367528,80,0,15768000.0,0.0,11196068355.992971
C,1849,37.70852017063135,80,0,15768000.0,0.0,11196068355.992971
C,1850,37.70374008003009,80,0,15768000.0,0.0,11196068355.992971
C,1851,37.69896317801688,80,0,15768000.0,0.0,11196068355.992971
C,1852,37.69418946074385,80,0,15768000.0,0.0,11196068355.992971
C,1853,37.68941892436983,80,0,15768000.0,0.0,11196068355.992971
C,1854,37.6846515650604,80,0,15768000.0,0.0,11196068355.992971
C,1855,37.67988737898777,80,0,15768000.0,0.0,11196068355.992971
C,1856,37.67512636233085,80,0,15768000.0,0.0,11196068355.992971
C,1857,37.67036851127521,80,0,15768000.0,0.0,11196068355.992971
C,1858,37.66561382201305,80,0,15768000.0,0.0,11196068355.992971
C,1859,37.6608622907432,80,0,15768000.0,0.0,11196068355.992971
C,1860,37.65611391367109,80,0,15768000.0,0.0,11196068355.992971
C,1861,37.65136868700879,80,0,15768000.0,0.0,11196068355.992971
C,1862,37.64662660697489,80,0,15768000.0,0.0,11196068355.992971
C,1863,37.64188766979459,80,0,15768000.0,0.0,11196068355.992971
C,1864,37.637151871699636,80,0,15768000.0,0.0,11196068355.992971
C,1865,37.63241920892828,80,0,15768000.0,0.0,11196068355.992971
C,1866,37.627689677725336,80,0,15768000.0,0.0,11196068355.992971
C,1867,37.62296327434211,80,0,15768000.0,0.0,11196068355.992971
C,1868,37.6182399950364,80,0,15768000.0,0.0,11196068355.992971
C,1869,37.61351983607245,80,0,15768000.0,0.0,11196068355.992971
C,1870,37.60880279372103,80,0,15768000.0,0.0,11196068355.992971
C,1871,37.6040888642593,80,0,15768000.0,0.0,11196068355.992971
C,1872,37.59937804397091,80,0,15768000.0,0.0,11196068355.992971
C,1873,37.59467032914587,80,0,15768000.0,0.0,11196068355.992971
C,1874,37.58996571608062,80,0,15768000.0,0.0,11196068355.992971
C,1875,37.58526420107802,80,0,15768000.0,0.0,11196068355.992971
C,1876,37.580565780447245,80,0,15768000.0,0.0,11196068355.992971
C,1877,37.57587045050387,80,0,15768000.0,0.0,11196068355.992971
C,1878,37.57117820756983,80,0,15768000.0,0.0,11196068355.992971
C,1879,37.56648904797337,80,0,15768000.0,0.0,11196068355.992971
C,1880,37.56180296804904,80,0,15768000.0,0.0,11196068355.992971
C,1881,37.55711996413772,80,0,15768000.0,0.0,11196068355.992971
C,1882,37.552440032586574,80,0,15768000.0,0.0,11196068355.992971
C,1883,37.54776316974903,80,0,15768000.0,0.0,11196068355.992971
C,1884,37.54308937198479,80,0,15768000.0,0.0,11196068355.992971
C,1885,37.538418635659816,80,0,15768000.0,0.0,11196068355.992971
C,1886,37.53375095714629,80,0,15768000.0,0.0,11196068355.992971
C,1887,37.529086332822565,80,0,15768000.0,0.0,11196068355.992971
C,1888,37.524424759073305,80,0,15768000.0,0.0,11196068355.992971
C,1889,37.51976623228927,80,0,15768000.0,0.0,11196068355.992971
C,1890,37.515110748867436,80,0,15768000.0,0.0,11196068355.992971
C,1891,37.51045830521096,80,0,15768000.0,0.0,11196068355.992971
C,1892,37.50580889772913,80,0,15768000.0,0.0,11196068355.992971
C,1893,37.50116252283735,80,0,15768000.0,0.0,11196068355.992971
C,1894,37.49651917695719,80,0,15768000.0,0.0,11196068355.992971
C,1895,37.491878856516294,80,0,15768000.0,0.0,11196068355.992971
C,1896,37.48724155794843,80,0,15768000.0,0.0,11196068355.992971
C,1897,37.48260727769341,80,0,15768000.0,0.0,11196068355.992971
C,1898,37.47797601219717,80,0,15768000.0,0.0,11196068355.992971
C,1899,37.47334775791163,80,0,15768000.0,0.0,11196068355.992971
C,1900,37.46872251129482,80,0,15768000.0,0.0,11196068355.992971
C,1901,37.46410026881075,80,0,15768000.0,0.0,11196068355.992971
C,1902,37.459481026929474,80,0,15768000.0,0.0,11196068355.992971
C,1903,37.45486478212702,80,0,15768000.0,0.0,11196068355.992971
C,1904,37.450251530885424,80,0,15768000.0,0.0,11196068355.992971
C,1905,37.44564126969268,80,0,15768000.0,0.0,11196068355.992971
C,1906,37.44103399504277,80,0,15768000.0,0.0,11196068355.992971
C,1907,37.43642970343561,80,0,15768000.0,0.0,11196068355.992971
C,1908,37.431828391377024,80,0,15768000.0,0.0,11196068355.992971
C,1909,37.42723005537879,80,0,15768000.0,0.0,11196068355.992971
C,1910,37.42263469195859,80,0,15768000.0,0.0,11196068355.992971
C,1911,37.41804229764001,80,0,15768000.0,0.0,11196068355.992971
C,1912,37.413452868952476,80,0,15768000.0,0.0,11196068355.992971
C,1913,37.40886640243133,80,0,15768000.0,0.0,11196068355.992971
C,1914,37.40428289461774,80,0,15768000.0,0.0,11196068355.992971
C,1915,37.39970234205874,80,0,15768000.0,0.0,11196068355.992971
C,1916,37.39512474130717,80,0,15768000.0,0.0,11196068355.992971
C,1917,37.390550088921714,80,0,15768000.0,0.0,11196068355.992971
C,1918,37.38597838146685,80,0,15768000.0,0.0,11196068355.992971
C,1919,37.38140961551282,80,0,15768000.0,0.0,11196068355.992971
C,1920,37.37684378763571,80,0,15768000.0,0.0,11196068355.992971
C,1921,37.37228089441729,80,0,15768000.0,0.0,11196068355.992971
C,1922,37.36772093244515,80,0,15768000.0,0.0,11196068355.992971
C,1923,37.36316389831258,80,0,15768000.0,0.0,11196068355.992971
C,1924,37.35860978861864,80,0,15768000.0,0.0,11196068355.992971
C,1925,37.35405859996805,80,0,15768000.0,0.0,11196068355.992971
C,1926,37.34951032897128,80,0,15768000.0,0.0,11196068355.992971
C,1927,37.34496497224446,80,0,15768000.0,0.0,11196068355.992971
C,1928,37.34042252640944,80,0,15768000.0,0.0,11196068355.992971
C,1929,37.33588298809368,80,0,15768000.0,0.0,11196068355.992971
C,1930,37.33134635393032,80,0,15768000.0,0.0,11196068355.992971
C,1931,37.32681262055816,80,0,15768000.0,0.0,11196068355.992971
C,1932,37.322281784621595,80,0,15768000.0,0.0,11196068355.992971
C,1933,37.31775384277066,80,0,15768000.0,0.0,11196068355.992971
C,1934,37.31322879166096,80,0,15768000.0,0.0,11196068355.992971
C,1935,37.30870662795375,80,0,15768000.0,0.0,11196068355.992971
C,1936,37.30418734831579,80,0,15768000.0,0.0,11196068355.992971
C,1937,37.299670949419486,80,0,15768000.0,0.0,11196068355.992971
C,1938,37.29515742794273,80,0,15768000.0,0.0,11196068355.992971
C,1939,37.290646780569,80,0,15768000.0,0.0,11196068355.992971
C,1940,37.28613900398727,80,0,15768000.0,0.0,11196068355.992971
C,1941,37.28163409489209,80,0,15768000.0,0.0,11196068355.992971
C,1942,37.27713204998346,80,0,15768000.0,0.0,11196068355.992971
C,1943,37.27263286596687,80,0,15768000.0,0.0,11196068355.992971
C,1944,37.26813653955335,80,0,15768000.0,0.0,11196068355.992971
C,1945,37.263643067459356,80,0,15768000.0,0.0,11196068355.992971
C,1946,37.2591524464068,80,0,15768000.0,0.0,11196068355.992971
C,1947,37.25466467312309,80,0,15768000.0,0.0,11196068355.992971
C,1948,37.250179744341,80,0,15768000.0,0.0,11196068355.992971
C,1949,37.24569765679877,80,0,15768000.0,0.0,11196068355.992971
C,1950,37.24121840724004,80,0,15768000.0,0.0,11196068355.992971
C,1951,37.23674199241385,80,0,15768000.0,0.0,11196068355.992971
C,1952,37.232268409074635,80,0,15768000.0,0.0,11196068355.992971
C,1953,37.22779765398221,80,0,15768000.0,0.0,11196068355.992971
C,1954,37.22332972390173,80,0,15768000.0,0.0,11196068355.992971
C,1955,37.21886461560371,80,0,15768000.0,0.0,11196068355.992971
C,1956,37.214402325864036,80,0,15768000.0,0.0,11196068355.992971
C,1957,37.209942851463886,80,0,15768000.0,0.0,11196068355.992971
C,1958,37.205486189189784,80,0,15768000.0,0.0,11196068355.992971
C,1959,37.20103233583353,80,0,15768000.0,0.0,11196068355.992971
C,1960,37.19658128819227,80,0,15768000.0,0.0,11196068355.992971
C,1961,37.19213304306838,80,0,15768000.0,0.0,11196068355.992971
C,1962,37.18768759726954,80,0,15768000.0,0.0,11196068355.992971
C,1963,37.183244947608664,80,0,15768000.0,0.0,11196068355.992971
C,1964,37.178805090903964,80,0,15768000.0,0.0,11196068355.992971
C,1965,37.174368023978836,80,0,15768000.0,0.0,11196068355.992971
C,1966,37.16993374366192,80,0,15768000.0,0.0,11196068355.992971
C,1967,37.1655022467871,80,0,15768000.0,0.0,11196068355.992971
C,1968,37.16107353019345,80,0,15768000.0,0.0,11196068355.992971
C,1969,37.1566475907252,80,0,15768000.0,0.0,11196068355.992971
C,1970,37.152224425231815,80,0,15768000.0,0.0,11196068355.992971
C,1971,37.14780403056791,80,0,15768000.0,0.0,11196068355.992971
C,1972,37.143386403593254,80,0,15768000.0,0.0,11196068355.992971
C,1973,37.13897154117277,80,0,15768000.0,0.0,11196068355.992971
C,1974,37.134559440176524,80,0,15768000.0,0.0,11196068355.992971
C,1975,37.13015009747971,80,0,15768000.0,0.0,11196068355.992971
C,1976,37.12574350996261,80,0,15768000.0,0.0,11196068355.992971
C,1977,37.12133967451065,80,0,15768000.0,0.0,11196068355.992971
C,1978,37.116938588014335,80,0,15768000.0,0.0,11196068355.992971
C,1979,37.112540247369246,80,0,15768000.0,0.0,11196068355.992971
C,1980,37.10814464947603,80,0,15768000.0,0.0,11196068355.992971
C,1981,37.103751791240434,80,0,15768000.0,0.0,11196068355.992971
C,1982,37.09936166957321,80,0,15768000.0,0.0,11196068355.992971
C,1983,37.09497428139017,80,0,15768000.0,0.0,11196068355.992971
C,1984,37.09058962361217,80,0,15768000.0,0.0,11196068355.992971
C,1985,37.086207693165036,80,0,15768000.0,0.0,11196068355.992971
C,1986,37.08182848697967,80,0,15768000.0,0.0,11196068355.992971
C,1987,37.0774520019919,80,0,15768000.0,0.0,11196068355.992971
C,1988,37.073078235142596,80,0,15768000.0,0.0,11196068355.992971
C,1989,37.068707183377576,80,0,15768000.0,0.0,11196068355.992971
C,1990,37.06433884364764,80,0,15768000.0,0.0,11196068355.992971
C,1991,37.05997321290852,80,0,15768000.0,0.0,11196068355.992971
C,1992,37.055610288120896,80,0,15768000.0,0.0,11196068355.992971
C,1993,37.05125006625041,80,0,15768000.0,0.0,11196068355.992971
C,1994,37.046892544267585,80,0,15768000.0,0.0,11196068355.992971
C,1995,37.0425377191479,80,0,15768000.0,0.0,11196068355.992971
C,1996,37.03818558787171,80,0,15768000.0,0.0,11196068355.992971
C,1997,37.03383614742425,80,0,15768000.0,0.0,11196068355.992971
C,1998,37.02948939479566,80,0,15768000.0,0.0,11196068355.992971
C,1999,37.02514532698095,80,0,15768000.0,0.0,11196068355.992971
C,2000,37.020803940979974,80,0,15768000.0,0.0,11196068355.992971
C,2001,37.01646523379746,80,0,15768000.0,0.0,11196068355.992971
C,2002,37.01212920244296,80,0,15768000.0,0.0,11196068355.992971
C,2003,37.007795843930836,80,0,15768000.0,0.0,11196068355.992971
C,2004,37.00346515528032,80,0,15768000.0,0.0,11196068355.992971
C,2005,36.9991371335154,80,0,15768000.0,0.0,11196068355.992971
C,2006,36.994811775664914,80,0,15768000.0,0.0,11196068355.992971
C,2007,36.990489078762465,80,0,15768000.0,0.0,11196068355.992971
C,2008,36.98616903984641,80,0,15768000.0,0.0,11196068355.992971
C,2009,36.98185165595992,80,0,15768000.0,0.0,11196068355.992971
C,2010,36.97753692415089,80,0,15768000.0,0.0,11196068355.992971
C,2011,36.973224841472,80,0,15768000.0,0.0,11196068355.992971
C,2012,36.968915404980635,80,0,15768000.0,0.0,11196068355.992971
C,2013,36.96460861173891,80,0,15768000.0,0.0,11196068355.992971
C,2014,36.96030445881369,80,0,15768000.0,0.0,11196068355.992971
C,2015,36.95600294327652,80,0,15768000.0,0.0,11196068355.992971
C,2016,36.95170406220366,80,0,15768000.0,0.0,11196068355.992971
C,2017,36.94740781267603,80,0,15768000.0,0.0,11196068355.992971
C,2018,36.9431141917793,80,0,15768000.0,0.0,11196068355.992971
C,2019,36.93882319660373,80,0,15768000.0,0.0,11196068355.992971
C,2020,36.934534824244274,80,0,15768000.0,0.0,11196068355.992971
C,2021,36.93024907180054,80,0,15768000.0,0.0,11196068355.992971
C,2022,36.92596593637678,80,0,15768000.0,0.0,11196068355.992971
C,2023,36.921685415081846,80,0,15768000.0,0.0,11196068355.992971
C,2024,36.91740750502926,80,0,15768000.0,0.0,11196068355.992971
C,2025,36.91313220333712,80,0,15768000.0,0.0,11196068355.992971
C,2026,36.90885950712813,80,0,15768000.0,0.0,11196068355.992971
C,2027,36.904589413529585,80,0,15768000.0,0.0,11196068355.992971
C,2028,36.900321919673374,80,0,15768000.0,0.0,11196068355.992971
C,2029,36.89605702269596,80,0,15768000.0,0.0,11196068355.992971
C,2030,36.891794719738364,80,0,15768000.0,0.0,11196068355.992971
C,2031,36.88753500794615,80,0,15768000.0,0.0,11196068355.992971
C,2032,36.88327788446943,80,0,15768000.0,0.0,11196068355.992971
C,2033,36.87902334646288,80,0,15768000.0,0.0,11196068355.992971
C,2034,36.87477139108565,80,0,15768000.0,0.0,11196068355.992971
C,2035,36.87052201550146,80,0,15768000.0,0.0,11196068355.992971
C,2036,36.8662752168785,80,0,15768000.0,0.0,11196068355.992971
C,2037,36.86203099238946,80,0,15768000.0,0.0,11196068355.992971
C,2038,36.85778933921154,80,0,15768000.0,0.0,11196068355.992971
C,2039,36.85355025452641,80,0,15768000.0,0.0,11196068355.992971
C,2040,36.849313735520184,80,0,15768000.0,0.0,11196068355.992971
C,2041,36.845079779383475,80,0,15768000.0,0.0,11196068355.992971
C,2042,36.84084838331132,80,0,15768000.0,0.0,11196068355.992971
C,2043,36.83661954450321,80,0,15768000.0,0.0,11196068355.992971
C,2044,36.832393260163066,80,0,15768000.0,0.0,11196068355.992971
C,2045,36.82816952749923,80,0,15768000.0,0.0,11196068355.992971
C,2046,36.823948343724446,80,0,15768000.0,0.0,11196068355.992971
C,2047,36.819729706055895,80,0,15768000.0,0.0,11196068355.992971
C,2048,36.815513611715126,80,0,15768000.0,0.0,11196068355.992971
C,2049,36.81130005792809,80,0,15768000.0,0.0,11196068355.992971
C,2050,36.80708904192509,80,0,15768000.0,0.0,11196068355.992971
C,2051,36.80288056094084,80,0,15768000.0,0.0,11196068355.992971
C,2052,36.798674612214384,80,0,15768000.0,0.0,11196068355.992971
C,2053,36.794471192989114,80,0,15768000.0,0.0,11196068355.992971
C,2054,36.79027030051279,80,0,15768000.0,0.0,11196068355.992971
C,2055,36.78607193203746,80,0,15768000.0,0.0,11196068355.992971
C,2056,36.781876084819544,80,0,15768000.0,0.0,11196068355.992971
C,2057,36.77768275611976,80,0,15768000.0,0.0,11196068355.992971
C,2058,36.773491943203105,80,0,15768000.0,0.0,11196068355.992971
C,2059,36.76930364333893,80,0,15768000.0,0.0,11196068355.992971
C,2060,36.76511785380082,80,0,15768000.0,0.0,11196068355.992971
C,2061,36.760934571866656,80,0,15768000.0,0.0,11196068355.992971
C,2062,36.7567537948186,80,0,15768000.0,0.0,11196068355.992971
C,2063,36.75257551994307,80,0,15768000.0,0.0,11196068355.992971
C,2064,36.748399744530744,80,0,15768000.0,0.0,11196068355.992971
C,2065,36.74422646587653,80,0,15768000.0,0.0,11196068355.992971
C,2066,36.74005568127957,80,0,15768000.0,0.0,11196068355.992971
C,2067,36.73588738804327,80,0,15768000.0,0.0,11196068355.992971
C,2068,36.7317215834752,80,0,15768000.0,0.0,11196068355.992971
C,2069,36.72755826488718,80,0,15768000.0,0.0,11196068355.992971
C,2070,36.7233974295952,80,0,15768000.0,0.0,11196068355.992971
C,2071,36.719239074919486,80,0,15768000.0,0.0,11196068355.992971
C,2072,36.71508319818441,80,0,15768000.0,0.0,11196068355.992971
C,2073,36.71092979671854,80,0,15768000.0,0.0,11196068355.992971
C,2074,36.70677886785459,80,0,15768000.0,0.0,11196068355.992971
C,2075,36.70263040892946,80,0,15768000.0,0.0,11196068355.992971
C,2076,36.69848441728416,80,0,15768000.0,0.0,11196068355.992971
C,2077,36.6943408902639,80,0,15768000.0,0.0,11196068355.992971
C,2078,36.69019982521797,80,0,15768000.0,0.0,11196068355.992971
C,2079,36.686061219499805,80,0,15768000.0,0.0,11196068355.992971
C,2080,36.68192507046697,80,0,15768000.0,0.0,11196068355.992971
C,2081,36.6777913754811,80,0,15768000.0,0.0,11196068355.992971
C,2082,36.67366013190798,80,0,15768000.0,0.0,11196068355.992971
C,2083,36.669531337117434,80,0,15768000.0,0.0,11196068355.992971
C,2084,36.66540498848341,80,0,15768000.0,0.0,11196068355.992971
C,2085,36.66128108338391,80,0,15768000.0,0.0,11196068355.992971
C,2086,36.65715961920101,80,0,15768000.0,0.0,11196068355.992971
C,2087,36.653040593320846,80,0,15768000.0,0.0,11196068355.992971
C,2088,36.64892400313359,80,0,15768000.0,0.0,11196068355.992971
C,2089,36.64480984603346,80,0,15768000.0,0.0,11196068355.992971
C,2090,36.64069811941873,80,0,15768000.0,0.0,11196068355.992971
C,2091,36.636588820691664,80,0,15768000.0,0.0,11196068355.992971
C,2092,36.63248194725856,80,0,15768000.0,0.0,11196068355.992971
C,2093,36.62837749652975,80,0,15768000.0,0.0,11196068355.992971
C,2094,36.62427546591952,80,0,15768000.0,0.0,11196068355.992971
C,2095,36.620175852846174,80,0,15768000.0,0.0,11196068355.992971
C,2096,36.616078654732,80,0,15768000.0,0.0,11196068355.992971
C,2097,36.61198386900326,80,0,15768000.0,0.0,11196068355.992971
C,2098,36.607891493090186,80,0,15768000.0,0.0,11196068355.992971
C,2099,36.60380152442697,80,0,15768000.0,0.0,11196068355.992971
C,2100,36.59971396045175,80,0,15768000.0,0.0,11196068355.992971
C,2101,36.595628798606626,80,0,15768000.0,0.0,11196068355.992971
C,2102,36.591546036337625,80,0,15768000.0,0.0,11196068355.992971
C,2103,36.58746567109468,80,0,15768000.0,0.0,11196068355.992971
C,2104,36.583387700331684,80,0,15768000.0,0.0,11196068355.992971
C,2105,36.57931212150642,80,0,15768000.0,0.0,11196068355.992971
C,2106,36.57523893208059,80,0,15768000.0,0.0,11196068355.992971
C,2107,36.571168129519776,80,0,15768000.0,0.0,11196068355.992971
C,2108,36.56709971129346,80,0,15768000.0,0.0,11196068355.992971
C,2109,36.563033674875,80,0,15768000.0,0.0,11196068355.992971
C,2110,36.55897001774164,80,0,15768000.0,0.0,11196068355.992971
C,2111,36.554908737374475,80,0,15768000.0,0.0,11196068355.992971
C,2112,36.550849831258475,80,0,15768000.0,0.0,11196068355.992971
C,2113,36.546793296882434,80,0,15768000.0,0.0,11196068355.992971
C,2114,36.542739131739026,80,0,15768000.0,0.0,11196068355.992971
C,2115,36.53868733332472,80,0,15768000.0,0.0,11196068355.992971
C,2116,36.53463789913984,80,0,15768000.0,0.0,11196068355.992971
C,2117,36.53059082668853,80,0,15768000.0,0.0,11196068355.992971
C,2118,36.526546113478716,80,0,15768000.0,0.0,11196068355.992971
C,2119,36.52250375702218,80,0,15768000.0,0.0,11196068355.992971
C,2120,36.51846375483444,80,0,15768000.0,0.0,11196068355.992971
C,2121,36.51442610443487,80,0,15768000.0,0.0,11196068355.992971
C,2122,36.51039080334656,80,0,15768000.0,0.0,11196068355.992971
C,2123,36.50635784909643,80,0,15768000.0,0.0,11196068355.992971
C,2124,36.502327239215134,80,0,15768000.0,0.0,11196068355.992971
C,2125,36.498298971237084,80,0,15768000.0,0.0,11196068355.992971
C,2126,36.49427304270045,80,0,15768000.0,0.0,11196068355.992971
C,2127,36.49024945114717,80,0,15768000.0,0.0,11196068355.992971
C,2128,36.48622819412289,80,0,15768000.0,0.0,11196068355.992971
C,2129,36.48220926917698,80,0,15768000.0,0.0,11196068355.992971
C,2130,36.47819267386256,80,0,15768000.0,0.0,11196068355.992971
C,2131,36.474178405736446,80,0,15768000.0,0.0,11196068355.992971
C,2132,36.47016646235916,80,0,15768000.0,0.0,11196068355.992971
C,2133,36.46615684129494,80,0,15768000.0,0.0,11196068355.992971
C,2134,36.46214954011171,80,0,15768000.0,0.0,11196068355.992971
C,2135,36.458144556381065,80,0,15768000.0,0.0,11196068355.992971
C,2136,36.454141887678276,80,0,15768000.0,0.0,11196068355.992971
C,2137,36.450141531582325,80,0,15768000.0,0.0,11196068355.992971
C,2138,36.44614348567581,80,0,15768000.0,0.0,11196068355.992971
C,2139,36.442147747544986,80,0,15768000.0,0.0,11196068355.992971
C,2140,36.438154314779815,80,0,15768000.0,0.0,11196068355.992971
C,2141,36.43416318497385,80,0,15768000.0,0.0,11196068355.992971
C,2142,36.43017435572426,80,0,15768000.0,0.0,11196068355.992971
C,2143,36.42618782463191,80,0,15768000.0,0.0,11196068355.992971
C,2144,36.42220358930122,80,0,15768000.0,0.0,11196068355.992971
C,2145,36.41822164734024,80,0,15768000.0,0.0,11196068355.992971
C,2146,36.41424199636067,80,0,15768000.0,0.0,11196068355.992971
C,2147,36.41026463397774,80,0,15768000.0,0.0,11196068355.992971
C,2148,36.40628955781031,80,0,15768000.0,0.0,11196068355.992971
C,2149,36.40231676548082,80,0,15768000.0,0.0,11196068355.992971
C,2150,36.398346254615305,80,0,15768000.0,0.0,11196068355.992971
C,2151,36.39437802284332,80,0,15768000.0,0.0,11196068355.992971
C,2152,36.390412067798046,80,0,15768000.0,0.0,11196068355.992971
C,2153,36.38644838711616,80,0,15768000.0,0.0,11196068355.992971
C,2154,36.38248697843794,80,0,15768000.0,0.0,11196068355.992971
C,2155,36.37852783940716,80,0,15768000.0,0.0,11196068355.992971
C,2156,36.37457096767118,80,0,15768000.0,0.0,11196068355.992971
C,2157,36.37061636088086,80,0,15768000.0,0.0,11196068355.992971
C,2158,36.366664016690564,80,0,15768000.0,0.0,11196068355.992971
C,2159,36.3627139327582,80,0,15768000.0,0.0,11196068355.992971
C,2160,36.358766106745165,80,0,15768000.0,0.0,11196068355.992971
C,2161,36.35482053631638,80,0,15768000.0,0.0,11196068355.992971
C,2162,36.35087721914025,80,0,15768000.0,0.0,11196068355.992971
C,2163,36.34693615288865,80,0,15768000.0,0.0,11196068355.992971
C,2164,36.342997335236944,80,0,15768000.0,0.0,11196068355.992971
C,2165,36.33906076386399,80,0,15768000.0,0.0,11196068355.992971
C,2166,36.3351264364521,80,0,15768000.0,0.0,11196068355.992971
C,2167,36.331194350687014,80,0,15768000.0,0.0,11196068355.992971
C,2168,36.32726450425799,80,0,15768000.0,0.0,11196068355.992971
C,2169,36.32333689485767,80,0,15768000.0,0.0,11196068355.992971
C,2170,36.31941152018215,80,0,15768000.0,0.0,11196068355.992971
C,2171,36.31548837793102,80,0,15768000.0,0.0,11196068355.992971
C,2172,36.31156746580721,80,0,15768000.0,0.0,11196068355.992971
C,2173,36.30764878151712,80,0,15768000.0,0.0,11196068355.992971
C,2174,36.30373232277054,80,0,15768000.0,0.0,11196068355.992971
C,2175,36.2998180872807,80,0,15768000.0,0.0,11196068355.992971
C,2176,36.295906072764176,80,0,15768000.0,0.0,11196068355.992971
C,2177,36.291996276940985,80,0,15768000.0,0.0,11196068355.992971
C,2178,36.28808869753451,80,0,15768000.0,0.0,11196068355.992971
C,2179,36.284183332271525,80,0,15768000.0,0.0,11196068355.992971
C,2180,36.28028017888216,80,0,15768000.0,0.0,11196068355.992971
C,2181,36.27637923509993,80,0,15768000.0,0.0,11196068355.992971
C,2182,36.272480498661686,80,0,15768000.0,0.0,11196068355.992971
C,2183,36.268583967307656,80,0,15768000.0,0.0,11196068355.992971
C,2184,36.26468963878142,80,0,15768000.0,0.0,11196068355.992971
C,2185,36.26079751082987,80,0,15768000.0,0.0,11196068355.992971
C,2186,36.25690758120326,80,0,15768000.0,0.0,11196068355.992971
C,2187,36.25301984765516,80,0,15768000.0,0.0,11196068355.992971
C,2188,36.24913430794244,80,0,15768000.0,0.0,11196068355.992971
C,2189,36.24525095982535,80,0,15768000.0,0.0,11196068355.992971
C,2190,36.24136980106737,80,0,15768000.0,0.0,11196068355.992971
C,2191,36.23749082943534,80,0,15768000.0,0.0,11196068355.992971
C,2192,36.233614042699344,80,0,15768000.0,0.0,11196068355.992971
C,2193,36.22973943863282,80,0,15768000.0,0.0,11196068355.992971
C,2194,36.225867015012426,80,0,15768000.0,0.0,11196068355.992971
C,2195,36.22199676961815,80,0,15768000.0,0.0,11196068355.992971
C,2196,36.2181287002332,80,0,15768000.0,0.0,11196068355.992971
C,2197,36.2142628046441,80,0,15768000.0,0.0,11196068355.992971
C,2198,36.210399080640585,80,0,15768000.0,0.0,11196068355.992971
C,2199,36.206537526015666,80,0,15768000.0,0.0,11196068355.992971
C,2200,36.20267813856562,80,0,15768000.0,0.0,11196068355.992971
C,2201,36.198820916089886,80,0,15768000.0,0.0,11196068355.992971
C,2202,36.194965856391235,80,0,15768000.0,0.0,11196068355.992971
C,2203,36.191112957275614,80,0,15768000.0,0.0,11196068355.992971
C,2204,36.18726221655216,80,0,15768000.0,0.0,11196068355.992971
C,2205,36.1834136320333,80,0,15768000.0,0.0,11196068355.992971
C,2206,36.1795672015346,80,0,15768000.0,0.0,11196068355.992971
C,2207,36.17572292287486,80,0,15768000.0,0.0,11196068355.992971
C,2208,36.17188079387609,80,0,15768000.0,0.0,11196068355.992971
C,2209,36.16804081236344,80,0,15768000.0,0.0,11196068355.992971
C,2210,36.1642029761653,80,0,15768000.0,0.0,11196068355.992971
C,2211,36.16036728311319,80,0,15768000.0,0.0,11196068355.992971
C,2212,36.15653373104185,80,0,15768000.0,0.0,11196068355.992971
C,2213,36.15270231778915,80,0,15768000.0,0.0,11196068355.992971
C,2214,36.148873041196104,80,0,15768000.0,0.0,11196068355.992971
C,2215,36.145045899106925,80,0,15768000.0,0.0,11196068355.992971
C,2216,36.14122088936895,80,0,15768000.0,0.0,11196068355.992971
C,2217,36.137398009832665,80,0,15768000.0,0.0,11196068355.992971
C,2218,36.133577258351664,80,0,15768000.0,0.0,11196068355.992971
C,2219,36.12975863278271,80,0,15768000.0,0.0,11196068355.992971
C,2220,36.12594213098565,80,0,15768000.0,0.0,11196068355.992971
C,2221,36.12212775082348,80,0,15768000.0,0.0,11196068355.992971
C,2222,36.1183154901623,80,0,15768000.0,0.0,11196068355.992971
C,2223,36.1145053468713,80,0,15768000.0,0.0,11196068355.992971
C,2224,36.11069731882279,80,0,15768000.0,0.0,11196068355.992971
C,2225,36.10689140389215,80,0,15768000.0,0.0,11196068355.992971
C,2226,36.10308759995787,80,0,15768000.0,0.0,11196068355.992971
C,2227,36.09928590490152,80,0,15768000.0,0.0,11196068355.992971
C,2228,36.095486316607726,80,0,15768000.0,0.0,11196068355.992971
C,2229,36.091688832964195,80,0,15768000.0,0.0,11196068355.992971
C,2230,36.087893451861724,80,0,15768000.0,0.0,11196068355.992971
C,2231,36.084100171194116,80,0,15768000.0,0.0,11196068355.992971
C,2232,36.08030898885828,80,0,15768000.0,0.0,11196068355.992971
C,2233,36.07651990275413,80,0,15768000.0,0.0,11196068355.992971
C,2234,36.07273291078464,80,0,15768000.0,0.0,11196068355.992971
C,2235,36.06894801085582,80,0,15768000.0,0.0,11196068355.992971
C,2236,36.065165200876706,80,0,15768000.0,0.0,11196068355.992971
C,2237,36.06138447875938,80,0,15768000.0,0.0,11196068355.992971
C,2238,36.05760584241889,80,0,15768000.0,0.0,11196068355.992971
C,2239,36.05382928977333,80,0,15768000.0,0.0,11196068355.992971
C,2240,36.05005481874382,80,0,15768000.0,0.0,11196068355.992971
C,2241,36.04628242725445,80,0,15768000.0,0.0,11196068355.992971
C,2242,36.04251211323231,80,0,15768000.0,0.0,11196068355.992971
C,2243,36.0387438746075,80,0,15768000.0,0.0,11196068355.992971
C,2244,36.034977709313054,80,0,15768000.0,0.0,11196068355.992971
C,2245,36.03121361528504,80,0,15768000.0,0.0,11196068355.992971
C,2246,36.02745159046249,80,0,15768000.0,0.0,11196068355.992971
C,2247,36.023691632787376,80,0,15768000.0,0.0,11196068355.992971
C,2248,36.01993374020465,80,0,15768000.0,0.0,11196068355.992971
C,2249,36.016177910662215,80,0,15768000.0,0.0,11196068355.992971
C,2250,36.01242414211092,80,0,15768000.0,0.0,11196068355.992971
C,2251,36.008672432504575,80,0,15768000.0,0.0,11196068355.992971
C,2252,36.00492277979993,80,0,15768000.0,0.0,11196068355.992971
C,2253,36.00117518195662,80,0,15768000.0,0.0,11196068355.992971
C,2254,35.997429636937284,80,0,15768000.0,0.0,11196068355.992971
C,2255,35.993686142707425,80,0,15768000.0,0.0,11196068355.992971
C,2256,35.9899446972355,80,0,15768000.0,0.0,11196068355.992971
C,2257,35.98620529849285,80,0,15768000.0,0.0,11196068355.992971
C,2258,35.98246794445374,80,0,15768000.0,0.0,11196068355.992971
C,2259,35.97873263309533,80,0,15768000.0,0.0,11196068355.992971
C,2260,35.97499936239768,80,0,15768000.0,0.0,11196068355.992971
C,2261,35.971268130343724,80,0,15768000.0,0.0,11196068355.992971
C,2262,35.96753893491932,80,0,15768000.0,0.0,11196068355.992971
C,2263,35.96381177411315,80,0,15768000.0,0.0,11196068355.992971
C,2264,35.9600866459168,80,0,15768000.0,0.0,11196068355.992971
C,2265,35.95636354832475,80,0,15768000.0,0.0,11196068355.992971
C,2266,35.9526424793343,80,0,15768000.0,0.0,11196068355.992971
C,2267,35.94892343694561,80,0,15768000.0,0.0,11196068355.992971
C,2268,35.94520641916173,80,0,15768000.0,0.0,11196068355.992971
C,2269,35.94149142398852,80,0,15768000.0,0.0,11196068355.992971
C,2270,35.937778449434695,80,0,15768000.0,0.0,11196068355.992971
C,2271,35.93406749351181,80,0,15768000.0,0.0,11196068355.992971
C,2272,35.93035855423426,80,0,15768000.0,0.0,11196068355.992971
C,2273,35.92665162961923,80,0,15768000.0,0.0,11196068355.992971
C,2274,35.92294671768678,80,0,15768000.0,0.0,11196068355.992971
C,2275,35.91924381645972,80,0,15768000.0,0.0,11196068355.992971
C,2276,35.91554292396375,80,0,15768000.0,0.0,11196068355.992971
C,2277,35.91184403822729,80,0,15768000.0,0.0,11196068355.992971
C,2278,35.90814715728162,80,0,15768000.0,0.0,11196068355.992971
C,2279,35.904452279160786,80,0,15768000.0,0.0,11196068355.992971
C,2280,35.900759401901645,80,0,15768000.0,0.0,11196068355.992971
C,2281,35.897068523543815,80,0,15768000.0,0.0,11196068355.992971
C,2282,35.89337964212972,80,0,15768000.0,0.0,11196068355.992971
C,2283,35.88969275570452,80,0,15768000.0,0.0,11196068355.992971
C,2284,35.88600786231618,80,0,15768000.0,0.0,11196068355.992971
C,2285,35.88232496001542,80,0,15768000.0,0.0,11196068355.992971
C,2286,35.8786440468557,80,0,15768000.0,0.0,11196068355.992971
C,2287,35.87496512089323,80,0,15768000.0,0.0,11196068355.992971
C,2288,35.87128818018703,80,0,15768000.0,0.0,11196068355.992971
C,2289,35.867613222798774,80,0,15768000.0,0.0,11196068355.992971
C,2290,35.86394024679294,80,0,15768000.0,0.0,11196068355.992971
C,2291,35.86026925023672,80,0,15768000.0,0.0,11196068355.992971
C,2292,35.85660023120001,80,0,15768000.0,0.0,11196068355.992971
C,2293,35.852933187755475,80,0,15768000.0,0.0,11196068355.992971
C,2294,35.84926811797847,80,0,15768000.0,0.0,11196068355.992971
C,2295,35.84560501994703,80,0,15768000.0,0.0,11196068355.992971
C,2296,35.841943891741984,80,0,15768000.0,0.0,11196068355.992971
C,2297,35.83828473144678,80,0,15768000.0,0.0,11196068355.992971
C,2298,35.83462753714761,80,0,15768000.0,0.0,11196068355.992971
C,2299,35.83097230693335,80,0,15768000.0,0.0,11196068355.992971
C,2300,35.82731903889555,80,0,15768000.0,0.0,11196068355.992971
C,2301,35.82366773112847,80,0,15768000.0,0.0,11196068355.992971
C,2302,35.820018381729014,80,0,15768000.0,0.0,11196068355.992971
C,2303,35.81637098879679,80,0,15768000.0,0.0,11196068355.992971
C,2304,35.81272555043405,80,0,15768000.0,0.0,11196068355.992971
C,2305,35.80908206474573,80,0,15768000.0,0.0,11196068355.992971
C,2306,35.80544052983942,80,0,15768000.0,0.0,11196068355.992971
C,2307,35.80180094382535,80,0,15768000.0,0.0,11196068355.992971
C,2308,35.79816330481641,80,0,15768000.0,0.0,11196068355.992971
C,2309,35.79452761092813,80,0,15768000.0,0.0,11196068355.992971
C,2310,35.79089386027869,80,0,15768000.0,0.0,11196068355.992971
C,2311,35.787262050988886,80,0,15768000.0,0.0,11196068355.992971
C,2312,35.783632181182156,80,0,15768000.0,0.0,11196068355.992971
C,2313,35.780004248984554,80,0,15768000.0,0.0,11196068355.992971
C,2314,35.77637825252478,80,0,15768000.0,0.0,11196068355.992971
C,2315,35.7727541899341,80,0,15768000.0,0.0,11196068355.992971
C,2316,35.76913205934643,80,0,15768000.0,0.0,11196068355.992971
C,2317,35.765511858898286,80,0,15768000.0,0.0,11196068355.992971
C,2318,35.76189358672876,80,0,15768000.0,0.0,11196068355.992971
C,2319,35.758277240979574,80,0,15768000.0,0.0,11196068355.992971
C,2320,35.75466281979503,80,0,15768000.0,0.0,11196068355.992971
C,2321,35.751050321322005,80,0,15768000.0,0.0,11196068355.992971
C,2322,35.74743974370996,80,0,15768000.0,0.0,11196068355.992971
C,2323,35.74383108511094,80,0,15768000.0,0.0,11196068355.992971
C,2324,35.74022434367956,80,0,15768000.0,0.0,11196068355.992971
C,2325,35.73661951757301,80,0,15768000.0,0.0,11196068355.992971
C,2326,35.73301660495103,80,0,15768000.0,0.0,11196068355.992971
C,2327,35.72941560397592,80,0,15768000.0,0.0,11196068355.992971
C,2328,35.72581651281256,80,0,15768000.0,0.0,11196068355.992971
C,2329,35.72221932962832,80,0,15768000.0,0.0,11196068355.992971
C,2330,35.718624052593164,80,0,15768000.0,0.0,11196068355.992971
C,2331,35.715030679879604,80,0,15768000.0,0.0,11196068355.992971
C,2332,35.71143920966264,80,0,15768000.0,0.0,11196068355.992971
C,2333,35.70784964011985,80,0,15768000.0,0.0,11196068355.992971
C,2334,35.70426196943131,80,0,15768000.0,0.0,11196068355.992971
C,2335,35.70067619577961,80,0,15768000.0,0.0,11196068355.992971
C,2336,35.697092317349885,80,0,15768000.0,0.0,11196068355.992971
C,2337,35.693510332329765,80,0,15768000.0,0.0,11196068355.992971
C,2338,35.6899302389094,80,0,15768000.0,0.0,11196068355.992971
C,2339,35.6863520352814,80,0,15768000.0,0.0,11196068355.992971
C,2340,35.68277571964096,80,0,15768000.0,0.0,11196068355.992971
C,2341,35.679201290185674,80,0,15768000.0,0.0,11196068355.992971
C,2342,35.675628745115674,80,0,15768000.0,0.0,11196068355.992971
C,2343,35.6720580826336,80,0,15768000.0,0.0,11196068355.992971
C,2344,35.6684893009445,80,0,15768000.0,0.0,11196068355.992971
C,2345,35.66492239825599,80,0,15768000.0,0.0,11196068355.992971
C,2346,35.66135737277807,80,0,15768000.0,0.0,11196068355.992971
C,2347,35.65779422272327,80,0,15768000.0,0.0,11196068355.992971
C,2348,35.65423294630655,80,0,15768000.0,0.0,11196068355.992971
C,2349,35.65067354174534,80,0,15768000.0,0.0,11196068355.992971
C,2350,35.64711600725952,80,0,15768000.0,0.0,11196068355.992971
C,2351,35.64356034107143,80,0,15768000.0,0.0,11196068355.992971
C,2352,35.640006541405846,80,0,15768000.0,0.0,11196068355.992971
C,2353,35.636454606489956,80,0,15768000.0,0.0,11196068355.992971
C,2354,35.632904534553454,80,0,15768000.0,0.0,11196068355.992971
C,2355,35.6293563238284,80,0,15768000.0,0.0,11196068355.992971
C,2356,35.62580997254932,80,0,15768000.0,0.0,11196068355.992971
C,2357,35.62226547895314,80,0,15768000.0,0.0,11196068355.992971
C,2358,35.618722841279215,80,0,15768000.0,0.0,11196068355.992971
C,2359,35.615182057769324,80,0,15768000.0,0.0,11196068355.992971
C,2360,35.61164312666764,80,0,15768000.0,0.0,11196068355.992971
C,2361,35.60810604622074,80,0,15768000.0,0.0,11196068355.992971
C,2362,35.60457081467762,80,0,15768000.0,0.0,11196068355.992971
C,2363,35.60103743028966,80,0,15768000.0,0.0,11196068355.992971
C,2364,35.597505891310654,80,0,15768000.0,0.0,11196068355.992971
C,2365,35.593976195996724,80,0,15768000.0,0.0,11196068355.992971
C,2366,35.59044834260646,80,0,15768000.0,0.0,11196068355.992971
C,2367,35.58692232940078,80,0,15768000.0,0.0,11196068355.992971
C,2368,35.58339815464298,80,0,15768000.0,0.0,11196068355.992971
C,2369,35.57987581659875,80,0,15768000.0,0.0,11196068355.992971
C,2370,35.57635531353611,80,0,15768000.0,0.0,11196068355.992971
C,2371,35.572836643725495,80,0,15768000.0,0.0,11196068355.992971
C,2372,35.56931980543966,80,0,15768000.0,0.0,11196068355.992971
C,2373,35.565804796953735,80,0,15768000.0,0.0,11196068355.992971
C,2374,35.562291616545174,80,0,15768000.0,0.0,11196068355.992971
C,2375,35.5587802624938,80,0,15768000.0,0.0,11196068355.992971
C,2376,35.55527073308177,80,0,15768000.0,0.0,11196068355.992971
C,2377,35.55176302659359,80,0,15768000.0,0.0,11196068355.992971
C,2378,35.54825714131609,80,0,15768000.0,0.0,11196068355.992971
C,2379,35.544753075538424,80,0,15768000.0,0.0,11196068355.992971
C,2380,35.54125082755208,80,0,15768000.0,0.0,11196068355.992971
C,2381,35.53775039565087,80,0,15768000.0,0.0,11196068355.992971
C,2382,35.53425177813092,80,0,15768000.0,0.0,11196068355.992971
C,2383,35.530754973290655,80,0,15768000.0,0.0,11196068355.992971
C,2384,35.52725997943082,80,0,15768000.0,0.0,11196068355.992971
C,2385,35.52376679485449,80,0,15768000.0,0.0,11196068355.992971
C,2386,35.520275417867005,80,0,15768000.0,0.0,11196068355.992971
C,2387,35.516785846776,80,0,15768000.0,0.0,11196068355.992971
C,2388,35.51329807989143,80,0,15768000.0,0.0,11196068355.992971
C,2389,35.50981211552552,80,0,15768000.0,0.0,11196068355.992971
C,2390,35.506327951992795,80,0,15768000.0,0.0,11196068355.992971
C,2391,35.50284558761004,80,0,15768000.0,0.0,11196068355.992971
C,2392,35.49936502069633,80,0,15768000.0,0.0,11196068355.992971
C,2393,35.49588624957299,80,0,15768000.0,0.0,11196068355.992971
C,2394,35.49240927256368,80,0,15768000.0,0.0,11196068355.992971
C,2395,35.48893408799421,80,0,15768000.0,0.0,11196068355.992971
C,2396,35.48546069419277,80,0,15768000.0,0.0,11196068355.992971
C,2397,35.48198908948973,80,0,15768000.0,0.0,11196068355.992971
C,2398,35.47851927221774,80,0,15768000.0,0.0,11196068355.992971
C,2399,35.47505124071169,80,0,15768000.0,0.0,11196068355.992971
C,2400,35.471584993308724,80,0,15768000.0,0.0,11196068355.992971
C,2401,35.468120528348216,80,0,15768000.0,0.0,11196068355.992971
C,2402,35.46465784417179,80,0,15768000.0,0.0,11196068355.992971
C,2403,35.46119693912328,80,0,15768000.0,0.0,11196068355.992971
C,2404,35.45773781154877,80,0,15768000.0,0.0,11196068355.992971
C,2405,35.45428045979657,80,0,15768000.0,0.0,11196068355.992971
C,2406,35.450824882217184,80,0,15768000.0,0.0,11196068355.992971
C,2407,35.44737107716335,80,0,15768000.0,0.0,11196068355.992971
C,2408,35.44391904299004,80,0,15768000.0,0.0,11196068355.992971
C,2409,35.44046877805439,80,0,15768000.0,0.0,11196068355.992971
C,2410,35.43702028071578,80,0,15768000.0,0.0,11196068355.992971
C,2411,35.43357354933578,80,0,15768000.0,0.0,11196068355.992971
C,2412,35.43012858227815,80,0,15768000.0,0.0,11196068355.992971
C,2413,35.42668537790885,80,0,15768000.0,0.0,11196068355.992971
C,2414,35.42324393459602,80,0,15768000.0,0.0,11196068355.992971
C,2415,35.41980425071001,80,0,15768000.0,0.0,11196068355.992971
C,2416,35.416366324623326,80,0,15768000.0,0.0,11196068355.992971
C,2417,35.41293015471066,80,0,15768000.0,0.0,11196068355.992971
C,2418,35.40949573934888,80,0,15768000.0,0.0,11196068355.992971
C,2419,35.40606307691703,80,0,15768000.0,0.0,11196068355.992971
C,2420,35.40263216579631,80,0,15768000.0,0.0,11196068355.992971
C,2421,35.3992030043701,80,0,15768000.0,0.0,11196068355.992971
C,2422,35.39577559102393,80,0,15768000.0,0.0,11196068355.992971
C,2423,35.39234992414548,80,0,15768000.0,0.0,11196068355.992971
C,2424,35.38892600212456,80,0,15768000.0,0.0,11196068355.992971
C,2425,35.3855038233532,80,0,15768000.0,0.0,11196068355.992971
C,2426,35.3820833862255,80,0,15768000.0,0.0,11196068355.992971
C,2427,35.37866468913772,80,0,15768000.0,0.0,11196068355.992971
C,2428,35.3752477304883,80,0,15768000.0,0.0,11196068355.992971
C,2429,35.37183250867775,80,0,15768000.0,0.0,11196068355.992971
C,2430,35.368419022108725,80,0,15768000.0,0.0,11196068355.992971
C,2431,35.36500726918607,80,0,15768000.0,0.0,11196068355.992971
C,2432,35.36159724831665,80,0,15768000.0,0.0,11196068355.992971
C,2433,35.35818895790952,80,0,15768000.0,0.0,11196068355.992971
C,2434,35.354782396375825,80,0,15768000.0,0.0,11196068355.992971
C,2435,35.35137756212882,80,0,15768000.0,0.0,11196068355.992971
C,2436,35.34797445358388,80,0,15768000.0,0.0,11196068355.992971
C,2437,35.34457306915846,80,0,15768000.0,0.0,11196068355.992971
C,2438,35.34117340727214,80,0,15768000.0,0.0,11196068355.992971
C,2439,35.33777546634659,80,0,15768000.0,0.0,11196068355.992971
C,2440,35.33437924480556,80,0,15768000.0,0.0,11196068355.992971
C,2441,35.3309847410749,80,0,15768000.0,0.0,11196068355.992971
C,2442,35.32759195358253,80,0,15768000.0,0.0,11196068355.992971
C,2443,35.32420088075848,80,0,15768000.0,0.0,11196068355.992971
C,2444,35.320811521034834,80,0,15768000.0,0.0,11196068355.992971
C,2445,35.31742387284576,80,0,15768000.0,0.0,11196068355.992971
C,2446,35.3140379346275,80,0,15768000.0,0.0,11196068355.992971
C,2447,35.31065370481835,80,0,15768000.0,0.0,11196068355.992971
C,2448,35.307271181858695,80,0,15768000.0,0.0,11196068355.992971
C,2449,35.303890364190934,80,0,15768000.0,0.0,11196068355.992971
C,2450,35.30051125025959,80,0,15768000.0,0.0,11196068355.992971
C,2451,35.29713383851117,80,0,15768000.0,0.0,11196068355.992971
C,2452,35.29375812739428,80,0,15768000.0,0.0,11196068355.992971
C,2453,35.290384115359544,80,0,15768000.0,0.0,11196068355.992971
C,2454,35.28701180085963,80,0,15768000.0,0.0,11196068355.992971
C,2455,35.28364118234928,80,0,15768000.0,0.0,11196068355.992971
C,2456,35.28027225828523,80,0,15768000.0,0.0,11196068355.992971
C,2457,35.276905027126254,80,0,15768000.0,0.0,11196068355.992971
C,2458,35.273539487333174,80,0,15768000.0,0.0,11196068355.992971
C,2459,35.27017563736882,80,0,15768000.0,0.0,11196068355.992971
C,2460,35.26681347569806,80,0,15768000.0,0.0,11196068355.992971
C,2461,35.26345300078775,80,0,15768000.0,0.0,11196068355.992971
C,2462,35.2600942111068,80,0,15768000.0,0.0,11196068355.992971
C,2463,35.25673710512609,80,0,15768000.0,0.0,11196068355.992971
C,2464,35.253381681318544,80,0,15768000.0,0.0,11196068355.992971
C,2465,35.25002793815908,80,0,15768000.0,0.0,11196068355.992971
C,2466,35.246675874124584,80,0,15768000.0,0.0,11196068355.992971
C,2467,35.243325487693994,80,0,15768000.0,0.0,11196068355.992971
C,2468,35.2399767773482,80,0,15768000.0,0.0,11196068355.992971
C,2469,35.23662974157009,80,0,15768000.0,0.0,11196068355.992971
C,2470,35.233284378844566,80,0,15768000.0,0.0,11196068355.992971
C,2471,35.22994068765848,80,0,15768000.0,0.0,11196068355.992971
C,2472,35.226598666500664,80,0,15768000.0,0.0,11196068355.992971
C,2473,35.22325831386197,80,0,15768000.0,0.0,11196068355.992971
C,2474,35.21991962823516,80,0,15768000.0,0.0,11196068355.992971
C,2475,35.216582608115026,80,0,15768000.0,0.0,11196068355.992971
C,2476,35.2132472519983,80,0,15768000.0,0.0,11196068355.992971
C,2477,35.20991355838363,80,0,15768000.0,0.0,11196068355.992971
C,2478,35.20658152577174,80,0,15768000.0,0.0,11196068355.992971
C,2479,35.203251152665196,80,0,15768000.0,0.0,11196068355.992971
C,2480,35.199922437568574,80,0,15768000.0,0.0,11196068355.992971
C,2481,35.19659537898839,80,0,15768000.0,0.0,11196068355.992971
C,2482,35.19326997543311,80,0,15768000.0,0.0,11196068355.992971
C,2483,35.18994622541314,80,0,15768000.0,0.0,11196068355.992971
C,2484,35.186624127440794,80,0,15768000.0,0.0,11196068355.992971
C,2485,35.1833036800304,80,0,15768000.0,0.0,11196068355.992971
C,2486,35.17998488169814,80,0,15768000.0,0.0,11196068355.992971
C,2487,35.17666773096216,80,0,15768000.0,0.0,11196068355.992971
C,2488,35.173352226342544,80,0,15768000.0,0.0,11196068355.992971
C,2489,35.17003836636128,80,0,15768000.0,0.0,11196068355.992971
C,2490,35.166726149542285,80,0,15768000.0,0.0,11196068355.992971
C,2491,35.16341557441139,80,0,15768000.0,0.0,11196068355.992971
C,2492,35.160106639496334,80,0,15768000.0,0.0,11196068355.992971
C,2493,35.156799343326774,80,0,15768000.0,0.0,11196068355.992971
C,2494,35.15349368443429,80,0,15768000.0,0.0,11196068355.992971
C,2495,35.15018966135232,80,0,15768000.0,0.0,11196068355.992971
C,2496,35.14688727261626,80,0,15768000.0,0.0,11196068355.992971
C,2497,35.143586516763364,80,0,15768000.0,0.0,11196068355.992971
C,2498,35.14028739233279,80,0,15768000.0,0.0,11196068355.992971
C,2499,35.136989897865575,80,0,15768000.0,0.0,11196068355.992971
C,2500,35.13369403190468,80,0,15768000.0,0.0,11196068355.992971
C,2501,35.13039979299491,80,0,15768000.0,0.0,11196068355.992971
C,2502,35.12710717968298,80,0,15768000.0,0.0,11196068355.992971
C,2503,35.12381619051747,80,0,15768000.0,0.0,11196068355.992971
C,2504,35.12052682404885,80,0,15768000.0,0.0,11196068355.992971
C,2505,35.11723907882943,80,0,15768000.0,0.0,11196068355.992971
C,2506,35.11395295341342,80,0,15768000.0,0.0,11196068355.992971
C,2507,35.110668446356875,80,0,15768000.0,0.0,11196068355.992971
C,2508,35.10738555621772,80,0,15768000.0,0.0,11196068355.992971
C,2509,35.10410428155576,80,0,15768000.0,0.0,11196068355.992971
C,2510,35.10082462093263,80,0,15768000.0,0.0,11196068355.992971
C,2511,35.09754657291181,80,0,15768000.0,0.0,11196068355.992971
C,2512,35.094270136058654,80,0,15768000.0,0.0,11196068355.992971
C,2513,35.09099530894036,80,0,15768000.0,0.0,11196068355.992971
C,2514,35.08772209012596,80,0,15768000.0,0.0,11196068355.992971
C,2515,35.08445047818631,80,0,15768000.0,0.0,11196068355.992971
C,2516,35.081180471694175,80,0,15768000.0,0.0,11196068355.992971
C,2517,35.07791206922404,80,0,15768000.0,0.0,11196068355.992971
C,2518,35.07464526935234,80,0,15768000.0,0.0,11196068355.992971
C,2519,35.07138007065724,80,0,15768000.0,0.0,11196068355.992971
C,2520,35.0681164717188,80,0,15768000.0,0.0,11196068355.992971
C,2521,35.06485447111887,80,0,15768000.0,0.0,11196068355.992971
C,2522,35.06159406744112,80,0,15768000.0,0.0,11196068355.992971
C,2523,35.05833525927103,80,0,15768000.0,0.0,11196068355.992971
C,2524,35.05507804519591,80,0,15768000.0,0.0,11196068355.992971
C,2525,35.0518224238049,80,0,15768000.0,0.0,11196068355.992971
C,2526,35.04856839368887,80,0,15768000.0,0.0,11196068355.992971
C,2527,35.04531595344058,80,0,15768000.0,0.0,11196068355.992971
C,2528,35.04206510165455,80,0,15768000.0,0.0,11196068355.992971
C,2529,35.038815836927085,80,0,15768000.0,0.0,11196068355.992971
C,2530,35.03556815785632,80,0,15768000.0,0.0,11196068355.992971
C,2531,35.032322063042145,80,0,15768000.0,0.0,11196068355.992971
C,2532,35.029077551086274,80,0,15768000.0,0.0,11196068355.992971
C,2533,35.02583462059219,80,0,15768000.0,0.0,11196068355.992971
C,2534,35.02259327016516,80,0,15768000.0,0.0,11196068355.992971
C,2535,35.019353498412215,80,0,15768000.0,0.0,11196068355.992971
C,2536,35.01611530394219,80,0,15768000.0,0.0,11196068355.992971
C,2537,35.01287868536569,80,0,15768000.0,0.0,11196068355.992971
C,2538,35.009643641295064,80,0,15768000.0,0.0,11196068355.992971
C,2539,35.00641017034446,80,0,15768000.0,0.0,11196068355.992971
C,2540,35.00317827112976,80,0,15768000.0,0.0,11196068355.992971
C,2541,35,80,0,15768000.0,0.0,11196068355.992971
C,2542,35,80,0,15768000.0,0.0,11196068355.992971
C,2543,35,80,0,15768000.0,0.0,11196068355.992971
C,2544,35,80,0,15768000.0,0.0,11196068355.992971
C,2545,35,80,0,15768000.0,0.0,11196068355.992971
C,2546,35,80,0,15768000.0,0.0,11196068355.992971
C,2547,35,80,0,15768000.0,0.0,11196068355.992971
C,2548,35,80,0,15768000.0,0.0,11196068355.992971
C,2549,35,80,0,15768000.0,0.0,11196068355.992971
C,2550,35,80,0,15768000.0,0.0,11196068355.992971
C,2551,35,80,0,15768000.0,0.0,11196068355.992971
C,2552,35,80,0,15768000.0,0.0,11196068355.992971
C,2553,35,80,0,15768000.0,0.0,11196068355.992971
C,2554,35,80,0,15768000.0,0.0,11196068355.992971
C,2555,35,80,0,15768000.0,0.0,11196068355.992971
C,2556,35,80,0,15768000.0,0.0,11196068355.992971
C,2557,35,80,0,15768000.0,0.0,11196068355.992971
C,2558,35,80,0,15768000.0,0.0,11196068355.992971
C,2559,35,80,0,15768000.0,0.0,11196068355.992971
C,2560,35,80,0,15768000.0,0.0,11196068355.992971
C,2561,35,80,0,15768000.0,0.0,11196068355.992971
C,2562,35,80,0,15768000.0,0.0,11196068355.992971
C,2563,35,80,0,15768000.0,0.0,11196068355.992971
C,2564,35,80,0,15768000.0,0.0,11196068355.992971
C,2565,35,80,0,15768000.0,0.0,11196068355.992971
C,2566,35,80,0,15768000.0,0.0,11196068355.992971
C,2567,35,80,0,15768000.0,0.0,11196068355.992971
C,2568,35,80,0,15768000.0,0.0,11196068355.992971
C,2569,35,80,0,15768000.0,0.0,11196068355.992971
C,2570,35,80,0,15768000.0,0.0,11196068355.992971
C,2571,35,80,0,15768000.0,0.0,11196068355.992971
C,2572,35,80,0,15768000.0,0.0,11196068355.992971
C,2573,35,80,0,15768000.0,0.0,11196068355.992971
C,2574,35,80,0,15768000.0,0.0,11196068355.992971
C,2575,35,80,0,15768000.0,0.0,11196068355.992971
C,2576,35,80,0,15768000.0,0.0,11196068355.992971
C,2577,35,80,0,15768000.0,0.0,11196068355.992971
C,2578,35,80,0,15768000.0,0.0,11196068355.992971
C,2579,35,80,0,15768000.0,0.0,11196068355.992971
C,2580,35,80,0,15768000.0,0.0,11196068355.992971
C,2581,35,80,0,15768000.0,0.0,11196068355.992971
C,2582,35,80,0,15768000.0,0.0,11196068355.992971
C,2583,35,80,0,15768000.0,0.0,11196068355.992971
C,2584,35,80,0,15768000.0,0.0,11196068355.992971
C,2585,35,80,0,15768000.0,0.0,11196068355.992971
C,2586,35,80,0,15768000.0,0.0,11196068355.992971
C,2587,35,80,0,15768000.0,0.0,11196068355.992971
C,2588,35,80,0,15768000.0,0.0,11196068355.992971
C,2589,35,80,0,15768000.0,0.0,11196068355.992971
C,2590,35,80,0,15768000.0,0.0,11196068355.992971
C,2591,35,80,0,15768000.0,0.0,11196068355.992971
C,2592,35,80,0,15768000.0,0.0,11196068355.992971
C,2593,35,80,0,15768000.0,0.0,11196068355.992971
C,2594,35,80,0,15768000.0,0.0,11196068355.992971
C,2595,35,80,0,15768000.0,0.0,11196068355.992971
C,2596,35,80,0,15768000.0,0.0,11196068355.992971
C,2597,35,80,0,15768000.0,0.0,11196068355.992971
C,2598,35,80,0,15768000.0,0.0,11196068355.992971
C,2599,35,80,0,15768000.0,0.0,11196068355.992971
C,2600,35,80,0,15768000.0,0.0,11196068355.992971
C,2601,35,80,0,15768000.0,0.0,11196068355.992971
C,2602,35,80,0,15768000.0,0.0,11196068355.992971
C,2603,35,80,0,15768000.0,0.0,11196068355.992971
C,2604,35,80,0,15768000.0,0.0,11196068355.992971
C,2605,35,80,0,15768000.0,0.0,11196068355.992971
C,2606,35,80,0,15768000.0,0.0,11196068355.992971
C,2607,35,80,0,15768000.0,0.0,11196068355.992971
C,2608,35,80,0,15768000.0,0.0,11196068355.992971
C,2609,35,80,0,15768000.0,0.0,11196068355.992971
C,2610,35,80,0,15768000.0,0.0,11196068355.992971
C,2611,35,80,0,15768000.0,0.0,11196068355.992971
C,2612,35,80,0,15768000.0,0.0,11196068355.992971
C,2613,35,80,0,15768000.0,0.0,11196068355.992971
C,2614,35,80,0,15768000.0,0.0,11196068355.992971
C,2615,35,80,0,15768000.0,0.0,11196068355.992971
C,2616,35,80,0,15768000.0,0.0,11196068355.992971
C,2617,35,80,0,15768000.0,0.0,11196068355.992971
C,2618,35,80,0,15768000.0,0.0,11196068355.992971
C,2619,35,80,0,15768000.0,0.0,11196068355.992971
C,2620,35,80,0,15768000.0,0.0,11196068355.992971
C,2621,35,80,0,15768000.0,0.0,11196068355.992971
C,2622,35,80,0,15768000.0,0.0,11196068355.992971
C,2623,35,80,0,15768000.0,0.0,11196068355.992971
C,2624,35,80,0,15768000.0,0.0,11196068355.992971
C,2625,35,80,0,15768000.0,0.0,11196068355.992971
C,2626,35,80,0,15768000.0,0.0,11196068355.992971
C,2627,35,80,0,15768000.0,0.0,11196068355.992971
C,2628,35,80,0,15768000.0,0.0,11196068355.992971
C,2629,35,80,0,15768000.0,0.0,11196068355.992971
C,2630,35,80,0,15768000.0,0.0,11196068355.992971
C,2631,35,80,0,15768000.0,0.0,11196068355.992971
C,2632,35,80,0,15768000.0,0.0,11196068355.992971
C,2633,35,80,0,15768000.0,0.0,11196068355.992971
C,2634,35,80,0,15768000.0,0.0,11196068355.992971
C,2635,35,80,0,15768000.0,0.0,11196068355.992971
C,2636,35,80,0,15768000.0,0.0,11196068355.992971
C,2637,35,80,0,15768000.0,0.0,11196068355.992971
C,2638,35,80,0,15768000.0,0.0,11196068355.992971
C,2639,35,80,0,15768000.0,0.0,11196068355.992971
C,2640,35,80,0,15768000.0,0.0,11196068355.992971
C,2641,35,80,0,15768000.0,0.0,11196068355.992971
C,2642,35,80,0,15768000.0,0.0,11196068355.992971
C,2643,35,80,0,15768000.0,0.0,11196068355.992971
C,2644,35,80,0,15768000.0,0.0,11196068355.992971
C,2645,35,80,0,15768000.0,0.0,11196068355.992971
C,2646,35,80,0,15768000.0,0.0,11196068355.992971
C,2647,35,80,0,15768000.0,0.0,11196068355.992971
C,2648,35,80,0,15768000.0,0.0,11196068355.992971
C,2649,35,80,0,15768000.0,0.0,11196068355.992971
C,2650,35,80,0,15768000.0,0.0,11196068355.992971
C,2651,35,80,0,15768000.0,0.0,11196068355.992971
C,2652,35,80,0,15768000.0,0.0,11196068355.992971
C,2653,35,80,0,15768000.0,0.0,11196068355.992971
C,2654,35,80,0,15768000.0,0.0,11196068355.992971
C,2655,35,80,0,15768000.0,0.0,11196068355.992971
C,2656,35,80,0,15768000.0,0.0,11196068355.992971
C,2657,35,80,0,15768000.0,0.0,11196068355.992971
C,2658,35,80,0,15768000.0,0.0,11196068355.992971
C,2659,35,80,0,15768000.0,0.0,11196068355.992971
C,2660,35,80,0,15768000.0,0.0,11196068355.992971
C,2661,35,80,0,15768000.0,0.0,11196068355.992971
C,2662,35,80,0,15768000.0,0.0,11196068355.992971
C,2663,35,80,0,15768000.0,0.0,11196068355.992971
C,2664,35,80,0,15768000.0,0.0,11196068355.992971
C,2665,35,80,0,15768000.0,0.0,11196068355.992971
C,2666,35,80,0,15768000.0,0.0,11196068355.992971
C,2667,35,80,0,15768000.0,0.0,11196068355.992971
C,2668,35,80,0,15768000.0,0.0,11196068355.992971
C,2669,35,80,0,15768000.0,0.0,11196068355.992971
C,2670,35,80,0,15768000.0,0.0,11196068355.992971
C,2671,35,80,0,15768000.0,0.0,11196068355.992971
C,2672,35,80,0,15768000.0,0.0,11196068355.992971
C,2673,35,80,0,15768000.0,0.0,11196068355.992971
C,2674,35,80,0,15768000.0,0.0,11196068355.992971
C,2675,35,80,0,15768000.0,0.0,11196068355.992971
C,2676,35,80,0,15768000.0,0.0,11196068355.992971
C,2677,35,80,0,15768000.0,0.0,11196068355.992971
C,2678,35,80,0,15768000.0,0.0,11196068355.992971
C,2679,35,80,0,15768000.0,0.0,11196068355.992971
C,2680,35,80,0,15768000.0,0.0,11196068355.992971
C,2681,35,80,0,15768000.0,0.0,11196068355.992971
C,2682,35,80,0,15768000.0,0.0,11196068355.992971
C,2683,35,80,0,15768000.0,0.0,11196068355.992971
C,2684,35,80,0,15768000.0,0.0,11196068355.992971
C,2685,35,80,0,15768000.0,0.0,11196068355.992971
C,2686,35,80,0,15768000.0,0.0,11196068355.992971
C,2687,35,80,0,15768000.0,0.0,11196068355.992971
C,2688,35,80,0,15768000.0,0.0,11196068355.992971
C,2689,35,80,0,15768000.0,0.0,11196068355.992971
C,2690,35,80,0,15768000.0,0.0,11196068355.992971
C,2691,35,80,0,15768000.0,0.0,11196068355.992971
C,2692,35,80,0,15768000.0,0.0,11196068355.992971
C,2693,35,80,0,15768000.0,0.0,11196068355.992971
C,2694,35,80,0,15768000.0,0.0,11196068355.992971
C,2695,35,80,0,15768000.0,0.0,11196068355.992971
C,2696,35,80,0,15768000.0,0.0,11196068355.992971
C,2697,35,80,0,15768000.0,0.0,11196068355.992971
C,2698,35,80,0,15768000.0,0.0,11196068355.992971
C,2699,35,80,0,15768000.0,0.0,11196068355.992971
C,2700,35,80,0,15768000.0,0.0,11196068355.992971
C,2701,35,80,0,15768000.0,0.0,11196068355.992971
C,2702,35,80,0,15768000.0,0.0,11196068355.992971
C,2703,35,80,0,15768000.0,0.0,11196068355.992971
C,2704,35,80,0,15768000.0,0.0,11196068355.992971
C,2705,35,80,0,15768000.0,0.0,11196068355.992971
C,2706,35,80,0,15768000.0,0.0,11196068355.992971
C,2707,35,80,0,15768000.0,0.0,11196068355.992971
C,2708,35,80,0,15768000.0,0.0,11196068355.992971
C,2709,35,80,0,15768000.0,0.0,11196068355.992971
C,2710,35,80,0,15768000.0,0.0,11196068355.992971
C,2711,35,80,0,15768000.0,0.0,11196068355.992971
C,2712,35,80,0,15768000.0,0.0,11196068355.992971
C,2713,35,80,0,15768000.0,0.0,11196068355.992971
C,2714,35,80,0,15768000.0,0.0,11196068355.992971
C,2715,35,80,0,15768000.0,0.0,11196068355.992971
C,2716,35,80,0,15768000.0,0.0,11196068355.992971
C,2717,35,80,0,15768000.0,0.0,11196068355.992971
C,2718,35,80,0,15768000.0,0.0,11196068355.992971
C,2719,35,80,0,15768000.0,0.0,11196068355.992971
C,2720,35,80,0,15768000.0,0.0,11196068355.992971
C,2721,35,80,0,15768000.0,0.0,11196068355.992971
C,2722,35,80,0,15768000.0,0.0,11196068355.992971
C,2723,35,80,0,15768000.0,0.0,11196068355.992971
C,2724,35,80,0,15768000.0,0.0,11196068355.992971
C,2725,35,80,0,15768000.0,0.0,11196068355.992971
C,2726,35,80,0,15768000.0,0.0,11196068355.992971
C,2727,35,80,0,15768000.0,0.0,11196068355.992971
C,2728,35,80,0,15768000.0,0.0,11196068355.992971
C,2729,35,80,0,15768000.0,0.0,11196068355.992971
C,2730,35,80,0,15768000.0,0.0,11196068355.992971
C,2731,35,80,0,15768000.0,0.0,11196068355.992971
C,2732,35,80,0,15768000.0,0.0,11196068355.992971
C,2733,35,80,0,15768000.0,0.0,11196068355.992971
C,2734,35,80,0,15768000.0,0.0,11196068355.992971
C,2735,35,80,0,15768000.0,0.0,11196068355.992971
C,2736,35,80,0,15768000.0,0.0,11196068355.992971
C,2737,35,80,0,15768000.0,0.0,11196068355.992971
C,2738,35,80,0,15768000.0,0.0,11196068355.992971
C,2739,35,80,0,15768000.0,0.0,11196068355.992971
C,2740,35,80,0,15768000.0,0.0,11196068355.992971
C,2741,35,80,0,15768000.0,0.0,11196068355.992971
C,2742,35,80,0,15768000.0,0.0,11196068355.992971
C,2743,35,80,0,15768000.0,0.0,11196068355.992971
C,2744,35,80,0,15768000.0,0.0,11196068355.992971
C,2745,35,80,0,15768000.0,0.0,11196068355.992971
C,2746,35,80,0,15768000.0,0.0,11196068355.992971
C,2747,35,80,0,15768000.0,0.0,11196068355.992971
C,2748,35,80,0,15768000.0,0.0,11196068355.992971
C,2749,35,80,0,15768000.0,0.0,11196068355.992971
C,2750,35,80,0,15768000.0,0.0,11196068355.992971
C,2751,35,80,0,15768000.0,0.0,11196068355.992971
C,2752,35,80,0,15768000.0,0.0,11196068355.992971
C,2753,35,80,0,15768000.0,0.0,11196068355.992971
C,2754,35,80,0,15768000.0,0.0,11196068355.992971
C,2755,35,80,0,15768000.0,0.0,11196068355.992971
C,2756,35,80,0,15768000.0,0.0,11196068355.992971
C,2757,35,80,0,15768000.0,0.0,11196068355.992971
C,2758,35,80,0,15768000.0,0.0,11196068355.992971
C,2759,35,80,0,15768000.0,0.0,11196068355.992971
C,2760,35,80,0,15768000.0,0.0,11196068355.992971
C,2761,35,80,0,15768000.0,0.0,11196068355.992971
C,2762,35,80,0,15768000.0,0.0,11196068355.992971
C,2763,35,80,0,15768000.0,0.0,11196068355.992971
C,2764,35,80,0,15768000.0,0.0,11196068355.992971
C,2765,35,80,0,15768000.0,0.0,11196068355.992971
C,2766,35,80,0,15768000.0,0.0,11196068355.992971
C,2767,35,80,0,15768000.0,0.0,11196068355.992971
C,2768,35,80,0,15768000.0,0.0,11196068355.992971
C,2769,35,80,0,15768000.0,0.0,11196068355.992971
C,2770,35,80,0,15768000.0,0.0,11196068355.992971
C,2771,35,80,0,15768000.0,0.0,11196068355.992971
C,2772,35,80,0,15768000.0,0.0,11196068355.992971
C,2773,35,80,0,15768000.0,0.0,11196068355.992971
C,2774,35,80,0,15768000.0,0.0,11196068355.992971
C,2775,35,80,0,15768000.0,0.0,11196068355.992971
C,2776,35,80,0,15768000.0,0.0,11196068355.992971
C,2777,35,80,0,15768000.0,0.0,11196068355.992971
C,2778,35,80,0,15768000.0,0.0,11196068355.992971
C,2779,35,80,0,15768000.0,0.0,11196068355.992971
C,2780,35,80,0,15768000.0,0.0,11196068355.992971
C,2781,35,80,0,15768000.0,0.0,11196068355.992971
C,2782,35,80,0,15768000.0,0.0,11196068355.992971
C,2783,35,80,0,15768000.0,0.0,11196068355.992971
C,2784,35,80,0,15768000.0,0.0,11196068355.992971
C,2785,35,80,0,15768000.0,0.0,11196068355.992971
C,2786,35,80,0,15768000.0,0.0,11196068355.992971
C,2787,35,80,0,15768000.0,0.0,11196068355.992971
C,2788,35,80,0,15768000.0,0.0,11196068355.992971
C,2789,35,80,0,15768000.0,0.0,11196068355.992971
C,2790,35,80,0,15768000.0,0.0,11196068355.992971
C,2791,35,80,0,15768000.0,0.0,11196068355.992971
C,2792,35,80,0,15768000.0,0.0,11196068355.992971
C,2793,35,80,0,15768000.0,0.0,11196068355.992971
C,2794,35,80,0,15768000.0,0.0,11196068355.992971
C,2795,35,80,0,15768000.0,0.0,11196068355.992971
C,2796,35,80,0,15768000.0,0.0,11196068355.992971
C,2797,35,80,0,15768000.0,0.0,11196068355.992971
C,2798,35,80,0,15768000.0,0.0,11196068355.992971
C,2799,35,80,0,15768000.0,0.0,11196068355.992971
C,2800,35,80,0,15768000.0,0.0,11196068355.992971
C,2801,35,80,0,15768000.0,0.0,11196068355.992971
C,2802,35,80,0,15768000.0,0.0,11196068355.992971
C,2803,35,80,0,15768000.0,0.0,11196068355.992971
C,2804,35,80,0,15768000.0,0.0,11196068355.992971
C,2805,35,80,0,15768000.0,0.0,11196068355.992971
C,2806,35,80,0,15768000.0,0.0,11196068355.992971
C,2807,35,80,0,15768000.0,0.0,11196068355.992971
C,2808,35,80,0,15768000.0,0.0,11196068355.992971
C,2809,35,80,0,15768000.0,0.0,11196068355.992971
C,2810,35,80,0,15768000.0,0.0,11196068355.992971
C,2811,35,80,0,15768000.0,0.0,11196068355.992971
C,2812,35,80,0,15768000.0,0.0,11196068355.992971
C,2813,35,80,0,15768000.0,0.0,11196068355.992971
C,2814,35,80,0,15768000.0,0.0,11196068355.992971
C,2815,35,80,0,15768000.0,0.0,11196068355.992971
C,2816,35,80,0,15768000.0,0.0,11196068355.992971
C,2817,35,80,0,15768000.0,0.0,11196068355.992971
C,2818,35,80,0,15768000.0,0.0,11196068355.992971
C,2819,35,80,0,15768000.0,0.0,11196068355.992971
C,2820,35,80,0,15768000.0,0.0,11196068355.992971
C,2821,35,80,0,15768000.0,0.0,11196068355.992971
C,2822,35,80,0,15768000.0,0.0,11196068355.992971
C,2823,35,80,0,15768000.0,0.0,11196068355.992971
C,2824,35,80,0,15768000.0,0.0,11196068355.992971
C,2825,35,80,0,15768000.0,0.0,11196068355.992971
C,2826,35,80,0,15768000.0,0.0,11196068355.992971
C,2827,35,80,0,15768000.0,0.0,11196068355.992971
C,2828,35,80,0,15768000.0,0.0,11196068355.992971
C,2829,35,80,0,15768000.0,0.0,11196068355.992971
C,2830,35,80,0,15768000.0,0.0,11196068355.992971
C,2831,35,80,0,15768000.0,0.0,11196068355.992971
C,2832,35,80,0,15768000.0,0.0,11196068355.992971
C,2833,35,80,0,15768000.0,0.0,11196068355.992971
C,2834,35,80,0,15768000.0,0.0,11196068355.992971
C,2835,35,80,0,15768000.0,0.0,11196068355.992971
C,2836,35,80,0,15768000.0,0.0,11196068355.992971
C,2837,35,80,0,15768000.0,0.0,11196068355.992971
C,2838,35,80,0,15768000.0,0.0,11196068355.992971
C,2839,35,80,0,15768000.0,0.0,11196068355.992971
C,2840,35,80,0,15768000.0,0.0,11196068355.992971
C,2841,35,80,0,15768000.0,0.0,11196068355.992971
C,2842,35,80,0,15768000.0,0.0,11196068355.992971
C,2843,35,80,0,15768000.0,0.0,11196068355.992971
C,2844,35,80,0,15768000.0,0.0,11196068355.992971
C,2845,35,80,0,15768000.0,0.0,11196068355.992971
C,2846,35,80,0,15768000.0,0.0,11196068355.992971
C,2847,35,80,0,15768000.0,0.0,11196068355.992971
C,2848,35,80,0,15768000.0,0.0,11196068355.992971
C,2849,35,80,0,15768000.0,0.0,11196068355.992971
C,2850,35,80,0,15768000.0,0.0,11196068355.992971
C,2851,35,80,0,15768000.0,0.0,11196068355.992971
C,2852,35,80,0,15768000.0,0.0,11196068355.992971
C,2853,35,80,0,15768000.0,0.0,11196068355.992971
C,2854,35,80,0,15768000.0,0.0,11196068355.992971
C,2855,35,80,0,15768000.0,0.0,11196068355.992971
C,2856,35,80,0,15768000.0,0.0,11196068355.992971
C,2857,35,80,0,15768000.0,0.0,11196068355.992971
C,2858,35,80,0,15768000.0,0.0,11196068355.992971
C,2859,35,80,0,15768000.0,0.0,11196068355.992971
C,2860,35,80,0,15768000.0,0.0,11196068355.992971
C,2861,35,80,0,15768000.0,0.0,11196068355.992971
C,2862,35,80,0,15768000.0,0.0,11196068355.992971
C,2863,35,80,0,15768000.0,0.0,11196068355.992971
C,2864,35,80,0,15768000.0,0.0,11196068355.992971
C,2865,35,80,0,15768000.0,0.0,11196068355.992971
C,2866,35,80,0,15768000.0,0.0,11196068355.992971
C,2867,35,80,0,15768000.0,0.0,11196068355.992971
C,2868,35,80,0,15768000.0,0.0,11196068355.992971
C,2869,35,80,0,15768000.0,0.0,11196068355.992971
C,2870,35,80,0,15768000.0,0.0,11196068355.992971
C,2871,35,80,0,15768000.0,0.0,11196068355.992971
C,2872,35,80,0,15768000.0,0.0,11196068355.992971
C,2873,35,80,0,15768000.0,0.0,11196068355.992971
C,2874,35,80,0,15768000.0,0.0,11196068355.992971
C,2875,35,80,0,15768000.0,0.0,11196068355.992971
C,2876,35,80,0,15768000.0,0.0,11196068355.992971
C,2877,35,80,0,15768000.0,0.0,11196068355.992971
C,2878,35,80,0,15768000.0,0.0,11196068355.992971
C,2879,35,80,0,15768000.0,0.0,11196068355.992971
C,2880,35,80,0,15768000.0,0.0,11196068355.992971
C,2881,35,80,0,15768000.0,0.0,11196068355.992971
C,2882,35,80,0,15768000.0,0.0,11196068355.992971
C,2883,35,80,0,15768000.0,0.0,11196068355.992971
C,2884,35,80,0,15768000.0,0.0,11196068355.992971
C,2885,35,80,0,15768000.0,0.0,11196068355.992971
C,2886,35,80,0,15768000.0,0.0,11196068355.992971
C,2887,35,80,0,15768000.0,0.0,11196068355.992971
C,2888,35,80,0,15768000.0,0.0,11196068355.992971
C,2889,35,80,0,15768000.0,0.0,11196068355.992971
C,2890,35,80,0,15768000.0,0.0,11196068355.992971
C,2891,35,80,0,15768000.0,0.0,11196068355.992971
C,2892,35,80,0,15768000.0,0.0,11196068355.992971
C,2893,35,80,0,15768000.0,0.0,11196068355.992971
C,2894,35,80,0,15768000.0,0.0,11196068355.992971
C,2895,35,80,0,15768000.0,0.0,11196068355.992971
C,2896,35,80,0,15768000.0,0.0,11196068355.992971
C,2897,35,80,0,15768000.0,0.0,11196068355.992971
C,2898,35,80,0,15768000.0,0.0,11196068355.992971
C,2899,35,80,0,15768000.0,0.0,11196068355.992971
C,2900,35,80,0,15768000.0,0.0,11196068355.992971
C,2901,35,80,0,15768000.0,0.0,11196068355.992971
C,2902,35,80,0,15768000.0,0.0,11196068355.992971
C,2903,35,80,0,15768000.0,0.0,11196068355.992971
C,2904,35,80,0,15768000.0,0.0,11196068355.992971
C,2905,35,80,0,15768000.0,0.0,11196068355.992971
C,2906,35,80,0,15768000.0,0.0,11196068355.992971
C,2907,35,80,0,15768000.0,0.0,11196068355.992971
C,2908,35,80,0,15768000.0,0.0,11196068355.992971
C,2909,35,80,0,15768000.0,0.0,11196068355.992971
C,2910,35,80,0,15768000.0,0.0,11196068355.992971
C,2911,35,80,0,15768000.0,0.0,11196068355.992971
C,2912,35,80,0,15768000.0,0.0,11196068355.992971
C,2913,35,80,0,15768000.0,0.0,11196068355.992971
C,2914,35,80,0,15768000.0,0.0,11196068355.992971
C,2915,35,80,0,15768000.0,0.0,11196068355.992971
C,2916,35,80,0,15768000.0,0.0,11196068355.992971
C,2917,35,80,0,15768000.0,0.0,11196068355.992971
C,2918,35,80,0,15768000.0,0.0,11196068355.992971
C,2919,35,80,0,15768000.0,0.0,11196068355.992971
C,2920,35,80,0,15768000.0,0.0,11196068355.992971
C,2921,35,80,0,15768000.0,0.0,11196068355.992971
C,2922,35,80,0,15768000.0,0.0,11196068355.992971
C,2923,35,80,0,15768000.0,0.0,11196068355.992971
C,2924,35,80,0,15768000.0,0.0,11196068355.992971
C,2925,35,80,0,15768000.0,0.0,11196068355.992971
C,2926,35,80,0,15768000.0,0.0,11196068355.992971
C,2927,35,80,0,15768000.0,0.0,11196068355.992971
C,2928,35,80,0,15768000.0,0.0,11196068355.992971
C,2929,35,80,0,15768000.0,0.0,11196068355.992971
C,2930,35,80,0,15768000.0,0.0,11196068355.992971
C,2931,35,80,0,15768000.0,0.0,11196068355.992971
C,2932,35,80,0,15768000.0,0.0,11196068355.992971
C,2933,35,80,0,15768000.0,0.0,11196068355.992971
C,2934,35,80,0,15768000.0,0.0,11196068355.992971
C,2935,35,80,0,15768000.0,0.0,11196068355.992971
C,2936,35,80,0,15768000.0,0.0,11196068355.992971
C,2937,35,80,0,15768000.0,0.0,11196068355.992971
C,2938,35,80,0,15768000.0,0.0,11196068355.992971
C,2939,35,80,0,15768000.0,0.0,11196068355.992971
C,2940,35,80,0,15768000.0,0.0,11196068355.992971
C,2941,35,80,0,15768000.0,0.0,11196068355.992971
C,2942,35,80,0,15768000.0,0.0,11196068355.992971
C,2943,35,80,0,15768000.0,0.0,11196068355.992971
C,2944,35,80,0,15768000.0,0.0,11196068355.992971
C,2945,35,80,0,15768000.0,0.0,11196068355.992971
C,2946,35,80,0,15768000.0,0.0,11196068355.992971
C,2947,35,80,0,15768000.0,0.0,11196068355.992971
C,2948,35,80,0,15768000.0,0.0,11196068355.992971
C,2949,35,80,0,15768000.0,0.0,11196068355.992971
C,2950,35,80,0,15768000.0,0.0,11196068355.992971
C,2951,35,80,0,15768000.0,0.0,11196068355.992971
C,2952,35,80,0,15768000.0,0.0,11196068355.992971
C,2953,35,80,0,15768000.0,0.0,11196068355.992971
C,2954,35,80,0,15768000.0,0.0,11196068355.992971
C,2955,35,80,0,15768000.0,0.0,11196068355.992971
C,2956,35,80,0,15768000.0,0.0,11196068355.992971
C,2957,35,80,0,15768000.0,0.0,11196068355.992971
C,2958,35,80,0,15768000.0,0.0,11196068355.992971
C,2959,35,80,0,15768000.0,0.0,11196068355.992971
C,2960,35,80,0,15768000.0,0.0,11196068355.992971
C,2961,35,80,0,15768000.0,0.0,11196068355.992971
C,2962,35,80,0,15768000.0,0.0,11196068355.992971
C,2963,35,80,0,15768000.0,0.0,11196068355.992971
C,2964,35,80,0,15768000.0,0.0,11196068355.992971
C,2965,35,80,0,15768000.0,0.0,11196068355.992971
C,2966,35,80,0,15768000.0,0.0,11196068355.992971
C,2967,35,80,0,15768000.0,0.0,11196068355.992971
C,2968,35,80,0,15768000.0,0.0,11196068355.992971
C,2969,35,80,0,15768000.0,0.0,11196068355.992971
C,2970,35,80,0,15768000.0,0.0,11196068355.992971
C,2971,35,80,0,15768000.0,0.0,11196068355.992971
C,2972,35,80,0,15768000.0,0.0,11196068355.992971
C,2973,35,80,0,15768000.0,0.0,11196068355.992971
C,2974,35,80,0,15768000.0,0.0,11196068355.992971
C,2975,35,80,0,15768000.0,0.0,11196068355.992971
C,2976,35,80,0,15768000.0,0.0,11196068355.992971
C,2977,35,80,0,15768000.0,0.0,11196068355.992971
C,2978,35,80,0,15768000.0,0.0,11196068355.992971
C,2979,35,80,0,15768000.0,0.0,11196068355.992971
C,2980,35,80,0,15768000.0,0.0,11196068355.992971
C,2981,35,80,0,15768000.0,0.0,11196068355.992971
C,2982,35,80,0,15768000.0,0.0,11196068355.992971
C,2983,35,80,0,15768000.0,0.0,11196068355.992971
C,2984,35,80,0,15768000.0,0.0,11196068355.992971
C,2985,35,80,0,15768000.0,0.0,11196068355.992971
C,2986,35,80,0,15768000.0,0.0,11196068355.992971
C,2987,35,80,0,15768000.0,0.0,11196068355.992971
C,2988,35,80,0,15768000.0,0.0,11196068355.992971
C,2989,35,80,0,15768000.0,0.0,11196068355.992971
C,2990,35,80,0,15768000.0,0.0,11196068355.992971
C,2991,35,80,0,15768000.0,0.0,11196068355.992971
C,2992,35,80,0,15768000.0,0.0,11196068355.992971
C,2993,35,80,0,15768000.0,0.0,11196068355.992971
C,2994,35,80,0,15768000.0,0.0,11196068355.992971
C,2995,35,80,0,15768000.0,0.0,11196068355.992971
C,2996,35,80,0,15768000.0,0.0,11196068355.992971
C,2997,35,80,0,15768000.0,0.0,11196068355.992971
C,2998,35,80,0,15768000.0,0.0,11196068355.992971
C,2999,35,80,0,15768000.0,0.0,11196068355.992971
C,3000,35,80,0,15768000.0,0.0,11196068355.992971
C,3001,35,80,0,15768000.0,0.0,11196068355.992971
C,3002,35,80,0,15768000.0,0.0,11196068355.992971
C,3003,35,80,0,15768000.0,0.0,11196068355.992971
C,3004,35,80,0,15768000.0,0.0,11196068355.992971
C,3005,35,80,0,15768000.0,0.0,11196068355.992971
C,3006,35,80,0,15768000.0,0.0,11196068355.992971
C,3007,35,80,0,15768000.0,0.0,11196068355.992971
C,3008,35,80,0,15768000.0,0.0,11196068355.992971
C,3009,35,80,0,15768000.0,0.0,11196068355.992971
C,3010,35,80,0,15768000.0,0.0,11196068355.992971
C,3011,35,80,0,15768000.0,0.0,11196068355.992971
C,3012,35,80,0,15768000.0,0.0,11196068355.992971
C,3013,35,80,0,15768000.0,0.0,11196068355.992971
C,3014,35,80,0,15768000.0,0.0,11196068355.992971
C,3015,35,80,0,15768000.0,0.0,11196068355.992971
C,3016,35,80,0,15768000.0,0.0,11196068355.992971
C,3017,35,80,0,15768000.0,0.0,11196068355.992971
C,3018,35,80,0,15768000.0,0.0,11196068355.992971
C,3019,35,80,0,15768000.0,0.0,11196068355.992971
C,3020,35,80,0,15768000.0,0.0,11196068355.992971
C,3021,35,80,0,15768000.0,0.0,11196068355.992971
C,3022,35,80,0,15768000.0,0.0,11196068355.992971
C,3023,35,80,0,15768000.0,0.0,11196068355.992971
C,3024,35,80,0,15768000.0,0.0,11196068355.992971
C,3025,35,80,0,15768000.0,0.0,11196068355.992971
C,3026,35,80,0,15768000.0,0.0,11196068355.992971
C,3027,35,80,0,15768000.0,0.0,11196068355.992971
C,3028,35,80,0,15768000.0,0.0,11196068355.992971
C,3029,35,80,0,15768000.0,0.0,11196068355.992971
C,3030,35,80,0,15768000.0,0.0,11196068355.992971
C,3031,35,80,0,15768000.0,0.0,11196068355.992971
C,3032,35,80,0,15768000.0,0.0,11196068355.992971
C,3033,35,80,0,15768000.0,0.0,11196068355.992971
C,3034,35,80,0,15768000.0,0.0,11196068355.992971
C,3035,35,80,0,15768000.0,0.0,11196068355.992971
C,3036,35,80,0,15768000.0,0.0,11196068355.992971
C,3037,35,80,0,15768000.0,0.0,11196068355.992971
C,3038,35,80,0,15768000.0,0.0,11196068355.992971
C,3039,35,80,0,15768000.0,0.0,11196068355.992971
C,3040,35,80,0,15768000.0,0.0,11196068355.992971
C,3041,35,80,0,15768000.0,0.0,11196068355.992971
C,3042,35,80,0,15768000.0,0.0,11196068355.992971
C,3043,35,80,0,15768000.0,0.0,11196068355.992971
C,3044,35,80,0,15768000.0,0.0,11196068355.992971
C,3045,35,80,0,15768000.0,0.0,11196068355.992971
C,3046,35,80,0,15768000.0,0.0,11196068355.992971
C,3047,35,80,0,15768000.0,0.0,11196068355.992971
C,3048,35,80,0,15768000.0,0.0,11196068355.992971
C,3049,35,80,0,15768000.0,0.0,11196068355.992971
C,3050,35,80,0,15768000.0,0.0,11196068355.992971
C,3051,35,80,0,15768000.0,0.0,11196068355.992971
C,3052,35,80,0,15768000.0,0.0,11196068355.992971
C,3053,35,80,0,15768000.0,0.0,11196068355.992971
C,3054,35,80,0,15768000.0,0.0,11196068355.992971
C,3055,35,80,0,15768000.0,0.0,11196068355.992971
C,3056,35,80,0,15768000.0,0.0,11196068355.992971
C,3057,35,80,0,15768000.0,0.0,11196068355.992971
C,3058,35,80,0,15768000.0,0.0,11196068355.992971
C,3059,35,80,0,15768000.0,0.0,11196068355.992971
C,3060,35,80,0,15768000.0,0.0,11196068355.992971
C,3061,35,80,0,15768000.0,0.0,11196068355.992971
C,3062,35,80,0,15768000.0,0.0,11196068355.992971
C,3063,35,80,0,15768000.0,0.0,11196068355.992971
C,3064,35,80,0,15768000.0,0.0,11196068355.992971
C,3065,35,80,0,15768000.0,0.0,11196068355.992971
C,3066,35,80,0,15768000.0,0.0,11196068355.992971
C,3067,35,80,0,15768000.0,0.0,11196068355.992971
C,3068,35,80,0,15768000.0,0.0,11196068355.992971
C,3069,35,80,0,15768000.0,0.0,11196068355.992971
C,3070,35,80,0,15768000.0,0.0,11196068355.992971
C,3071,35,80,0,15768000.0,0.0,11196068355.992971
C,3072,35,80,0,15768000.0,0.0,11196068355.992971
C,3073,35,80,0,15768000.0,0.0,11196068355.992971
C,3074,35,80,0,15768000.0,0.0,11196068355.992971
C,3075,35,80,0,15768000.0,0.0,11196068355.992971
C,3076,35,80,0,15768000.0,0.0,11196068355.992971
C,3077,35,80,0,15768000.0,0.0,11196068355.992971
C,3078,35,80,0,15768000.0,0.0,11196068355.992971
C,3079,35,80,0,15768000.0,0.0,11196068355.992971
C,3080,35,80,0,15768000.0,0.0,11196068355.992971
C,3081,35,80,0,15768000.0,0.0,11196068355.992971
C,3082,35,80,0,15768000.0,0.0,11196068355.992971
C,3083,35,80,0,15768000.0,0.0,11196068355.992971
C,3084,35,80,0,15768000.0,0.0,11196068355.992971
C,3085,35,80,0,15768000.0,0.0,11196068355.992971
C,3086,35,80,0,15768000.0,0.0,11196068355.992971
C,3087,35,80,0,15768000.0,0.0,11196068355.992971
C,3088,35,80,0,15768000.0,0.0,11196068355.992971
C,3089,35,80,0,15768000.0,0.0,11196068355.992971
C,3090,35,80,0,15768000.0,0.0,11196068355.992971
C,3091,35,80,0,15768000.0,0.0,11196068355.992971
C,3092,35,80,0,15768000.0,0.0,11196068355.992971
C,3093,35,80,0,15768000.0,0.0,11196068355.992971
C,3094,35,80,0,15768000.0,0.0,11196068355.992971
C,3095,35,80,0,15768000.0,0.0,11196068355.992971
C,3096,35,80,0,15768000.0,0.0,11196068355.992971
C,3097,35,80,0,15768000.0,0.0,11196068355.992971
C,3098,35,80,0,15768000.0,0.0,11196068355.992971
C,3099,35,80,0,15768000.0,0.0,11196068355.992971
C,3100,35,80,0,15768000.0,0.0,11196068355.992971
C,3101,35,80,0,15768000.0,0.0,11196068355.992971
C,3102,35,80,0,15768000.0,0.0,11196068355.992971
C,3103,35,80,0,15768000.0,0.0,11196068355.992971
C,3104,35,80,0,15768000.0,0.0,11196068355.992971
C,3105,35,80,0,15768000.0,0.0,11196068355.992971
C,3106,35,80,0,15768000.0,0.0,11196068355.992971
C,3107,35,80,0,15768000.0,0.0,11196068355.992971
C,3108,35,80,0,15768000.0,0.0,11196068355.992971
C,3109,35,80,0,15768000.0,0.0,11196068355.992971
C,3110,35,80,0,15768000.0,0.0,11196068355.992971
C,3111,35,80,0,15768000.0,0.0,11196068355.992971
C,3112,35,80,0,15768000.0,0.0,11196068355.992971
C,3113,35,80,0,15768000.0,0.0,11196068355.992971
C,3114,35,80,0,15768000.0,0.0,11196068355.992971
C,3115,35,80,0,15768000.0,0.0,11196068355.992971
C,3116,35,80,0,15768000.0,0.0,11196068355.992971
C,3117,35,80,0,15768000.0,0.0,11196068355.992971
C,3118,35,80,0,15768000.0,0.0,11196068355.992971
C,3119,35,80,0,15768000.0,0.0,11196068355.992971
C,3120,35,80,0,15768000.0,0.0,11196068355.992971
C,3121,35,80,0,15768000.0,0.0,11196068355.992971
C,3122,35,80,0,15768000.0,0.0,11196068355.992971
C,3123,35,80,0,15768000.0,0.0,11196068355.992971
C,3124,35,80,0,15768000.0,0.0,11196068355.992971
C,3125,35,80,0,15768000.0,0.0,11196068355.992971
C,3126,35,80,0,15768000.0,0.0,11196068355.992971
C,3127,35,80,0,15768000.0,0.0,11196068355.992971
C,3128,35,80,0,15768000.0,0.0,11196068355.992971
C,3129,35,80,0,15768000.0,0.0,11196068355.992971
C,3130,35,80,0,15768000.0,0.0,11196068355.992971
C,3131,35,80,0,15768000.0,0.0,11196068355.992971
C,3132,35,80,0,15768000.0,0.0,11196068355.992971
C,3133,35,80,0,15768000.0,0.0,11196068355.992971
C,3134,35,80,0,15768000.0,0.0,11196068355.992971
C,3135,35,80,0,15768000.0,0.0,11196068355.992971
C,3136,35,80,0,15768000.0,0.0,11196068355.992971
C,3137,35,80,0,15768000.0,0.0,11196068355.992971
C,3138,35,80,0,15768000.0,0.0,11196068355.992971
C,3139,35,80,0,15768000.0,0.0,11196068355.992971
C,3140,35,80,0,15768000.0,0.0,11196068355.992971
C,3141,35,80,0,15768000.0,0.0,11196068355.992971
C,3142,35,80,0,15768000.0,0.0,11196068355.992971
C,3143,35,80,0,15768000.0,0.0,11196068355.992971
C,3144,35,80,0,15768000.0,0.0,11196068355.992971
C,3145,35,80,0,15768000.0,0.0,11196068355.992971
C,3146,35,80,0,15768000.0,0.0,11196068355.992971
C,3147,35,80,0,15768000.0,0.0,11196068355.992971
C,3148,35,80,0,15768000.0,0.0,11196068355.992971
C,3149,35,80,0,15768000.0,0.0,11196068355.992971
C,3150,35,80,0,15768000.0,0.0,11196068355.992971
C,3151,35,80,0,15768000.0,0.0,11196068355.992971
C,3152,35,80,0,15768000.0,0.0,11196068355.992971
C,3153,35,80,0,15768000.0,0.0,11196068355.992971
C,3154,35,80,0,15768000.0,0.0,11196068355.992971
C,3155,35,80,0,15768000.0,0.0,11196068355.992971
C,3156,35,80,0,15768000.0,0.0,11196068355.992971
C,3157,35,80,0,15768000.0,0.0,11196068355.992971
C,3158,35,80,0,15768000.0,0.0,11196068355.992971
C,3159,35,80,0,15768000.0,0.0,11196068355.992971
C,3160,35,80,0,15768000.0,0.0,11196068355.992971
C,3161,35,80,0,15768000.0,0.0,11196068355.992971
C,3162,35,80,0,15768000.0,0.0,11196068355.992971
C,3163,35,80,0,15768000.0,0.0,11196068355.992971
C,3164,35,80,0,15768000.0,0.0,11196068355.992971
C,3165,35,80,0,15768000.0,0.0,11196068355.992971
C,3166,35,80,0,15768000.0,0.0,11196068355.992971
C,3167,35,80,0,15768000.0,0.0,11196068355.992971
C,3168,35,80,0,15768000.0,0.0,11196068355.992971
C,3169,35,80,0,15768000.0,0.0,11196068355.992971
C,3170,35,80,0,15768000.0,0.0,11196068355.992971
C,3171,35,80,0,15768000.0,0.0,11196068355.992971
C,3172,35,80,0,15768000.0,0.0,11196068355.992971
C,3173,35,80,0,15768000.0,0.0,11196068355.992971
C,3174,35,80,0,15768000.0,0.0,11196068355.992971
C,3175,35,80,0,15768000.0,0.0,11196068355.992971
C,3176,35,80,0,15768000.0,0.0,11196068355.992971
C,3177,35,80,0,15768000.0,0.0,11196068355.992971
C,3178,35,80,0,15768000.0,0.0,11196068355.992971
C,3179,35,80,0,15768000.0,0.0,11196068355.992971
C,3180,35,80,0,15768000.0,0.0,11196068355.992971
C,3181,35,80,0,15768000.0,0.0,11196068355.992971
C,3182,35,80,0,15768000.0,0.0,11196068355.992971
C,3183,35,80,0,15768000.0,0.0,11196068355.992971
C,3184,35,80,0,15768000.0,0.0,11196068355.992971
C,3185,35,80,0,15768000.0,0.0,11196068355.992971
C,3186,35,80,0,15768000.0,0.0,11196068355.992971
C,3187,35,80,0,15768000.0,0.0,11196068355.992971
C,3188,35,80,0,15768000.0,0.0,11196068355.992971
C,3189,35,80,0,15768000.0,0.0,11196068355.992971
C,3190,35,80,0,15768000.0,0.0,11196068355.992971
C,3191,35,80,0,15768000.0,0.0,11196068355.992971
C,3192,35,80,0,15768000.0,0.0,11196068355.992971
C,3193,35,80,0,15768000.0,0.0,11196068355.992971
C,3194,35,80,0,15768000.0,0.0,11196068355.992971
C,3195,35,80,0,15768000.0,0.0,11196068355.992971
C,3196,35,80,0,15768000.0,0.0,11196068355.992971
C,3197,35,80,0,15768000.0,0.0,11196068355.992971
C,3198,35,80,0,15768000.0,0.0,11196068355.992971
C,3199,35,80,0,15768000.0,0.0,11196068355.992971
C,3200,35,80,0,15768000.0,0.0,11196068355.992971
C,3201,35,80,0,15768000.0,0.0,11196068355.992971
C,3202,35,80,0,15768000.0,0.0,11196068355.992971
C,3203,35,80,0,15768000.0,0.0,11196068355.992971
C,3204,35,80,0,15768000.0,0.0,11196068355.992971
C,3205,35,80,0,15768000.0,0.0,11196068355.992971
C,3206,35,80,0,15768000.0,0.0,11196068355.992971
C,3207,35,80,0,15768000.0,0.0,11196068355.992971
C,3208,35,80,0,15768000.0,0.0,11196068355.992971
C,3209,35,80,0,15768000.0,0.0,11196068355.992971
C,3210,35,80,0,15768000.0,0.0,11196068355.992971
C,3211,35,80,0,15768000.0,0.0,11196068355.992971
C,3212,35,80,0,15768000.0,0.0,11196068355.992971
C,3213,35,80,0,15768000.0,0.0,11196068355.992971
C,3214,35,80,0,15768000.0,0.0,11196068355.992971
C,3215,35,80,0,15768000.0,0.0,11196068355.992971
C,3216,35,80,0,15768000.0,0.0,11196068355.992971
C,3217,35,80,0,15768000.0,0.0,11196068355.992971
C,3218,35,80,0,15768000.0,0.0,11196068355.992971
C,3219,35,80,0,15768000.0,0.0,11196068355.992971
C,3220,35,80,0,15768000.0,0.0,11196068355.992971
C,3221,35,80,0,15768000.0,0.0,11196068355.992971
C,3222,35,80,0,15768000.0,0.0,11196068355.992971
C,3223,35,80,0,15768000.0,0.0,11196068355.992971
C,3224,35,80,0,15768000.0,0.0,11196068355.992971
C,3225,35,80,0,15768000.0,0.0,11196068355.992971
C,3226,35,80,0,15768000.0,0.0,11196068355.992971
C,3227,35,80,0,15768000.0,0.0,11196068355.992971
C,3228,35,80,0,15768000.0,0.0,11196068355.992971
C,3229,35,80,0,15768000.0,0.0,11196068355.992971
C,3230,35,80,0,15768000.0,0.0,11196068355.992971
C,3231,35,80,0,15768000.0,0.0,11196068355.992971
C,3232,35,80,0,15768000.0,0.0,11196068355.992971
C,3233,35,80,0,15768000.0,0.0,11196068355.992971
C,3234,35,80,0,15768000.0,0.0,11196068355.992971
C,3235,35,80,0,15768000.0,0.0,11196068355.992971
C,3236,35,80,0,15768000.0,0.0,11196068355.992971
C,3237,35,80,0,15768000.0,0.0,11196068355.992971
C,3238,35,80,0,15768000.0,0.0,11196068355.992971
C,3239,35,80,0,15768000.0,0.0,11196068355.992971
C,3240,35,80,0,15768000.0,0.0,11196068355.992971
C,3241,35,80,0,15768000.0,0.0,11196068355.992971
C,3242,35,80,0,15768000.0,0.0,11196068355.992971
C,3243,35,80,0,15768000.0,0.0,11196068355.992971
C,3244,35,80,0,15768000.0,0.0,11196068355.992971
C,3245,35,80,0,15768000.0,0.0,11196068355.992971
C,3246,35,80,0,15768000.0,0.0,11196068355.992971
C,3247,35,80,0,15768000.0,0.0,11196068355.992971
C,3248,35,80,0,15768000.0,0.0,11196068355.992971
C,3249,35,80,0,15768000.0,0.0,11196068355.992971
C,3250,35,80,0,15768000.0,0.0,11196068355.992971
C,3251,35,80,0,15768000.0,0.0,11196068355.992971
C,3252,35,80,0,15768000.0,0.0,11196068355.992971
C,3253,35,80,0,15768000.0,0.0,11196068355.992971
C,3254,35,80,0,15768000.0,0.0,11196068355.992971
C,3255,35,80,0,15768000.0,0.0,11196068355.992971
C,3256,35,80,0,15768000.0,0.0,11196068355.992971
C,3257,35,80,0,15768000.0,0.0,11196068355.992971
C,3258,35,80,0,15768000.0,0.0,11196068355.992971
C,3259,35,80,0,15768000.0,0.0,11196068355.992971
C,3260,35,80,0,15768000.0,0.0,11196068355.992971
C,3261,35,80,0,15768000.0,0.0,11196068355.992971
C,3262,35,80,0,15768000.0,0.0,11196068355.992971
C,3263,35,80,0,15768000.0,0.0,11196068355.992971
C,3264,35,80,0,15768000.0,0.0,11196068355.992971
C,3265,35,80,0,15768000.0,0.0,11196068355.992971
C,3266,35,80,0,15768000.0,0.0,11196068355.992971
C,3267,35,80,0,15768000.0,0.0,11196068355.992971
C,3268,35,80,0,15768000.0,0.0,11196068355.992971
C,3269,35,80,0,15768000.0,0.0,11196068355.992971
C,3270,35,80,0,15768000.0,0.0,11196068355.992971
C,3271,35,80,0,15768000.0,0.0,11196068355.992971
C,3272,35,80,0,15768000.0,0.0,11196068355.992971
C,3273,35,80,0,15768000.0,0.0,11196068355.992971
C,3274,35,80,0,15768000.0,0.0,11196068355.992971
C,3275,35,80,0,15768000.0,0.0,11196068355.992971
C,3276,35,80,0,15768000.0,0.0,11196068355.992971
C,3277,35,80,0,15768000.0,0.0,11196068355.992971
C,3278,35,80,0,15768000.0,0.0,11196068355.992971
C,3279,35,80,0,15768000.0,0.0,11196068355.992971
C,3280,35,80,0,15768000.0,0.0,11196068355.992971
C,3281,35,80,0,15768000.0,0.0,11196068355.992971
C,3282,35,80,0,15768000.0,0.0,11196068355.992971
C,3283,35,80,0,15768000.0,0.0,11196068355.992971
C,3284,35,80,0,15768000.0,0.0,11196068355.992971
C,3285,35,80,0,15768000.0,0.0,11196068355.992971
C,3286,35,80,0,15768000.0,0.0,11196068355.992971
C,3287,35,80,0,15768000.0,0.0,11196068355.992971
C,3288,35,80,0,15768000.0,0.0,11196068355.992971
C,3289,35,80,0,15768000.0,0.0,11196068355.992971
C,3290,35,80,0,15768000.0,0.0,11196068355.992971
C,3291,35,80,0,15768000.0,0.0,11196068355.992971
C,3292,35,80,0,15768000.0,0.0,11196068355.992971
C,3293,35,80,0,15768000.0,0.0,11196068355.992971
C,3294,35,80,0,15768000.0,0.0,11196068355.992971
C,3295,35,80,0,15768000.0,0.0,11196068355.992971
C,3296,35,80,0,15768000.0,0.0,11196068355.992971
C,3297,35,80,0,15768000.0,0.0,11196068355.992971
C,3298,35,80,0,15768000.0,0.0,11196068355.992971
C,3299,35,80,0,15768000.0,0.0,11196068355.992971
C,3300,35,80,0,15768000.0,0.0,11196068355.992971
C,3301,35,80,0,15768000.0,0.0,11196068355.992971
C,3302,35,80,0,15768000.0,0.0,11196068355.992971
C,3303,35,80,0,15768000.0,0.0,11196068355.992971
C,3304,35,80,0,15768000.0,0.0,11196068355.992971
C,3305,35,80,0,15768000.0,0.0,11196068355.992971
C,3306,35,80,0,15768000.0,0.0,11196068355.992971
C,3307,35,80,0,15768000.0,0.0,11196068355.992971
C,3308,35,80,0,15768000.0,0.0,11196068355.992971
C,3309,35,80,0,15768000.0,0.0,11196068355.992971
C,3310,35,80,0,15768000.0,0.0,11196068355.992971
C,3311,35,80,0,15768000.0,0.0,11196068355.992971
C,3312,35,80,0,15768000.0,0.0,11196068355.992971
C,3313,35,80,0,15768000.0,0.0,11196068355.992971
C,3314,35,80,0,15768000.0,0.0,11196068355.992971
C,3315,35,80,0,15768000.0,0.0,11196068355.992971
C,3316,35,80,0,15768000.0,0.0,11196068355.992971
C,3317,35,80,0,15768000.0,0.0,11196068355.992971
C,3318,35,80,0,15768000.0,0.0,11196068355.992971
C,3319,35,80,0,15768000.0,0.0,11196068355.992971
C,3320,35,80,0,15768000.0,0.0,11196068355.992971
C,3321,35,80,0,15768000.0,0.0,11196068355.992971
C,3322,35,80,0,15768000.0,0.0,11196068355.992971
C,3323,35,80,0,15768000.0,0.0,11196068355.992971
C,3324,35,80,0,15768000.0,0.0,11196068355.992971
C,3325,35,80,0,15768000.0,0.0,11196068355.992971
C,3326,35,80,0,15768000.0,0.0,11196068355.992971
C,3327,35,80,0,15768000.0,0.0,11196068355.992971
C,3328,35,80,0,15768000.0,0.0,11196068355.992971
C,3329,35,80,0,15768000.0,0.0,11196068355.992971
C,3330,35,80,0,15768000.0,0.0,11196068355.992971
C,3331,35,80,0,15768000.0,0.0,11196068355.992971
C,3332,35,80,0,15768000.0,0.0,11196068355.992971
C,3333,35,80,0,15768000.0,0.0,11196068355.992971
C,3334,35,80,0,15768000.0,0.0,11196068355.992971
C,3335,35,80,0,15768000.0,0.0,11196068355.992971
C,3336,35,80,0,15768000.0,0.0,11196068355.992971
C,3337,35,80,0,15768000.0,0.0,11196068355.992971
C,3338,35,80,0,15768000.0,0.0,11196068355.992971
C,3339,35,80,0,15768000.0,0.0,11196068355.992971
C,3340,35,80,0,15768000.0,0.0,11196068355.992971
C,3341,35,80,0,15768000.0,0.0,11196068355.992971
C,3342,35,80,0,15768000.0,0.0,11196068355.992971
C,3343,35,80,0,15768000.0,0.0,11196068355.992971
C,3344,35,80,0,15768000.0,0.0,11196068355.992971
C,3345,35,80,0,15768000.0,0.0,11196068355.992971
C,3346,35,80,0,15768000.0,0.0,11196068355.992971
C,3347,35,80,0,15768000.0,0.0,11196068355.992971
C,3348,35,80,0,15768000.0,0.0,11196068355.992971
C,3349,35,80,0,15768000.0,0.0,11196068355.992971
C,3350,35,80,0,15768000.0,0.0,11196068355.992971
C,3351,35,80,0,15768000.0,0.0,11196068355.992971
C,3352,35,80,0,15768000.0,0.0,11196068355.992971
C,3353,35,80,0,15768000.0,0.0,11196068355.992971
C,3354,35,80,0,15768000.0,0.0,11196068355.992971
C,3355,35,80,0,15768000.0,0.0,11196068355.992971
C,3356,35,80,0,15768000.0,0.0,11196068355.992971
C,3357,35,80,0,15768000.0,0.0,11196068355.992971
C,3358,35,80,0,15768000.0,0.0,11196068355.992971
C,3359,35,80,0,15768000.0,0.0,11196068355.992971
C,3360,35,80,0,15768000.0,0.0,11196068355.992971
C,3361,35,80,0,15768000.0,0.0,11196068355.992971
C,3362,35,80,0,15768000.0,0.0,11196068355.992971
C,3363,35,80,0,15768000.0,0.0,11196068355.992971
C,3364,35,80,0,15768000.0,0.0,11196068355.992971
C,3365,35,80,0,15768000.0,0.0,11196068355.992971
C,3366,35,80,0,15768000.0,0.0,11196068355.992971
C,3367,35,80,0,15768000.0,0.0,11196068355.992971
C,3368,35,80,0,15768000.0,0.0,11196068355.992971
C,3369,35,80,0,15768000.0,0.0,11196068355.992971
C,3370,35,80,0,15768000.0,0.0,11196068355.992971
C,3371,35,80,0,15768000.0,0.0,11196068355.992971
C,3372,35,80,0,15768000.0,0.0,11196068355.992971
C,3373,35,80,0,15768000.0,0.0,11196068355.992971
C,3374,35,80,0,15768000.0,0.0,11196068355.992971
C,3375,35,80,0,15768000.0,0.0,11196068355.992971
C,3376,35,80,0,15768000.0,0.0,11196068355.992971
C,3377,35,80,0,15768000.0,0.0,11196068355.992971
C,3378,35,80,0,15768000.0,0.0,11196068355.992971
C,3379,35,80,0,15768000.0,0.0,11196068355.992971
C,3380,35,80,0,15768000.0,0.0,11196068355.992971
C,3381,35,80,0,15768000.0,0.0,11196068355.992971
C,3382,35,80,0,15768000.0,0.0,11196068355.992971
C,3383,35,80,0,15768000.0,0.0,11196068355.992971
C,3384,35,80,0,15768000.0,0.0,11196068355.992971
C,3385,35,80,0,15768000.0,0.0,11196068355.992971
C,3386,35,80,0,15768000.0,0.0,11196068355.992971
C,3387,35,80,0,15768000.0,0.0,11196068355.992971
C,3388,35,80,0,15768000.0,0.0,11196068355.992971
C,3389,35,80,0,15768000.0,0.0,11196068355.992971
C,3390,35,80,0,15768000.0,0.0,11196068355.992971
C,3391,35,80,0,15768000.0,0.0,11196068355.992971
C,3392,35,80,0,15768000.0,0.0,11196068355.992971
C,3393,35,80,0,15768000.0,0.0,11196068355.992971
C,3394,35,80,0,15768000.0,0.0,11196068355.992971
C,3395,35,80,0,15768000.0,0.0,11196068355.992971
C,3396,35,80,0,15768000.0,0.0,11196068355.992971
C,3397,35,80,0,15768000.0,0.0,11196068355.992971
C,3398,35,80,0,15768000.0,0.0,11196068355.992971
C,3399,35,80,0,15768000.0,0.0,11196068355.992971
C,3400,35,80,0,15768000.0,0.0,11196068355.992971
C,3401,35,80,0,15768000.0,0.0,11196068355.992971
C,3402,35,80,0,15768000.0,0.0,11196068355.992971
C,3403,35,80,0,15768000.0,0.0,11196068355.992971
C,3404,35,80,0,15768000.0,0.0,11196068355.992971
C,3405,35,80,0,15768000.0,0.0,11196068355.992971
C,3406,35,80,0,15768000.0,0.0,11196068355.992971
C,3407,35,80,0,15768000.0,0.0,11196068355.992971
C,3408,35,80,0,15768000.0,0.0,11196068355.992971
C,3409,35,80,0,15768000.0,0.0,11196068355.992971
C,3410,35,80,0,15768000.0,0.0,11196068355.992971
C,3411,35,80,0,15768000.0,0.0,11196068355.992971
C,3412,35,80,0,15768000.0,0.0,11196068355.992971
C,3413,35,80,0,15768000.0,0.0,11196068355.992971
C,3414,35,80,0,15768000.0,0.0,11196068355.992971
C,3415,35,80,0,15768000.0,0.0,11196068355.992971
C,3416,35,80,0,15768000.0,0.0,11196068355.992971
C,3417,35,80,0,15768000.0,0.0,11196068355.992971
C,3418,35,80,0,15768000.0,0.0,11196068355.992971
C,3419,35,80,0,15768000.0,0.0,11196068355.992971
C,3420,35,80,0,15768000.0,0.0,11196068355.992971
C,3421,35,80,0,15768000.0,0.0,11196068355.992971
C,3422,35,80,0,15768000.0,0.0,11196068355.992971
C,3423,35,80,0,15768000.0,0.0,11196068355.992971
C,3424,35,80,0,15768000.0,0.0,11196068355.992971
C,3425,35,80,0,15768000.0,0.0,11196068355.992971
C,3426,35,80,0,15768000.0,0.0,11196068355.992971
C,3427,35,80,0,15768000.0,0.0,11196068355.992971
C,3428,35,80,0,15768000.0,0.0,11196068355.992971
C,3429,35,80,0,15768000.0,0.0,11196068355.992971
C,3430,35,80,0,15768000.0,0.0,11196068355.992971
C,3431,35,80,0,15768000.0,0.0,11196068355.992971
C,3432,35,80,0,15768000.0,0.0,11196068355.992971
C,3433,35,80,0,15768000.0,0.0,11196068355.992971
C,3434,35,80,0,15768000.0,0.0,11196068355.992971
C,3435,35,80,0,15768000.0,0.0,11196068355.992971
C,3436,35,80,0,15768000.0,0.0,11196068355.992971
C,3437,35,80,0,15768000.0,0.0,11196068355.992971
C,3438,35,80,0,15768000.0,0.0,11196068355.992971
C,3439,35,80,0,15768000.0,0.0,11196068355.992971
C,3440,35,80,0,15768000.0,0.0,11196068355.992971
C,3441,35,80,0,15768000.0,0.0,11196068355.992971
C,3442,35,80,0,15768000.0,0.0,11196068355.992971
C,3443,35,80,0,15768000.0,0.0,11196068355.992971
C,3444,35,80,0,15768000.0,0.0,11196068355.992971
C,3445,35,80,0,15768000.0,0.0,11196068355.992971
C,3446,35,80,0,15768000.0,0.0,11196068355.992971
C,3447,35,80,0,15768000.0,0.0,11196068355.992971
C,3448,35,80,0,15768000.0,0.0,11196068355.992971
C,3449,35,80,0,15768000.0,0.0,11196068355.992971
C,3450,35,80,0,15768000.0,0.0,11196068355.992971
C,3451,35,80,0,15768000.0,0.0,11196068355.992971
C,3452,35,80,0,15768000.0,0.0,11196068355.992971
C,3453,35,80,0,15768000.0,0.0,11196068355.992971
C,3454,35,80,0,15768000.0,0.0,11196068355.992971
C,3455,35,80,0,15768000.0,0.0,11196068355.992971
C,3456,35,80,0,15768000.0,0.0,11196068355.992971
C,3457,35,80,0,15768000.0,0.0,11196068355.992971
C,3458,35,80,0,15768000.0,0.0,11196068355.992971
C,3459,35,80,0,15768000.0,0.0,11196068355.992971
C,3460,35,80,0,15768000.0,0.0,11196068355.992971
C,3461,35,80,0,15768000.0,0.0,11196068355.992971
C,3462,35,80,0,15768000.0,0.0,11196068355.992971
C,3463,35,80,0,15768000.0,0.0,11196068355.992971
C,3464,35,80,0,15768000.0,0.0,11196068355.992971
C,3465,35,80,0,15768000.0,0.0,11196068355.992971
C,3466,35,80,0,15768000.0,0.0,11196068355.992971
C,3467,35,80,0,15768000.0,0.0,11196068355.992971
C,3468,35,80,0,15768000.0,0.0,11196068355.992971
C,3469,35,80,0,15768000.0,0.0,11196068355.992971
C,3470,35,80,0,15768000.0,0.0,11196068355.992971
C,3471,35,80,0,15768000.0,0.0,11196068355.992971
C,3472,35,80,0,15768000.0,0.0,11196068355.992971
C,3473,35,80,0,15768000.0,0.0,11196068355.992971
C,3474,35,80,0,15768000.0,0.0,11196068355.992971
C,3475,35,80,0,15768000.0,0.0,11196068355.992971
C,3476,35,80,0,15768000.0,0.0,11196068355.992971
C,3477,35,80,0,15768000.0,0.0,11196068355.992971
C,3478,35,80,0,15768000.0,0.0,11196068355.992971
C,3479,35,80,0,15768000.0,0.0,11196068355.992971
C,3480,35,80,0,15768000.0,0.0,11196068355.992971
C,3481,35,80,0,15768000.0,0.0,11196068355.992971
C,3482,35,80,0,15768000.0,0.0,11196068355.992971
C,3483,35,80,0,15768000.0,0.0,11196068355.992971
C,3484,35,80,0,15768000.0,0.0,11196068355.992971
C,3485,35,80,0,15768000.0,0.0,11196068355.992971
C,3486,35,80,0,15768000.0,0.0,11196068355.992971
C,3487,35,80,0,15768000.0,0.0,11196068355.992971
C,3488,35,80,0,15768000.0,0.0,11196068355.992971
C,3489,35,80,0,15768000.0,0.0,11196068355.992971
C,3490,35,80,0,15768000.0,0.0,11196068355.992971
C,3491,35,80,0,15768000.0,0.0,11196068355.992971
C,3492,35,80,0,15768000.0,0.0,11196068355.992971
C,3493,35,80,0,15768000.0,0.0,11196068355.992971
C,3494,35,80,0,15768000.0,0.0,11196068355.992971
C,3495,35,80,0,15768000.0,0.0,11196068355.992971
C,3496,35,80,0,15768000.0,0.0,11196068355.992971
C,3497,35,80,0,15768000.0,0.0,11196068355.992971
C,3498,35,80,0,15768000.0,0.0,11196068355.992971
C,3499,35,80,0,15768000.0,0.0,11196068355.992971
C,3500,35,80,0,15768000.0,0.0,11196068355.992971
C,3501,35,80,0,15768000.0,0.0,11196068355.992971
C,3502,35,80,0,15768000.0,0.0,11196068355.992971
C,3503,35,80,0,15768000.0,0.0,11196068355.992971
C,3504,35,80,0,15768000.0,0.0,11196068355.992971
C,3505,35,80,0,15768000.0,0.0,11196068355.992971
C,3506,35,80,0,15768000.0,0.0,11196068355.992971
C,3507,35,80,0,15768000.0,0.0,11196068355.992971
C,3508,35,80,0,15768000.0,0.0,11196068355.992971
C,3509,35,80,0,15768000.0,0.0,11196068355.992971
C,3510,35,80,0,15768000.0,0.0,11196068355.992971
C,3511,35,80,0,15768000.0,0.0,11196068355.992971
C,3512,35,80,0,15768000.0,0.0,11196068355.992971
C,3513,35,80,0,15768000.0,0.0,11196068355.992971
C,3514,35,80,0,15768000.0,0.0,11196068355.992971
C,3515,35,80,0,15768000.0,0.0,11196068355.992971
C,3516,35,80,0,15768000.0,0.0,11196068355.992971
C,3517,35,80,0,15768000.0,0.0,11196068355.992971
C,3518,35,80,0,15768000.0,0.0,11196068355.992971
C,3519,35,80,0,15768000.0,0.0,11196068355.992971
C,3520,35,80,0,15768000.0,0.0,11196068355.992971
C,3521,35,80,0,15768000.0,0.0,11196068355.992971
C,3522,35,80,0,15768000.0,0.0,11196068355.992971
C,3523,35,80,0,15768000.0,0.0,11196068355.992971
C,3524,35,80,0,15768000.0,0.0,11196068355.992971
C,3525,35,80,0,15768000.0,0.0,11196068355.992971
C,3526,35,80,0,15768000.0,0.0,11196068355.992971
C,3527,35,80,0,15768000.0,0.0,11196068355.992971
C,3528,35,80,0,15768000.0,0.0,11196068355.992971
C,3529,35,80,0,15768000.0,0.0,11196068355.992971
C,3530,35,80,0,15768000.0,0.0,11196068355.992971
C,3531,35,80,0,15768000.0,0.0,11196068355.992971
C,3532,35,80,0,15768000.0,0.0,11196068355.992971
C,3533,35,80,0,15768000.0,0.0,11196068355.992971
C,3534,35,80,0,15768000.0,0.0,11196068355.992971
C,3535,35,80,0,15768000.0,0.0,11196068355.992971
C,3536,35,80,0,15768000.0,0.0,11196068355.992971
C,3537,35,80,0,15768000.0,0.0,11196068355.992971
C,3538,35,80,0,15768000.0,0.0,11196068355.992971
C,3539,35,80,0,15768000.0,0.0,11196068355.992971
C,3540,35,80,0,15768000.0,0.0,11196068355.992971
C,3541,35,80,0,15768000.0,0.0,11196068355.992971
C,3542,35,80,0,15768000.0,0.0,11196068355.992971
C,3543,35,80,0,15768000.0,0.0,11196068355.992971
C,3544,35,80,0,15768000.0,0.0,11196068355.992971
C,3545,35,80,0,15768000.0,0.0,11196068355.992971
C,3546,35,80,0,15768000.0,0.0,11196068355.992971
C,3547,35,80,0,15768000.0,0.0,11196068355.992971
C,3548,35,80,0,15768000.0,0.0,11196068355.992971
C,3549,35,80,0,15768000.0,0.0,11196068355.992971
C,3550,35,80,0,15768000.0,0.0,11196068355.992971
C,3551,35,80,0,15768000.0,0.0,11196068355.992971
C,3552,35,80,0,15768000.0,0.0,11196068355.992971
C,3553,35,80,0,15768000.0,0.0,11196068355.992971
C,3554,35,80,0,15768000.0,0.0,11196068355.992971
C,3555,35,80,0,15768000.0,0.0,11196068355.992971
C,3556,35,80,0,15768000.0,0.0,11196068355.992971
C,3557,35,80,0,15768000.0,0.0,11196068355.992971
C,3558,35,80,0,15768000.0,0.0,11196068355.992971
C,3559,35,80,0,15768000.0,0.0,11196068355.992971
C,3560,35,80,0,15768000.0,0.0,11196068355.992971
C,3561,35,80,0,15768000.0,0.0,11196068355.992971
C,3562,35,80,0,15768000.0,0.0,11196068355.992971
C,3563,35,80,0,15768000.0,0.0,11196068355.992971
C,3564,35,80,0,15768000.0,0.0,11196068355.992971
C,3565,35,80,0,15768000.0,0.0,11196068355.992971
C,3566,35,80,0,15768000.0,0.0,11196068355.992971
C,3567,35,80,0,15768000.0,0.0,11196068355.992971
C,3568,35,80,0,15768000.0,0.0,11196068355.992971
C,3569,35,80,0,15768000.0,0.0,11196068355.992971
C,3570,35,80,0,15768000.0,0.0,11196068355.992971
C,3571,35,80,0,15768000.0,0.0,11196068355.992971
C,3572,35,80,0,15768000.0,0.0,11196068355.992971
C,3573,35,80,0,15768000.0,0.0,11196068355.992971
C,3574,35,80,0,15768000.0,0.0,11196068355.992971
C,3575,35,80,0,15768000.0,0.0,11196068355.992971
C,3576,35,80,0,15768000.0,0.0,11196068355.992971
C,3577,35,80,0,15768000.0,0.0,11196068355.992971
C,3578,35,80,0,15768000.0,0.0,11196068355.992971
C,3579,35,80,0,15768000.0,0.0,11196068355.992971
C,3580,35,80,0,15768000.0,0.0,11196068355.992971
C,3581,35,80,0,15768000.0,0.0,11196068355.992971
C,3582,35,80,0,15768000.0,0.0,11196068355.992971
C,3583,35,80,0,15768000.0,0.0,11196068355.992971
C,3584,35,80,0,15768000.0,0.0,11196068355.992971
C,3585,35,80,0,15768000.0,0.0,11196068355.992971
C,3586,35,80,0,15768000.0,0.0,11196068355.992971
C,3587,35,80,0,15768000.0,0.0,11196068355.992971
C,3588,35,80,0,15768000.0,0.0,11196068355.992971
C,3589,35,80,0,15768000.0,0.0,11196068355.992971
C,3590,35,80,0,15768000.0,0.0,11196068355.992971
C,3591,35,80,0,15768000.0,0.0,11196068355.992971
C,3592,35,80,0,15768000.0,0.0,11196068355.992971
C,3593,35,80,0,15768000.0,0.0,11196068355.992971
C,3594,35,80,0,15768000.0,0.0,11196068355.992971
C,3595,35,80,0,15768000.0,0.0,11196068355.992971
C,3596,35,80,0,15768000.0,0.0,11196068355.992971
C,3597,35,80,0,15768000.0,0.0,11196068355.992971
C,3598,35,80,0,15768000.0,0.0,11196068355.992971
C,3599,35,80,0,15768000.0,0.0,11196068355.992971
C,3600,35,80,0,15768000.0,0.0,11196068355.992971
C,3601,35,80,0,15768000.0,0.0,11196068355.992971
C,3602,35,80,0,15768000.0,0.0,11196068355.992971
C,3603,35,80,0,15768000.0,0.0,11196068355.992971
C,3604,35,80,0,15768000.0,0.0,11196068355.992971
C,3605,35,80,0,15768000.0,0.0,11196068355.992971
C,3606,35,80,0,15768000.0,0.0,11196068355.992971
C,3607,35,80,0,15768000.0,0.0,11196068355.992971
C,3608,35,80,0,15768000.0,0.0,11196068355.992971
C,3609,35,80,0,15768000.0,0.0,11196068355.992971
C,3610,35,80,0,15768000.0,0.0,11196068355.992971
C,3611,35,80,0,15768000.0,0.0,11196068355.992971
C,3612,35,80,0,15768000.0,0.0,11196068355.992971
C,3613,35,80,0,15768000.0,0.0,11196068355.992971
C,3614,35,80,0,15768000.0,0.0,11196068355.992971
C,3615,35,80,0,15768000.0,0.0,11196068355.992971
C,3616,35,80,0,15768000.0,0.0,11196068355.992971
C,3617,35,80,0,15768000.0,0.0,11196068355.992971
C,3618,35,80,0,15768000.0,0.0,11196068355.992971
C,3619,35,80,0,15768000.0,0.0,11196068355.992971
C,3620,35,80,0,15768000.0,0.0,11196068355.992971
C,3621,35,80,0,15768000.0,0.0,11196068355.992971
C,3622,35,80,0,15768000.0,0.0,11196068355.992971
C,3623,35,80,0,15768000.0,0.0,11196068355.992971
C,3624,35,80,0,15768000.0,0.0,11196068355.992971
C,3625,35,80,0,15768000.0,0.0,11196068355.992971
C,3626,35,80,0,15768000.0,0.0,11196068355.992971
C,3627,35,80,0,15768000.0,0.0,11196068355.992971
C,3628,35,80,0,15768000.0,0.0,11196068355.992971
C,3629,35,80,0,15768000.0,0.0,11196068355.992971
C,3630,35,80,0,15768000.0,0.0,11196068355.992971
C,3631,35,80,0,15768000.0,0.0,11196068355.992971
C,3632,35,80,0,15768000.0,0.0,11196068355.992971
C,3633,35,80,0,15768000.0,0.0,11196068355.992971
C,3634,35,80,0,15768000.0,0.0,11196068355.992971
C,3635,35,80,0,15768000.0,0.0,11196068355.992971
C,3636,35,80,0,15768000.0,0.0,11196068355.992971
C,3637,35,80,0,15768000.0,0.0,11196068355.992971
C,3638,35,80,0,15768000.0,0.0,11196068355.992971
C,3639,35,80,0,15768000.0,0.0,11196068355.992971
C,3640,35,80,0,15768000.0,0.0,11196068355.992971
C,3641,35,80,0,15768000.0,0.0,11196068355.992971
C,3642,35,80,0,15768000.0,0.0,11196068355.992971
C,3643,35,80,0,15768000.0,0.0,11196068355.992971
C,3644,35,80,0,15768000.0,0.0,11196068355.992971
C,3645,35,80,0,15768000.0,0.0,11196068355.992971
C,3646,35,80,0,15768000.0,0.0,11196068355.992971
C,3647,35,80,0,15768000.0,0.0,11196068355.992971
C,3648,35,80,0,15768000.0,0.0,11196068355.992971
C,3649,35,80,0,15768000.0,0.0,11196068355.992971
C,3650,35,80,0,15768000.0,0.0,11196068355.992971
C,3651,35,80,0,15768000.0,0.0,11196068355.992971
C,3652,35,80,0,15768000.0,0.0,11196068355.992971
C,3653,35,80,0,15768000.0,0.0,11196068355.992971
C,3654,35,80,0,15768000.0,0.0,11196068355.992971
C,3655,35,80,0,15768000.0,0.0,11196068355.992971
C,3656,35,80,0,15768000.0,0.0,11196068355.992971
C,3657,35,80,0,15768000.0,0.0,11196068355.992971
C,3658,35,80,0,15768000.0,0.0,11196068355.992971
C,3659,35,80,0,15768000.0,0.0,11196068355.992971
C,3660,35,80,0,15768000.0,0.0,11196068355.992971
C,3661,35,80,0,15768000.0,0.0,11196068355.992971
C,3662,35,80,0,15768000.0,0.0,11196068355.992971
C,3663,35,80,0,15768000.0,0.0,11196068355.992971
C,3664,35,80,0,15768000.0,0.0,11196068355.992971
C,3665,35,80,0,15768000.0,0.0,11196068355.992971
C,3666,35,80,0,15768000.0,0.0,11196068355.992971
C,3667,35,80,0,15768000.0,0.0,11196068355.992971
C,3668,35,80,0,15768000.0,0.0,11196068355.992971
C,3669,35,80,0,15768000.0,0.0,11196068355.992971
C,3670,35,80,0,15768000.0,0.0,11196068355.992971
C,3671,35,80,0,15768000.0,0.0,11196068355.992971
C,3672,35,80,0,15768000.0,0.0,11196068355.992971
C,3673,35,80,0,15768000.0,0.0,11196068355.992971
C,3674,35,80,0,15768000.0,0.0,11196068355.992971
C,3675,35,80,0,15768000.0,0.0,11196068355.992971
C,3676,35,80,0,15768000.0,0.0,11196068355.992971
C,3677,35,80,0,15768000.0,0.0,11196068355.992971
C,3678,35,80,0,15768000.0,0.0,11196068355.992971
C,3679,35,80,0,15768000.0,0.0,11196068355.992971
C,3680,35,80,0,15768000.0,0.0,11196068355.992971
C,3681,35,80,0,15768000.0,0.0,11196068355.992971
C,3682,35,80,0,15768000.0,0.0,11196068355.992971
C,3683,35,80,0,15768000.0,0.0,11196068355.992971
C,3684,35,80,0,15768000.0,0.0,11196068355.992971
C,3685,35,80,0,15768000.0,0.0,11196068355.992971
C,3686,35,80,0,15768000.0,0.0,11196068355.992971
C,3687,35,80,0,15768000.0,0.0,11196068355.992971
C,3688,35,80,0,15768000.0,0.0,11196068355.992971
C,3689,35,80,0,15768000.0,0.0,11196068355.992971
C,3690,35,80,0,15768000.0,0.0,11196068355.992971
C,3691,35,80,0,15768000.0,0.0,11196068355.992971
C,3692,35,80,0,15768000.0,0.0,11196068355.992971
C,3693,35,80,0,15768000.0,0.0,11196068355.992971
C,3694,35,80,0,15768000.0,0.0,11196068355.992971
C,3695,35,80,0,15768000.0,0.0,11196068355.992971
C,3696,35,80,0,15768000.0,0.0,11196068355.992971
C,3697,35,80,0,15768000.0,0.0,11196068355.992971
C,3698,35,80,0,15768000.0,0.0,11196068355.992971
C,3699,35,80,0,15768000.0,0.0,11196068355.992971
C,3700,35,80,0,15768000.0,0.0,11196068355.992971
C,3701,35,80,0,15768000.0,0.0,11196068355.992971
C,3702,35,80,0,15768000.0,0.0,11196068355.992971
C,3703,35,80,0,15768000.0,0.0,11196068355.992971
C,3704,35,80,0,15768000.0,0.0,11196068355.992971
C,3705,35,80,0,15768000.0,0.0,11196068355.992971
C,3706,35,80,0,15768000.0,0.0,11196068355.992971
C,3707,35,80,0,15768000.0,0.0,11196068355.992971
C,3708,35,80,0,15768000.0,0.0,11196068355.992971
C,3709,35,80,0,15768000.0,0.0,11196068355.992971
C,3710,35,80,0,15768000.0,0.0,11196068355.992971
C,3711,35,80,0,15768000.0,0.0,11196068355.992971
C,3712,35,80,0,15768000.0,0.0,11196068355.992971
C,3713,35,80,0,15768000.0,0.0,11196068355.992971
C,3714,35,80,0,15768000.0,0.0,11196068355.992971
C,3715,35,80,0,15768000.0,0.0,11196068355.992971
C,3716,35,80,0,15768000.0,0.0,11196068355.992971
C,3717,35,80,0,15768000.0,0.0,11196068355.992971
C,3718,35,80,0,15768000.0,0.0,11196068355.992971
C,3719,35,80,0,15768000.0,0.0,11196068355.992971
C,3720,35,80,0,15768000.0,0.0,11196068355.992971
C,3721,35,80,0,15768000.0,0.0,11196068355.992971
C,3722,35,80,0,15768000.0,0.0,11196068355.992971
C,3723,35,80,0,15768000.0,0.0,11196068355.992971
C,3724,35,80,0,15768000.0,0.0,11196068355.992971
C,3725,35,80,0,15768000.0,0.0,11196068355.992971
C,3726,35,80,0,15768000.0,0.0,11196068355.992971
C,3727,35,80,0,15768000.0,0.0,11196068355.992971
C,3728,35,80,0,15768000.0,0.0,11196068355.992971
C,3729,35,80,0,15768000.0,0.0,11196068355.992971
C,3730,35,80,0,15768000.0,0.0,11196068355.992971
C,3731,35,80,0,15768000.0,0.0,11196068355.992971
C,3732,35,80,0,15768000.0,0.0,11196068355.992971
C,3733,35,80,0,15768000.0,0.0,11196068355.992971
C,3734,35,80,0,15768000.0,0.0,11196068355.992971
C,3735,35,80,0,15768000.0,0.0,11196068355.992971
C,3736,35,80,0,15768000.0,0.0,11196068355.992971
C,3737,35,80,0,15768000.0,0.0,11196068355.992971
C,3738,35,80,0,15768000.0,0.0,11196068355.992971
C,3739,35,80,0,15768000.0,0.0,11196068355.992971
C,3740,35,80,0,15768000.0,0.0,11196068355.992971
C,3741,35,80,0,15768000.0,0.0,11196068355.992971
C,3742,35,80,0,15768000.0,0.0,11196068355.992971
C,3743,35,80,0,15768000.0,0.0,11196068355.992971
C,3744,35,80,0,15768000.0,0.0,11196068355.992971
C,3745,35,80,0,15768000.0,0.0,11196068355.992971
C,3746,35,80,0,15768000.0,0.0,11196068355.992971
C,3747,35,80,0,15768000.0,0.0,11196068355.992971
C,3748,35,80,0,15768000.0,0.0,11196068355.992971
C,3749,35,80,0,15768000.0,0.0,11196068355.992971
C,3750,35,80,0,15768000.0,0.0,11196068355.992971
C,3751,35,80,0,15768000.0,0.0,11196068355.992971
C,3752,35,80,0,15768000.0,0.0,11196068355.992971
C,3753,35,80,0,15768000.0,0.0,11196068355.992971
C,3754,35,80,0,15768000.0,0.0,11196068355.992971
C,3755,35,80,0,15768000.0,0.0,11196068355.992971
C,3756,35,80,0,15768000.0,0.0,11196068355.992971
C,3757,35,80,0,15768000.0,0.0,11196068355.992971
C,3758,35,80,0,15768000.0,0.0,11196068355.992971
C,3759,35,80,0,15768000.0,0.0,11196068355.992971
C,3760,35,80,0,15768000.0,0.0,11196068355.992971
C,3761,35,80,0,15768000.0,0.0,11196068355.992971
C,3762,35,80,0,15768000.0,0.0,11196068355.992971
C,3763,35,80,0,15768000.0,0.0,11196068355.992971
C,3764,35,80,0,15768000.0,0.0,11196068355.992971
C,3765,35,80,0,15768000.0,0.0,11196068355.992971
C,3766,35,80,0,15768000.0,0.0,11196068355.992971
C,3767,35,80,0,15768000.0,0.0,11196068355.992971
C,3768,35,80,0,15768000.0,0.0,11196068355.992971
C,3769,35,80,0,15768000.0,0.0,11196068355.992971
C,3770,35,80,0,15768000.0,0.0,11196068355.992971
C,3771,35,80,0,15768000.0,0.0,11196068355.992971
C,3772,35,80,0,15768000.0,0.0,11196068355.992971
C,3773,35,80,0,15768000.0,0.0,11196068355.992971
C,3774,35,80,0,15768000.0,0.0,11196068355.992971
C,3775,35,80,0,15768000.0,0.0,11196068355.992971
C,3776,35,80,0,15768000.0,0.0,11196068355.992971
C,3777,35,80,0,15768000.0,0.0,11196068355.992971
C,3778,35,80,0,15768000.0,0.0,11196068355.992971
C,3779,35,80,0,15768000.0,0.0,11196068355.992971
C,3780,35,80,0,15768000.0,0.0,11196068355.992971
C,3781,35,80,0,15768000.0,0.0,11196068355.992971
C,3782,35,80,0,15768000.0,0.0,11196068355.992971
C,3783,35,80,0,15768000.0,0.0,11196068355.992971
C,3784,35,80,0,15768000.0,0.0,11196068355.992971
C,3785,35,80,0,15768000.0,0.0,11196068355.992971
C,3786,35,80,0,15768000.0,0.0,11196068355.992971
C,3787,35,80,0,15768000.0,0.0,11196068355.992971
C,3788,35,80,0,15768000.0,0.0,11196068355.992971
C,3789,35,80,0,15768000.0,0.0,11196068355.992971
C,3790,35,80,0,15768000.0,0.0,11196068355.992971
C,3791,35,80,0,15768000.0,0.0,11196068355.992971
C,3792,35,80,0,15768000.0,0.0,11196068355.992971
C,3793,35,80,0,15768000.0,0.0,11196068355.992971
C,3794,35,80,0,15768000.0,0.0,11196068355.992971
C,3795,35,80,0,15768000.0,0.0,11196068355.992971
C,3796,35,80,0,15768000.0,0.0,11196068355.992971
C,3797,35,80,0,15768000.0,0.0,11196068355.992971
C,3798,35,80,0,15768000.0,0.0,11196068355.992971
C,3799,35,80,0,15768000.0,0.0,11196068355.992971
C,3800,35,80,0,15768000.0,0.0,11196068355.992971
C,3801,35,80,0,15768000.0,0.0,11196068355.992971
C,3802,35,80,0,15768000.0,0.0,11196068355.992971
C,3803,35,80,0,15768000.0,0.0,11196068355.992971
C,3804,35,80,0,15768000.0,0.0,11196068355.992971
C,3805,35,80,0,15768000.0,0.0,11196068355.992971
C,3806,35,80,0,15768000.0,0.0,11196068355.992971
C,3807,35,80,0,15768000.0,0.0,11196068355.992971
C,3808,35,80,0,15768000.0,0.0,11196068355.992971
C,3809,35,80,0,15768000.0,0.0,11196068355.992971
C,3810,35,80,0,15768000.0,0.0,11196068355.992971
C,3811,35,80,0,15768000.0,0.0,11196068355.992971
C,3812,35,80,0,15768000.0,0.0,11196068355.992971
C,3813,35,80,0,15768000.0,0.0,11196068355.992971
C,3814,35,80,0,15768000.0,0.0,11196068355.992971
C,3815,35,80,0,15768000.0,0.0,11196068355.992971
C,3816,35,80,0,15768000.0,0.0,11196068355.992971
C,3817,35,80,0,15768000.0,0.0,11196068355.992971
C,3818,35,80,0,15768000.0,0.0,11196068355.992971
C,3819,35,80,0,15768000.0,0.0,11196068355.992971
C,3820,35,80,0,15768000.0,0.0,11196068355.992971
C,3821,35,80,0,15768000.0,0.0,11196068355.992971
C,3822,35,80,0,15768000.0,0.0,11196068355.992971
C,3823,35,80,0,15768000.0,0.0,11196068355.992971
C,3824,35,80,0,15768000.0,0.0,11196068355.992971
C,3825,35,80,0,15768000.0,0.0,11196068355.992971
C,3826,35,80,0,15768000.0,0.0,11196068355.992971
C,3827,35,80,0,15768000.0,0.0,11196068355.992971
C,3828,35,80,0,15768000.0,0.0,11196068355.992971
C,3829,35,80,0,15768000.0,0.0,11196068355.992971
C,3830,35,80,0,15768000.0,0.0,11196068355.992971
C,3831,35,80,0,15768000.0,0.0,11196068355.992971
C,3832,35,80,0,15768000.0,0.0,11196068355.992971
C,3833,35,80,0,15768000.0,0.0,11196068355.992971
C,3834,35,80,0,15768000.0,0.0,11196068355.992971
C,3835,35,80,0,15768000.0,0.0,11196068355.992971
C,3836,35,80,0,15768000.0,0.0,11196068355.992971
C,3837,35,80,0,15768000.0,0.0,11196068355.992971
C,3838,35,80,0,15768000.0,0.0,11196068355.992971
C,3839,35,80,0,15768000.0,0.0,11196068355.992971
C,3840,35,80,0,15768000.0,0.0,11196068355.992971
C,3841,35,80,0,15768000.0,0.0,11196068355.992971
C,3842,35,80,0,15768000.0,0.0,11196068355.992971
C,3843,35,80,0,15768000.0,0.0,11196068355.992971
C,3844,35,80,0,15768000.0,0.0,11196068355.992971
C,3845,35,80,0,15768000.0,0.0,11196068355.992971
C,3846,35,80,0,15768000.0,0.0,11196068355.992971
C,3847,35,80,0,15768000.0,0.0,11196068355.992971
C,3848,35,80,0,15768000.0,0.0,11196068355.992971
C,3849,35,80,0,15768000.0,0.0,11196068355.992971
C,3850,35,80,0,15768000.0,0.0,11196068355.992971
C,3851,35,80,0,15768000.0,0.0,11196068355.992971
C,3852,35,80,0,15768000.0,0.0,11196068355.992971
C,3853,35,80,0,15768000.0,0.0,11196068355.992971
C,3854,35,80,0,15768000.0,0.0,11196068355.992971
C,3855,35,80,0,15768000.0,0.0,11196068355.992971
C,3856,35,80,0,15768000.0,0.0,11196068355.992971
C,3857,35,80,0,15768000.0,0.0,11196068355.992971
C,3858,35,80,0,15768000.0,0.0,11196068355.992971
C,3859,35,80,0,15768000.0,0.0,11196068355.992971
C,3860,35,80,0,15768000.0,0.0,11196068355.992971
C,3861,35,80,0,15768000.0,0.0,11196068355.992971
C,3862,35,80,0,15768000.0,0.0,11196068355.992971
C,3863,35,80,0,15768000.0,0.0,11196068355.992971
C,3864,35,80,0,15768000.0,0.0,11196068355.992971
C,3865,35,80,0,15768000.0,0.0,11196068355.992971
C,3866,35,80,0,15768000.0,0.0,11196068355.992971
C,3867,35,80,0,15768000.0,0.0,11196068355.992971
C,3868,35,80,0,15768000.0,0.0,11196068355.992971
C,3869,35,80,0,15768000.0,0.0,11196068355.992971
C,3870,35,80,0,15768000.0,0.0,11196068355.992971
C,3871,35,80,0,15768000.0,0.0,11196068355.992971
C,3872,35,80,0,15768000.0,0.0,11196068355.992971
C,3873,35,80,0,15768000.0,0.0,11196068355.992971
C,3874,35,80,0,15768000.0,0.0,11196068355.992971
C,3875,35,80,0,15768000.0,0.0,11196068355.992971
C,3876,35,80,0,15768000.0,0.0,11196068355.992971
C,3877,35,80,0,15768000.0,0.0,11196068355.992971
C,3878,35,80,0,15768000.0,0.0,11196068355.992971
C,3879,35,80,0,15768000.0,0.0,11196068355.992971
C,3880,35,80,0,15768000.0,0.0,11196068355.992971
C,3881,35,80,0,15768000.0,0.0,11196068355.992971
C,3882,35,80,0,15768000.0,0.0,11196068355.992971
C,3883,35,80,0,15768000.0,0.0,11196068355.992971
C,3884,35,80,0,15768000.0,0.0,11196068355.992971
C,3885,35,80,0,15768000.0,0.0,11196068355.992971
C,3886,35,80,0,15768000.0,0.0,11196068355.992971
C,3887,35,80,0,15768000.0,0.0,11196068355.992971
C,3888,35,80,0,15768000.0,0.0,11196068355.992971
C,3889,35,80,0,15768000.0,0.0,11196068355.992971
C,3890,35,80,0,15768000.0,0.0,11196068355.992971
C,3891,35,80,0,15768000.0,0.0,11196068355.992971
C,3892,35,80,0,15768000.0,0.0,11196068355.992971
C,3893,35,80,0,15768000.0,0.0,11196068355.992971
C,3894,35,80,0,15768000.0,0.0,11196068355.992971
C,3895,35,80,0,15768000.0,0.0,11196068355.992971
C,3896,35,80,0,15768000.0,0.0,11196068355.992971
C,3897,35,80,0,15768000.0,0.0,11196068355.992971
C,3898,35,80,0,15768000.0,0.0,11196068355.992971
C,3899,35,80,0,15768000.0,0.0,11196068355.992971
C,3900,35,80,0,15768000.0,0.0,11196068355.992971
C,3901,35,80,0,15768000.0,0.0,11196068355.992971
C,3902,35,80,0,15768000.0,0.0,11196068355.992971
C,3903,35,80,0,15768000.0,0.0,11196068355.992971
C,3904,35,80,0,15768000.0,0.0,11196068355.992971
C,3905,35,80,0,15768000.0,0.0,11196068355.992971
C,3906,35,80,0,15768000.0,0.0,11196068355.992971
C,3907,35,80,0,15768000.0,0.0,11196068355.992971
C,3908,35,80,0,15768000.0,0.0,11196068355.992971
C,3909,35,80,0,15768000.0,0.0,11196068355.992971
C,3910,35,80,0,15768000.0,0.0,11196068355.992971
C,3911,35,80,0,15768000.0,0.0,11196068355.992971
C,3912,35,80,0,15768000.0,0.0,11196068355.992971
C,3913,35,80,0,15768000.0,0.0,11196068355.992971
C,3914,35,80,0,15768000.0,0.0,11196068355.992971
C,3915,35,80,0,15768000.0,0.0,11196068355.992971
C,3916,35,80,0,15768000.0,0.0,11196068355.992971
C,3917,35,80,0,15768000.0,0.0,11196068355.992971
C,3918,35,80,0,15768000.0,0.0,11196068355.992971
C,3919,35,80,0,15768000.0,0.0,11196068355.992971
C,3920,35,80,0,15768000.0,0.0,11196068355.992971
C,3921,35,80,0,15768000.0,0.0,11196068355.992971
C,3922,35,80,0,15768000.0,0.0,11196068355.992971
C,3923,35,80,0,15768000.0,0.0,11196068355.992971
C,3924,35,80,0,15768000.0,0.0,11196068355.992971
C,3925,35,80,0,15768000.0,0.0,11196068355.992971
C,3926,35,80,0,15768000.0,0.0,11196068355.992971
C,3927,35,80,0,15768000.0,0.0,11196068355.992971
C,3928,35,80,0,15768000.0,0.0,11196068355.992971
C,3929,35,80,0,15768000.0,0.0,11196068355.992971
C,3930,35,80,0,15768000.0,0.0,11196068355.992971
C,3931,35,80,0,15768000.0,0.0,11196068355.992971
C,3932,35,80,0,15768000.0,0.0,11196068355.992971
C,3933,35,80,0,15768000.0,0.0,11196068355.992971
C,3934,35,80,0,15768000.0,0.0,11196068355.992971
C,3935,35,80,0,15768000.0,0.0,11196068355.992971
C,3936,35,80,0,15768000.0,0.0,11196068355.992971
C,3937,35,80,0,15768000.0,0.0,11196068355.992971
C,3938,35,80,0,15768000.0,0.0,11196068355.992971
C,3939,35,80,0,15768000.0,0.0,11196068355.992971
C,3940,35,80,0,15768000.0,0.0,11196068355.992971
C,3941,35,80,0,15768000.0,0.0,11196068355.992971
C,3942,35,80,0,15768000.0,0.0,11196068355.992971
C,3943,35,80,0,15768000.0,0.0,11196068355.992971
C,3944,35,80,0,15768000.0,0.0,11196068355.992971
C,3945,35,80,0,15768000.0,0.0,11196068355.992971
C,3946,35,80,0,15768000.0,0.0,11196068355.992971
C,3947,35,80,0,15768000.0,0.0,11196068355.992971
C,3948,35,80,0,15768000.0,0.0,11196068355.992971
C,3949,35,80,0,15768000.0,0.0,11196068355.992971
C,3950,35,80,0,15768000.0,0.0,11196068355.992971
C,3951,35,80,0,15768000.0,0.0,11196068355.992971
C,3952,35,80,0,15768000.0,0.0,11196068355.992971
C,3953,35,80,0,15768000.0,0.0,11196068355.992971
C,3954,35,80,0,15768000.0,0.0,11196068355.992971
C,3955,35,80,0,15768000.0,0.0,11196068355.992971
C,3956,35,80,0,15768000.0,0.0,11196068355.992971
C,3957,35,80,0,15768000.0,0.0,11196068355.992971
C,3958,35,80,0,15768000.0,0.0,11196068355.992971
C,3959,35,80,0,15768000.0,0.0,11196068355.992971
C,3960,35,80,0,15768000.0,0.0,11196068355.992971
C,3961,35,80,0,15768000.0,0.0,11196068355.992971
C,3962,35,80,0,15768000.0,0.0,11196068355.992971
C,3963,35,80,0,15768000.0,0.0,11196068355.992971
C,3964,35,80,0,15768000.0,0.0,11196068355.992971
C,3965,35,80,0,15768000.0,0.0,11196068355.992971
C,3966,35,80,0,15768000.0,0.0,11196068355.992971
C,3967,35,80,0,15768000.0,0.0,11196068355.992971
C,3968,35,80,0,15768000.0,0.0,11196068355.992971
C,3969,35,80,0,15768000.0,0.0,11196068355.992971
C,3970,35,80,0,15768000.0,0.0,11196068355.992971
C,3971,35,80,0,15768000.0,0.0,11196068355.992971
C,3972,35,80,0,15768000.0,0.0,11196068355.992971
C,3973,35,80,0,15768000.0,0.0,11196068355.992971
C,3974,35,80,0,15768000.0,0.0,11196068355.992971
C,3975,35,80,0,15768000.0,0.0,11196068355.992971
C,3976,35,80,0,15768000.0,0.0,11196068355.992971
C,3977,35,80,0,15768000.0,0.0,11196068355.992971
C,3978,35,80,0,15768000.0,0.0,11196068355.992971
C,3979,35,80,0,15768000.0,0.0,11196068355.992971
C,3980,35,80,0,15768000.0,0.0,11196068355.992971
C,3981,35,80,0,15768000.0,0.0,11196068355.992971
C,3982,35,80,0,15768000.0,0.0,11196068355.992971
C,3983,35,80,0,15768000.0,0.0,11196068355.992971
C,3984,35,80,0,15768000.0,0.0,11196068355.992971
C,3985,35,80,0,15768000.0,0.0,11196068355.992971
C,3986,35,80,0,15768000.0,0.0,11196068355.992971
C,3987,35,80,0,15768000.0,0.0,11196068355.992971
C,3988,35,80,0,15768000.0,0.0,11196068355.992971
C,3989,35,80,0,15768000.0,0.0,11196068355.992971
C,3990,35,80,0,15768000.0,0.0,11196068355.992971
C,3991,35,80,0,15768000.0,0.0,11196068355.992971
C,3992,35,80,0,15768000.0,0.0,11196068355.992971
C,3993,35,80,0,15768000.0,0.0,11196068355.992971
C,3994,35,80,0,15768000.0,0.0,11196068355.992971
C,3995,35,80,0,15768000.0,0.0,11196068355.992971
C,3996,35,80,0,15768000.0,0.0,11196068355.992971
C,3997,35,80,0,15768000.0,0.0,11196068355.992971
C,3998,35,80,0,15768000.0,0.0,11196068355.992971
C,3999,35,80,0,15768000.0,0.0,11196068355.992971
C,4000,35,80,0,15768000.0,0.0,11196068355.992971
C,4001,35,80,0,15768000.0,0.0,11196068355.992971
C,4002,35,80,0,15768000.0,0.0,11196068355.992971
C,4003,35,80,0,15768000.0,0.0,11196068355.992971
C,4004,35,80,0,15768000.0,0.0,11196068355.992971
C,4005,35,80,0,15768000.0,0.0,11196068355.992971
C,4006,35,80,0,15768000.0,0.0,11196068355.992971
C,4007,35,80,0,15768000.0,0.0,11196068355.992971
C,4008,35,80,0,15768000.0,0.0,11196068355.992971
C,4009,35,80,0,15768000.0,0.0,11196068355.992971
C,4010,35,80,0,15768000.0,0.0,11196068355.992971
C,4011,35,80,0,15768000.0,0.0,11196068355.992971
C,4012,35,80,0,15768000.0,0.0,11196068355.992971
C,4013,35,80,0,15768000.0,0.0,11196068355.992971
C,4014,35,80,0,15768000.0,0.0,11196068355.992971
C,4015,35,80,0,15768000.0,0.0,11196068355.992971
C,4016,35,80,0,15768000.0,0.0,11196068355.992971
C,4017,35,80,0,15768000.0,0.0,11196068355.992971
C,4018,35,80,0,15768000.0,0.0,11196068355.992971
C,4019,35,80,0,15768000.0,0.0,11196068355.992971
C,4020,35,80,0,15768000.0,0.0,11196068355.992971
C,4021,35,80,0,15768000.0,0.0,11196068355.992971
C,4022,35,80,0,15768000.0,0.0,11196068355.992971
C,4023,35,80,0,15768000.0,0.0,11196068355.992971
C,4024,35,80,0,15768000.0,0.0,11196068355.992971
C,4025,35,80,0,15768000.0,0.0,11196068355.992971
C,4026,35,80,0,15768000.0,0.0,11196068355.992971
C,4027,35,80,0,15768000.0,0.0,11196068355.992971
C,4028,35,80,0,15768000.0,0.0,11196068355.992971
C,4029,35,80,0,15768000.0,0.0,11196068355.992971
C,4030,35,80,0,15768000.0,0.0,11196068355.992971
C,4031,35,80,0,15768000.0,0.0,11196068355.992971
C,4032,35,80,0,15768000.0,0.0,11196068355.992971
C,4033,35,80,0,15768000.0,0.0,11196068355.992971
C,4034,35,80,0,15768000.0,0.0,11196068355.992971
C,4035,35,80,0,15768000.0,0.0,11196068355.992971
C,4036,35,80,0,15768000.0,0.0,11196068355.992971
C,4037,35,80,0,15768000.0,0.0,11196068355.992971
C,4038,35,80,0,15768000.0,0.0,11196068355.992971
C,4039,35,80,0,15768000.0,0.0,11196068355.992971
C,4040,35,80,0,15768000.0,0.0,11196068355.992971
C,4041,35,80,0,15768000.0,0.0,11196068355.992971
C,4042,35,80,0,15768000.0,0.0,11196068355.992971
C,4043,35,80,0,15768000.0,0.0,11196068355.992971
C,4044,35,80,0,15768000.0,0.0,11196068355.992971
C,4045,35,80,0,15768000.0,0.0,11196068355.992971
C,4046,35,80,0,15768000.0,0.0,11196068355.992971
C,4047,35,80,0,15768000.0,0.0,11196068355.992971
C,4048,35,80,0,15768000.0,0.0,11196068355.992971
C,4049,35,80,0,15768000.0,0.0,11196068355.992971
C,4050,35,80,0,15768000.0,0.0,11196068355.992971
C,4051,35,80,0,15768000.0,0.0,11196068355.992971
C,4052,35,80,0,15768000.0,0.0,11196068355.992971
C,4053,35,80,0,15768000.0,0.0,11196068355.992971
C,4054,35,80,0,15768000.0,0.0,11196068355.992971
C,4055,35,80,0,15768000.0,0.0,11196068355.992971
C,4056,35,80,0,15768000.0,0.0,11196068355.992971
C,4057,35,80,0,15768000.0,0.0,11196068355.992971
C,4058,35,80,0,15768000.0,0.0,11196068355.992971
C,4059,35,80,0,15768000.0,0.0,11196068355.992971
C,4060,35,80,0,15768000.0,0.0,11196068355.992971
C,4061,35,80,0,15768000.0,0.0,11196068355.992971
C,4062,35,80,0,15768000.0,0.0,11196068355.992971
C,4063,35,80,0,15768000.0,0.0,11196068355.992971
C,4064,35,80,0,15768000.0,0.0,11196068355.992971
C,4065,35,80,0,15768000.0,0.0,11196068355.992971
C,4066,35,80,0,15768000.0,0.0,11196068355.992971
C,4067,35,80,0,15768000.0,0.0,11196068355.992971
C,4068,35,80,0,15768000.0,0.0,11196068355.992971
C,4069,35,80,0,15768000.0,0.0,11196068355.992971
C,4070,35,80,0,15768000.0,0.0,11196068355.992971
C,4071,35,80,0,15768000.0,0.0,11196068355.992971
C,4072,35,80,0,15768000.0,0.0,11196068355.992971
C,4073,35,80,0,15768000.0,0.0,11196068355.992971
C,4074,35,80,0,15768000.0,0.0,11196068355.992971
C,4075,35,80,0,15768000.0,0.0,11196068355.992971
C,4076,35,80,0,15768000.0,0.0,11196068355.992971
C,4077,35,80,0,15768000.0,0.0,11196068355.992971
C,4078,35,80,0,15768000.0,0.0,11196068355.992971
C,4079,35,80,0,15768000.0,0.0,11196068355.992971
C,4080,35,80,0,15768000.0,0.0,11196068355.992971
C,4081,35,80,0,15768000.0,0.0,11196068355.992971
C,4082,35,80,0,15768000.0,0.0,11196068355.992971
C,4083,35,80,0,15768000.0,0.0,11196068355.992971
C,4084,35,80,0,15768000.0,0.0,11196068355.992971
C,4085,35,80,0,15768000.0,0.0,11196068355.992971
C,4086,35,80,0,15768000.0,0.0,11196068355.992971
C,4087,35,80,0,15768000.0,0.0,11196068355.992971
C,4088,35,80,0,15768000.0,0.0,11196068355.992971
C,4089,35,80,0,15768000.0,0.0,11196068355.992971
C,4090,35,80,0,15768000.0,0.0,11196068355.992971
C,4091,35,80,0,15768000.0,0.0,11196068355.992971
C,4092,35,80,0,15768000.0,0.0,11196068355.992971
C,4093,35,80,0,15768000.0,0.0,11196068355.992971
C,4094,35,80,0,15768000.0,0.0,11196068355.992971
C,4095,35,80,0,15768000.0,0.0,11196068355.992971
C,4096,35,80,0,15768000.0,0.0,11196068355.992971
